review_id,decision,stage,reason,score,a_source,a_id,a_tourney,a_date,a_round,a_winner,a_loser,a_score,b_source,b_id,b_tourney,b_date,b_round,b_winner,b_loser,b_score
c2cfc9af01ab,merge,matches_vs_tennisdata,fuzzy_name,0.678,"sackmann,tml",sack:1584632489ff+tml:1584632489ff,Acapulco,2003-02-24,R16,Carlos Moya,Ricardo Mello,4-6 6-3 6-2,tennis_data,td:9379ab2b35a8,Abierto Mexicano,2003-02-26,2nd Round,Moya C.,Melo D.,4-6 6-3 6-2
4264fe67af6a,merge,matches_vs_tennisdata,fuzzy_name,0.678,"sackmann,tml",sack:a6d2776894af+tml:a6d2776894af,Acapulco,2003-02-24,R32,Ricardo Mello,Francisco Clavet,6-4 4-6 6-1,tennis_data,td:4428d9cdc739,Abierto Mexicano,2003-02-24,1st Round,Melo D.,Clavet F.,6-4 4-6 6-1
1ed27790aea8,,matches_vs_tennisdata,fuzzy_name,0.7,"sackmann,tml",sack:0ba2fb562c12+tml:0ba2fb562c12,Acapulco,2011-02-21,SF,David Ferrer,Alexandr Dolgopolov,5-7 6-1 6-1,tennis_data,td:cd8dd8a7ab79,Abierto Mexicano,2011-02-26,Semifinals,Ferrer D.,Dolgopolov O.,5-7 6-1 6-1
edebb19f2abd,,matches_vs_tennisdata,fuzzy_name,0.7,"sackmann,tml",sack:056a3908bb3d+tml:056a3908bb3d,Acapulco,2011-02-21,QF,Alexandr Dolgopolov,Stan Wawrinka,6-4 7-6(6),tennis_data,td:bb5a9c808a49,Abierto Mexicano,2011-02-25,Quarterfinals,Dolgopolov O.,Wawrinka S.,6-4 7-6
4d1a0c2f5389,,matches_vs_tennisdata,fuzzy_name,0.7,"sackmann,tml",sack:a967fc9cc5e6+tml:a967fc9cc5e6,Acapulco,2011-02-21,R16,Alexandr Dolgopolov,Carlos Berlocq,6-4 6-1,tennis_data,td:ef8a05444339,Abierto Mexicano,2011-02-23,2nd Round,Dolgopolov O.,Berlocq C.,6-4 6-1
67ca1ca3067c,,matches_vs_tennisdata,fuzzy_name,0.7,"sackmann,tml",sack:4fe4e7bec4b8+tml:4fe4e7bec4b8,Acapulco,2011-02-21,R32,Alexandr Dolgopolov,Paul Capdeville,7-5 6-2,tennis_data,td:08f9472e2585,Abierto Mexicano,2011-02-22,1st Round,Dolgopolov O.,Capdeville P.,7-5 6-2
120c6f33d0c2,,matches_vs_tennisdata,fuzzy_name,0.7,"sackmann,tml",sack:27547226e2df+tml:27547226e2df,Acapulco,2014-02-24,SF,Kevin Anderson,Alexandr Dolgopolov,6-1 5-7 6-4,tennis_data,td:c29b2f03da31,Abierto Mexicano,2014-03-01,Semifinals,Anderson K.,Dolgopolov O.,6-1 5-7 6-4
62660f6870f6,,matches_vs_tennisdata,fuzzy_name,0.7,"sackmann,tml",sack:93fa667cb676+tml:93fa667cb676,Acapulco,2014-02-24,QF,Alexandr Dolgopolov,Ivo Karlovic,6-4 7-6(4),tennis_data,td:7382185679ce,Abierto Mexicano,2014-02-27,Quarterfinals,Dolgopolov O.,Karlovic I.,6-4 7-6
b666b84a1ef8,,matches_vs_tennisdata,fuzzy_name,0.7,"sackmann,tml",sack:e183cd077b6d+tml:e183cd077b6d,Acapulco,2014-02-24,R16,Alexandr Dolgopolov,Jeremy Chardy,6-3 6-4,tennis_data,td:ebf299a45e83,Abierto Mexicano,2014-02-26,2nd Round,Dolgopolov O.,Chardy J.,6-3 6-4
0d8ef03659e7,,matches_vs_tennisdata,fuzzy_name,0.7,"sackmann,tml",sack:269a6cb08187+tml:269a6cb08187,Acapulco,2014-02-24,R32,Alexandr Dolgopolov,Vasek Pospisil,6-2 6-2,tennis_data,td:be3102d582f7,Abierto Mexicano,2014-02-26,1st Round,Dolgopolov O.,Pospisil V.,6-2 6-2
d39d8e15281e,,matches_vs_tennisdata,fuzzy_name,0.7,"sackmann,tml",sack:796628fd0fa7+tml:796628fd0fa7,Acapulco,2015-02-23,QF,Kei Nishikori,Alexandr Dolgopolov,6-4 6-4,tennis_data,td:5bd92a533551,Abierto Mexicano,2015-02-26,Quarterfinals,Nishikori K.,Dolgopolov O.,6-4 6-4
35607cea6626,,matches_vs_tennisdata,fuzzy_name,0.7,"sackmann,tml",sack:af701d6cafdc+tml:af701d6cafdc,Acapulco,2015-02-23,R16,Alexandr Dolgopolov,Andreas Haider Maurer,6-2 6-3,tennis_data,td:7c5f3eb51088,Abierto Mexicano,2015-02-25,2nd Round,Dolgopolov O.,Haider-Maurer A.,6-2 6-3
0a9f606ab679,,matches_vs_tennisdata,fuzzy_name,0.7,"sackmann,tml",sack:29e1418aaaf7+tml:29e1418aaaf7,Acapulco,2015-02-23,R32,Alexandr Dolgopolov,Sam Groth,6-3 4-6 6-0,tennis_data,td:7f03e2eea110,Abierto Mexicano,2015-02-23,1st Round,Dolgopolov O.,Groth S.,6-3 4-6 6-0
1e999d684ae4,,matches_vs_tennisdata,fuzzy_name,0.7,"sackmann,tml",sack:3f80b9ed18e9+tml:070d746e7268,Acapulco,2016-02-22,SF,Bernard Tomic,Alexandr Dolgopolov,1-6 6-4 6-3,tennis_data,td:0cf0375abc90,Abierto Mexicano,2016-02-27,Semifinals,Tomic B.,Dolgopolov O.,1-6 6-4 6-3
60b9d8552b86,,matches_vs_tennisdata,fuzzy_name,0.7,"sackmann,tml",sack:d840fc246bd7+tml:46157a02110b,Acapulco,2016-02-22,QF,Alexandr Dolgopolov,Robin Haase,6-3 6-3,tennis_data,td:4a967b803605,Abierto Mexicano,2016-02-26,Quarterfinals,Dolgopolov O.,Haase R.,6-3 6-3
701ef1f42a3b,,matches_vs_tennisdata,fuzzy_name,0.7,"sackmann,tml",sack:31857ee8ad40+tml:4f77ac6114f8,Acapulco,2016-02-22,R16,Alexandr Dolgopolov,David Ferrer,6-4 6-4,tennis_data,td:c8bd8f429005,Abierto Mexicano,2016-02-24,2nd Round,Dolgopolov O.,Ferrer D.,6-4 6-4
8ebba116cf82,,matches_vs_tennisdata,fuzzy_name,0.7,"sackmann,tml",sack:e821f5b1018b+tml:1c1324db32aa,Acapulco,2016-02-22,R32,Alexandr Dolgopolov,Steve Johnson,7-5 7-6(4),tennis_data,td:92d8d186b701,Abierto Mexicano,2016-02-24,1st Round,Dolgopolov O.,Johnson S.,7-5 7-6
2add3e857cb0,,matches_vs_tennisdata,fuzzy_name,0.7,"sackmann,tml",sack:498e8bee911c+tml:c455938b5324,Acapulco,2017-02-27,R32,Marin Cilic,Alexandr Dolgopolov,6-3 4-6 6-0,tennis_data,td:fdd0a598594a,Abierto Mexicano,2017-02-28,1st Round,Cilic M.,Dolgopolov O.,6-3 4-6 6-0
3d53cbc4a42d,,matches_vs_tennisdata,fuzzy_name,0.68,"sackmann,tml",sack:486d9cf7bdc4+tml:cb22c90ab024,Acapulco,2022-02-21,R32,Pablo Andujar,Juan Alejandro Hernandez Serrano,6-0 6-1,tennis_data,td:2ef684912eb6,Abierto Mexicano,2022-02-23,1st Round,Andujar P.,Hernandez A.,6-0 6-1
1b26b89c2b66,,matches_vs_tennisdata,fuzzy_name,0.68,"sackmann,tml",sack:610280f2c8d7+tml:779448fac2fb,Acapulco,2025-02-24,R32,Alex Michelsen,Bu Yunchaokete,2-6 7-6(5) 7-6(5),tennis_data,td:a5bb9d6f915d,Abierto Mexicano,2025-02-26,1st Round,Michelsen A.,Bu Y.,2-6 7-6 7-6
bf0d13f7e59b,,matches_vs_tennisdata,fuzzy_name,0.7,"sackmann,tml",sack:a0dcc89a4b7a+tml:66a77873f847,Adelaide,2002-12-30,R32,Adrian Voinea,Olivier Rochus,6-1 4-6 7-6(4),tennis_data,td:88cb3ca7daca,AAPT Championships,2002-12-30,1st Round,Voinea A.,Rochus C.,6-1 4-6 7-6
07c86469db49,,matches_vs_tennisdata,fuzzy_name,0.7,"sackmann,tml",sack:688d596cea04+tml:688d596cea04,Antwerp,2017-10-16,R32,Henri Laaksonen,Alexandr Dolgopolov,6-2 7-6(5),tennis_data,td:a39ce29d22c9,European Open,2017-10-17,1st Round,Laaksonen H.,Dolgopolov O.,6-2 7-6
68034864a52c,,matches_vs_tennisdata,fuzzy_name,0.7,"sackmann,tml",sack:019380ccf270+tml:019380ccf270,Atlanta,2015-07-27,R32,Go Soeda,Alexandr Dolgopolov,5-7 7-6(5) 6-3,tennis_data,td:910cdef27da8,BB&T Atlanta Open,2015-07-27,1st Round,Soeda G.,Dolgopolov O.,5-7 7-6 6-3
cc8ecbe15391,,matches_vs_tennisdata,fuzzy_name,0.7,"sackmann,tml",sack:1060e87ac268+tml:1060e87ac268,Atlanta,2016-08-01,R16,Yoshihito Nishioka,Alexandr Dolgopolov,6-3 2-6 6-1,tennis_data,td:af9e0deaa922,BB&T Atlanta Open,2016-08-04,2nd Round,Nishioka Y.,Dolgopolov O.,6-3 2-6 6-1
d532bc8f054a,,matches_vs_tennisdata,fuzzy_name,0.7,"sackmann,tml",sack:1045cdb7be4f+tml:b47341301763,Auckland,2008-01-07,R32,Albert Montanes,Jose Rubin Statham,6-4 6-4,tennis_data,td:54cce908ae38,Heineken Open,2008-01-07,1st Round,Montanes A.,Statham R.,6-4 6-4
11585db4f24e,,matches_vs_tennisdata,fuzzy_name,0.68,"sackmann,tml",sack:1cf1cee93b95+tml:fcb0ab19f508,Auckland,2025-01-06,R32,Jan Lennard Struff,Bu Yunchaokete,6-3 6-4,tennis_data,td:7482c0c93397,ASB Classic,2025-01-07,1st Round,Struff J.L.,Bu Y.,6-3 6-4
b88226b5d9b3,,matches_vs_tennisdata,fuzzy_name,0.7,"sackmann,tml",sack:09f63bcae343+tml:09f63bcae343,Australian Open,2005-01-17,R128,Tomas Zib,Jimmy Wang,7-6(5) 6-2 6-4,tennis_data,td:dad31933830f,Australian Open,2005-01-17,1st Round,Zib T.,Wang Y.T.,7-6 6-2 6-4
7923ffea915e,,matches_vs_tennisdata,fuzzy_name,0.7,"sackmann,tml",sack:9b68078f17ac+tml:9b68078f17ac,Australian Open,2006-01-16,R64,Jarkko Nieminen,Jimmy Wang,6-2 7-6(3) 6-2,tennis_data,td:3a8b624efa45,Australian Open,2006-01-18,2nd Round,Nieminen J.,Wang Y.T.,6-2 7-6 6-2
5b06378cefd4,,matches_vs_tennisdata,fuzzy_name,0.7,"sackmann,tml",sack:2b2b2a55b571+tml:2b2b2a55b571,Australian Open,2006-01-16,R128,Jimmy Wang,Mariano Zabaleta,6-2 7-5 4-1 RET,tennis_data,td:9ee34bb6a84e,Australian Open,2006-01-16,1st Round,Wang Y.T.,Zabaleta M.,6-2 7-5 4-1 Retired
cc11c47db6f9,,matches_vs_tennisdata,fuzzy_name,0.7,"sackmann,tml",sack:6a2bdbd8d322+tml:6a2bdbd8d322,Australian Open,2008-01-14,R128,Simone Bolelli,Rajeev Ram,7-6(5) 3-6 6-4 2-6 6-3,tennis_data,td:9555ec5f2543,Australian Open,2008-01-15,1st Round,Bolelli S.,Ram A.,7-6 3-6 6-4 2-6 6-3
2243b11a261b,,matches_vs_tennisdata,fuzzy_name,0.7,"sackmann,tml",sack:d59b32f8488b+tml:d59b32f8488b,Australian Open,2011-01-17,QF,Andy Murray,Alexandr Dolgopolov,7-5 6-3 6-7(3) 6-3,tennis_data,td:ae8a60b6fb05,Australian Open,2011-01-26,Quarterfinals,Murray A.,Dolgopolov O.,7-5 6-3 6-7 6-3
f53ac0d89415,,matches_vs_tennisdata,fuzzy_name,0.7,"sackmann,tml",sack:a182a32f01a6+tml:a182a32f01a6,Australian Open,2011-01-17,R16,Alexandr Dolgopolov,Robin Soderling,1-6 6-3 6-1 4-6 6-2,tennis_data,td:2041479ea7f6,Australian Open,2011-01-24,4th Round,Dolgopolov O.,Soderling R.,1-6 6-3 6-1 4-6 6-2
28bf6a2cc591,,matches_vs_tennisdata,fuzzy_name,0.7,"sackmann,tml",sack:27e18826234f+tml:27e18826234f,Australian Open,2011-01-17,R32,Alexandr Dolgopolov,Jo-Wilfried Tsonga,3-6 6-3 3-6 6-1 6-1,tennis_data,td:3a4cc6f9de77,Australian Open,2011-01-22,3rd Round,Dolgopolov O.,Tsonga J.W.,3-6 6-3 3-6 6-1 6-1
62f66dda3c43,,matches_vs_tennisdata,fuzzy_name,0.7,"sackmann,tml",sack:508b0b5f19db+tml:508b0b5f19db,Australian Open,2011-01-17,R64,Alexandr Dolgopolov,Benjamin Becker,6-3 6-0 3-6 7-6(3),tennis_data,td:be81dd9151bc,Australian Open,2011-01-20,2nd Round,Dolgopolov O.,Becker B.,6-3 6-0 3-6 7-6
f9857a531646,,matches_vs_tennisdata,fuzzy_name,0.7,"sackmann,tml",sack:fc911d05f5df+tml:fc911d05f5df,Australian Open,2011-01-17,R128,Alexandr Dolgopolov,Mikhail Kukushkin,6-3 6-2 6-4,tennis_data,td:1ce4da592832,Australian Open,2011-01-18,1st Round,Dolgopolov O.,Kukushkin M.,6-3 6-2 6-4
25096c746d0a,,matches_vs_tennisdata,fuzzy_name,0.7,"sackmann,tml",sack:faff4fdeeb9f+tml:faff4fdeeb9f,Australian Open,2012-01-16,R32,Bernard Tomic,Alexandr Dolgopolov,4-6 7-6(0) 7-6(6) 2-6 6-3,tennis_data,td:5c849e47609c,Australian Open,2012-01-20,3rd Round,Tomic B.,Dolgopolov O.,4-6 7-6 7-6 2-6 6-3
fb5fe9d894ab,,matches_vs_tennisdata,fuzzy_name,0.7,"sackmann,tml",sack:93a94ae75ed1+tml:93a94ae75ed1,Australian Open,2012-01-16,R64,Alexandr Dolgopolov,Tobias Kamke,4-6 6-1 6-1 3-6 8-6,tennis_data,td:efe5cd93d79c,Australian Open,2012-01-18,2nd Round,Dolgopolov O.,Kamke T.,4-6 6-1 6-1 3-6 8-6
c4b332cb6d1a,,matches_vs_tennisdata,fuzzy_name,0.7,"sackmann,tml",sack:c0ae86377a07+tml:c0ae86377a07,Australian Open,2012-01-16,R128,Alexandr Dolgopolov,Greg Jones,1-6 4-6 6-1 6-1 6-2,tennis_data,td:122d2942cb86,Australian Open,2012-01-16,1st Round,Dolgopolov O.,Jones G.,1-6 4-6 6-1 6-1 6-2
9cd42c831c02,,matches_vs_tennisdata,fuzzy_name,0.7,"sackmann,tml",sack:b86c42475b2a+tml:b86c42475b2a,Australian Open,2013-01-14,R128,Gael Monfils,Alexandr Dolgopolov,6-7(7) 7-6(4) 6-3 6-3,tennis_data,td:ab8aa5fd3463,Australian Open,2013-01-15,1st Round,Monfils G.,Dolgopolov O.,6-7 7-6 6-3 6-3
0401a41f1856,,matches_vs_tennisdata,fuzzy_name,0.7,"sackmann,tml",sack:54c3771a4a6c+tml:54c3771a4a6c,Australian Open,2014-01-13,R64,Jeremy Chardy,Alexandr Dolgopolov,7-5 7-6(5) 6-7(3) 7-6(5),tennis_data,td:2334a6936eb8,Australian Open,2014-01-15,2nd Round,Chardy J.,Dolgopolov O.,7-5 7-6 6-7 7-6
ca33b54ef3b1,,matches_vs_tennisdata,fuzzy_name,0.7,"sackmann,tml",sack:8dbcf74d523c+tml:8dbcf74d523c,Australian Open,2014-01-13,R128,Alexandr Dolgopolov,Ricardas Berankis,7-5 7-5 6-2,tennis_data,td:f8bd1ade25d7,Australian Open,2014-01-13,1st Round,Dolgopolov O.,Berankis R.,7-5 7-5 6-2
e71ff84f7ff3,,matches_vs_tennisdata,fuzzy_name,0.7,"sackmann,tml",sack:58f2b68a8876+tml:58f2b68a8876,Australian Open,2015-01-19,R128,Paolo Lorenzi,Alexandr Dolgopolov,6-4 6-3 6-2,tennis_data,td:16c6ed282da0,Australian Open,2015-01-20,1st Round,Lorenzi P.,Dolgopolov O.,6-4 6-3 6-2
3ed07c0447c3,,matches_vs_tennisdata,fuzzy_name,0.7,"sackmann,tml",sack:db5b64fbd960+tml:db5b64fbd960,Australian Open,2016-01-18,R64,Roger Federer,Alexandr Dolgopolov,6-3 7-5 6-1,tennis_data,td:9000f07e2932,Australian Open,2016-01-20,2nd Round,Federer R.,Dolgopolov O.,6-3 7-5 6-1
948cfa779fd4,,matches_vs_tennisdata,fuzzy_name,0.7,"sackmann,tml",sack:84f87740aea8+tml:84f87740aea8,Australian Open,2016-01-18,R128,Alexandr Dolgopolov,Ricardas Berankis,6-1 3-6 6-4 6-2,tennis_data,td:e14411ecd80d,Australian Open,2016-01-18,1st Round,Dolgopolov O.,Berankis R.,6-1 3-6 6-4 6-2
658a10973163,,matches_vs_tennisdata,fuzzy_name,0.7,"sackmann,tml",sack:b0a91ff1e9ee+tml:b0a91ff1e9ee,Australian Open,2017-01-16,R64,Gael Monfils,Alexandr Dolgopolov,6-3 6-4 1-6 6-0,tennis_data,td:295553b4e475,Australian Open,2017-01-19,2nd Round,Monfils G.,Dolgopolov O.,6-3 6-4 1-6 6-0
71d1bd9315da,,matches_vs_tennisdata,fuzzy_name,0.7,"sackmann,tml",sack:08d177492f9a+tml:08d177492f9a,Australian Open,2017-01-16,R128,Alexandr Dolgopolov,Borna Coric,6-3 6-4 3-6 7-6(7),tennis_data,td:c32552561ad2,Australian Open,2017-01-17,1st Round,Dolgopolov O.,Coric B.,6-3 6-4 3-6 7-6
c94a1b4192c8,,matches_vs_tennisdata,fuzzy_name,0.7,"sackmann,tml",sack:5b84deaebbb2+tml:5b84deaebbb2,Australian Open,2018-01-15,R32,Diego Schwartzman,Alexandr Dolgopolov,6-7(1) 6-2 6-3 6-3,tennis_data,td:90aed1353478,Australian Open,2018-01-19,3rd Round,Schwartzman D.,Dolgopolov O.,6-7 6-2 6-3 6-3
1cd6d6717545,,matches_vs_tennisdata,fuzzy_name,0.7,"sackmann,tml",sack:e961a2721ff8+tml:e961a2721ff8,Australian Open,2018-01-15,R64,Alexandr Dolgopolov,Matthew Ebden,7-6(0) 6-3 6-4,tennis_data,td:ab2d0ece011c,Australian Open,2018-01-17,2nd Round,Dolgopolov O.,Ebden M.,7-6 6-3 6-4
eaeb055db510,,matches_vs_tennisdata,fuzzy_name,0.7,"sackmann,tml",sack:002a0e6fb4ca+tml:002a0e6fb4ca,Australian Open,2018-01-15,R128,Alexandr Dolgopolov,Andreas Haider Maurer,7-6(3) 6-3 6-4,tennis_data,td:24ddd7a76cbd,Australian Open,2018-01-15,1st Round,Dolgopolov O.,Haider-Maurer A.,7-6 6-3 6-4
83a396e65368,,matches_vs_tennisdata,fuzzy_name,0.68,"sackmann,tml",sack:3d774b1fd3f7+tml:3d774b1fd3f7,Australian Open,2022-01-17,R128,Taro Daniel,Tomas Barrios Vera,7-6(5) 6-1 6-1,tennis_data,td:b116b6c46d6c,Australian Open,2022-01-18,1st Round,Daniel T.,Barrios M.,7-6 6-1 6-1
2aa62d6cce78,,matches_vs_tennisdata,fuzzy_name,0.68,"sackmann,tml",sack:128ee0062f1d+tml:128ee0062f1d,Australian Open,2023-01-16,R128,Alexei Popyrin,Chun Hsin Tseng,4-6 7-6(5) 6-7(5) 7-6(4) 6-1,tennis_data,td:a9fa6da4c107,Australian Open,2023-01-17,1st Round,Popyrin A.,Tseng C. H.,4-6 7-6 6-7 7-6 6-1
aa33ad89d906,,matches_vs_tennisdata,fuzzy_name,0.68,"sackmann,tml",sack:2fc52a5fa76d+tml:2fc52a5fa76d,Australian Open,2023-01-16,R128,Alexander Zverev,Juan Pablo Varillas,4-6 6-1 5-7 7-6(3) 6-4,tennis_data,td:2950937a4a56,Australian Open,2023-01-17,1st Round,Zverev A.,Varillas J. P.,4-6 6-1 5-7 7-6 6-4
3b948c7fc910,,matches_vs_tennisdata,fuzzy_name,0.68,"sackmann,tml",sack:c388dc7eb7db+tml:c388dc7eb7db,Australian Open,2024-01-15,R128,Cameron Norrie,Juan Pablo Varillas,6-4 6-4 6-2,tennis_data,td:2c9570027f01,Australian Open,2024-01-16,1st Round,Norrie C.,Varillas J. P.,6-4 6-4 6-2
bcf177611b8d,,matches_vs_tennisdata,fuzzy_name,0.68,"sackmann,tml",sack:2ff3ff45014f+tml:15a6ea1a51e3,Australian Open,2025-01-13,R128,Hady Habib,Bu Yunchaokete,7-6(4) 6-4 7-6(6),tennis_data,td:a64b868561f0,Australian Open,2025-01-12,1st Round,Habib H.,Bu Y.,7-6 6-4 7-6
fcd2a3fb3a63,,matches_vs_tennisdata,fuzzy_name,0.68,"sackmann,tml",sack:b34b68a1108f+tml:c75f27894220,Australian Open,2026-01-19,R128,Denis Shapovalov,Bu Yunchaokete,6-3 7-6(3) 6-1,tennis_data,td:849164d7a731,Australian Open,2026-01-19,1st Round,Shapovalov D.,Bu Y.,6-3 7-6 6-1
4e42fc56fae9,,matches_vs_tennisdata,fuzzy_name,0.7,"sackmann,tml",sack:2aef0615d228+tml:2aef0615d228,Bangkok,2005-09-26,QF,Jarkko Nieminen,Jimmy Wang,6-4 6-7(3) 6-4,tennis_data,td:3fda5da913f5,Thailand Open,2005-09-30,Quarterfinals,Nieminen J.,Wang Y.T.,6-4 6-7 6-4
c76a4ad27d3e,,matches_vs_tennisdata,fuzzy_name,0.7,"sackmann,tml",sack:307942bf330a+tml:307942bf330a,Bangkok,2005-09-26,R16,Jimmy Wang,Tommy Haas,7-5 6-3,tennis_data,td:b9c646463aca,Thailand Open,2005-09-29,2nd Round,Wang Y.T.,Haas T.,7-5 6-3
51b966060be1,,matches_vs_tennisdata,fuzzy_name,0.7,"sackmann,tml",sack:a916a8e55d1f+tml:a916a8e55d1f,Bangkok,2005-09-26,R32,Jimmy Wang,Kevin Kim,6-3 7-6(8),tennis_data,td:083c6ec46b04,Thailand Open,2005-09-26,1st Round,Wang Y.T.,Kim K.,6-3 7-6
adb290126859,,matches_vs_tennisdata,fuzzy_name,0.7,"sackmann,tml",sack:34820a0da38b+tml:34820a0da38b,Bangkok,2006-09-25,R32,Alex Bogdanovic,Jimmy Wang,6-7(7) 6-4 6-4,tennis_data,td:1c5c6e811270,Thailand Open,2006-09-26,1st Round,Bogdanovic A.,Wang Y.T.,6-7 6-4 6-4
e01c89631595,,matches_vs_tennisdata,fuzzy_name,0.7,"sackmann,tml",sack:9680d3c12d53+tml:9680d3c12d53,Bangkok,2007-09-24,QF,Dmitry Tursunov,Jimmy Wang,4-6 6-2 6-4,tennis_data,td:03dbe2e371e1,Thailand Open,2007-09-28,Quarterfinals,Tursunov D.,Wang Y.T.,4-6 6-2 6-4
1d030c2b00aa,,matches_vs_tennisdata,fuzzy_name,0.7,"sackmann,tml",sack:493e822f88f3+tml:493e822f88f3,Bangkok,2007-09-24,R16,Jimmy Wang,Nick Lindahl,6-3 6-3,tennis_data,td:77834c60e949,Thailand Open,2007-09-27,2nd Round,Wang Y.T.,Lindahl N.,6-3 6-3
949145aaa611,,matches_vs_tennisdata,fuzzy_name,0.7,"sackmann,tml",sack:bb81142b2c7d+tml:bb81142b2c7d,Bangkok,2007-09-24,R32,Jimmy Wang,Phillip King,6-3 6-3,tennis_data,td:c66857d2bc29,Thailand Open,2007-09-26,1st Round,Wang Y.T.,King P.,6-3 6-3
6a9a9370bae9,,matches_vs_tennisdata,fuzzy_name,0.68,"sackmann,tml",sack:7609959eedec+tml:7609959eedec,Banja Luka,2023-04-17,R16,Andrey Rublev,Juan Pablo Varillas,6-2 6-2,tennis_data,td:c32867b92f80,Srpska Open,2023-04-20,2nd Round,Rublev A.,Varillas J. P.,6-2 6-2
7873d2fe6157,,matches_vs_tennisdata,fuzzy_name,0.68,"sackmann,tml",sack:55f6e2e446be+tml:55f6e2e446be,Banja Luka,2023-04-17,R32,Juan Pablo Varillas,Hugo Gaston,7-5 6-3,tennis_data,td:36195e460e9b,Srpska Open,2023-04-19,1st Round,Varillas J. P.,Gaston H.,7-5 6-3
e7ec0fc2e1da,,matches_vs_tennisdata,fuzzy_name,0.7,"sackmann,tml",sack:d101c8e27a46+tml:d101c8e27a46,Barcelona,2005-04-18,R64,Francisco Fogues,Christophe Rochus,7-6(10) 1-6 6-3,tennis_data,td:cf7d8044206d,Open Seat Godo,2005-04-18,1st Round,Fogues F.,Rochus O.,7-6 1-6 6-3
ba27f7bd466a,,matches_vs_tennisdata,fuzzy_name,0.7,"sackmann,tml",sack:0474ceb30c6f+tml:0474ceb30c6f,Barcelona,2010-04-19,R64,Feliciano Lopez,Alexandr Dolgopolov,6-3 3-0 RET,tennis_data,td:38336e1e79fa,Open Banco Sabadell,2010-04-20,1st Round,Lopez F.,Dolgopolov O.,6-3 3-0 Retired
2437a823748a,,matches_vs_tennisdata,fuzzy_name,0.7,"sackmann,tml",sack:5c38a89e6e89+tml:5c38a89e6e89,Barcelona,2011-04-18,R64,Nikolay Davydenko,Alexandr Dolgopolov,6-4 7-6(6),tennis_data,td:714dd7292c48,Open Banco Sabadell,2011-04-19,1st Round,Davydenko N.,Dolgopolov O.,6-4 7-6
fa84146b3b80,,matches_vs_tennisdata,fuzzy_name,0.7,"sackmann,tml",sack:80930d995a30+tml:80930d995a30,Barcelona,2014-04-21,R32,Albert Montanes,Alexandr Dolgopolov,7-6(5) 6-3,tennis_data,td:edfa4b814535,Open Banco Sabadell,2014-04-23,2nd Round,Montanes A.,Dolgopolov O.,7-6 6-3
ff37b5df512d,,matches_vs_tennisdata,fuzzy_name,0.7,"sackmann,tml",sack:afb4f0297e36+tml:afb4f0297e36,Barcelona,2016-04-18,QF,Kei Nishikori,Alexandr Dolgopolov,7-5 6-0,tennis_data,td:83a141df192b,Open Banco Sabadell,2016-04-22,Quarterfinals,Nishikori K.,Dolgopolov O.,7-5 6-0
bc9179c6a2c0,,matches_vs_tennisdata,fuzzy_name,0.7,"sackmann,tml",sack:55aecb300e36+tml:55aecb300e36,Barcelona,2016-04-18,R16,Alexandr Dolgopolov,Karen Khachanov,6-4 7-5,tennis_data,td:8b9007006df9,Open Banco Sabadell,2016-04-21,3rd Round,Dolgopolov O.,Khachanov K.,6-4 7-5
d70eff016fd0,,matches_vs_tennisdata,fuzzy_name,0.7,"sackmann,tml",sack:8fd351a9a418+tml:8fd351a9a418,Barcelona,2016-04-18,R32,Alexandr Dolgopolov,Evgeny Donskoy,4-6 7-6(9) 6-4,tennis_data,td:fbff634435c4,Open Banco Sabadell,2016-04-19,2nd Round,Dolgopolov O.,Donskoy E.,4-6 7-6 6-4
4e6b65041e49,,matches_vs_tennisdata,fuzzy_name,0.7,"sackmann,tml",sack:f0883af281e7+tml:f0883af281e7,Basel,2010-11-01,R32,Roger Federer,Alexandr Dolgopolov,6-4 5-2 RET,tennis_data,td:15e53d46bac9,Swiss Indoors,2010-11-01,1st Round,Federer R.,Dolgopolov O.,6-4 5-2 Retired
da6d2af43703,,matches_vs_tennisdata,fuzzy_name,0.7,"sackmann,tml",sack:215f946ed2ed+tml:215f946ed2ed,Basel,2013-10-21,R16,Grigor Dimitrov,Alexandr Dolgopolov,6-3 6-2,tennis_data,td:c2dce105a9dc,Swiss Indoors,2013-10-24,2nd Round,Dimitrov G.,Dolgopolov O.,6-3 6-2
b301a6579cca,,matches_vs_tennisdata,fuzzy_name,0.7,"sackmann,tml",sack:aa48aa9fe33b+tml:aa48aa9fe33b,Basel,2013-10-21,R32,Alexandr Dolgopolov,Kenny De Schepper,6-4 6-4,tennis_data,td:a902e4a5b716,Swiss Indoors,2013-10-21,1st Round,Dolgopolov O.,De Schepper K.,6-4 6-4
8311094a46a0,,matches_vs_tennisdata,fuzzy_name,0.7,"sackmann,tml",sack:057cd02ade4a+tml:057cd02ade4a,Basel,2015-10-26,R32,Dusan Lajovic,Alexandr Dolgopolov,6-4 2-0 RET,tennis_data,td:cab845d9ed3a,Swiss Indoors,2015-10-27,1st Round,Lajovic D.,Dolgopolov O.,6-4 2-0 Retired
e7c036c69957,,matches_vs_tennisdata,fuzzy_name,0.7,"sackmann,tml",sack:521d256b4681+tml:521d256b4681,Basel,2017-10-23,R32,Ryan Harrison,Alexandr Dolgopolov,6-4 6-1,tennis_data,td:6bfbe07c8e00,Swiss Indoors,2017-10-24,1st Round,Harrison R.,Dolgopolov O.,6-4 6-1
754d57eeaebe,,matches_vs_tennisdata,fuzzy_name,0.7,"sackmann,tml",sack:deedadb510d7+tml:deedadb510d7,Bastad,2003-07-07,R32,Adrian Voinea,Filip Prpic,7-6(2) 6-2,tennis_data,td:72683519b068,Swedish Open,2003-07-07,1st Round,Voinea A.,Prpic A.,7-6 6-2
a0c442523f92,,matches_vs_tennisdata,fuzzy_name,0.7,"sackmann,tml",sack:1d399d1c4a4d+tml:1d399d1c4a4d,Bastad,2004-07-05,R16,Juan Ignacio Chela,Fernando Verdasco,6-4 7-5,tennis_data,td:7d3b1797e677,Swedish Open,2004-07-08,2nd Round,Chela J.I.,Verdasco M.,6-4 7-5
262a7f7acf2f,,matches_vs_tennisdata,fuzzy_name,0.7,"sackmann,tml",sack:90c35107ae31+tml:90c35107ae31,Bastad,2004-07-05,R32,Fernando Verdasco,Thomas Johansson,6-1 6-4,tennis_data,td:8bfb2cb076bc,Swedish Open,2004-07-05,1st Round,Verdasco M.,Johansson T.,6-1 6-4
9ab9f332cf79,,matches_vs_tennisdata,fuzzy_name,0.7,"sackmann,tml",sack:46bf8e45c4b5+tml:46bf8e45c4b5,Bastad,2006-07-10,R32,Oliver Marach,Filip Prpic,6-3 6-7(2) 6-2,tennis_data,td:889d19fa2716,Synsam Swedish Open,2006-07-10,1st Round,Marach O.,Prpic A.,6-3 6-7 6-2
c0881802a735,,matches_vs_tennisdata,fuzzy_name,0.7,"sackmann,tml",sack:6dcf39fbb41c+tml:6dcf39fbb41c,Bastad,2017-07-17,F,David Ferrer,Alexandr Dolgopolov,6-4 6-4,tennis_data,td:0c35eaa667db,SkiStar Swedish Open,2017-07-23,The Final,Ferrer D.,Dolgopolov O.,6-4 6-4
e91f3fb4b766,,matches_vs_tennisdata,fuzzy_name,0.7,"sackmann,tml",sack:3998621198cb+tml:3998621198cb,Bastad,2017-07-17,SF,Alexandr Dolgopolov,Andrey Kuznetsov,6-3 6-2,tennis_data,td:5b5270d9afbe,SkiStar Swedish Open,2017-07-22,Semifinals,Dolgopolov O.,Kuznetsov An.,6-3 6-2
2eaafa9cb2ca,,matches_vs_tennisdata,fuzzy_name,0.7,"sackmann,tml",sack:b022bb32681f+tml:b022bb32681f,Bastad,2017-07-17,QF,Alexandr Dolgopolov,Karen Khachanov,7-6(5) 3-6 7-6(2),tennis_data,td:943a08c8fc4a,SkiStar Swedish Open,2017-07-21,Quarterfinals,Dolgopolov O.,Khachanov K.,7-6 3-6 7-6
91c74a6eecfc,,matches_vs_tennisdata,fuzzy_name,0.7,"sackmann,tml",sack:04c60ff3ba1c+tml:04c60ff3ba1c,Bastad,2017-07-17,R16,Alexandr Dolgopolov,Horacio Zeballos,6-4 6-4,tennis_data,td:e48510dadc04,SkiStar Swedish Open,2017-07-20,2nd Round,Dolgopolov O.,Zeballos H.,6-4 6-4
8ab2738960d8,,matches_vs_tennisdata,fuzzy_name,0.7,"sackmann,tml",sack:01a8e7c5103e+tml:01a8e7c5103e,Bastad,2017-07-17,R32,Alexandr Dolgopolov,Leonardo Mayer,6-3 6-2,tennis_data,td:9befa669f757,SkiStar Swedish Open,2017-07-18,1st Round,Dolgopolov O.,Mayer L.,6-3 6-2
1094f5a8ae80,,matches_vs_tennisdata,fuzzy_name,0.68,"sackmann,tml",sack:8589ff7ca151+tml:8589ff7ca151,Bastad,2025-07-14,R32,Mariano Navone,Tomas Barrios Vera,7-5 7-5,tennis_data,td:1ca6aae75213,Nordea Open,2025-07-16,1st Round,Navone M.,Barrios M.,7-5 7-5
dadeb60035ae,,matches_vs_tennisdata,fuzzy_name,0.7,tml,tml:23bd1968c533,Bastad,2026-07-14,R32,Adolfo Daniel Vallejo,Miguel Damas,6-3 6-3,tennis_data,td:0f80c90d506e,Nordea Open,2026-07-14,1st Round,Vallejo D.,Damas M.,6-3 6-3
0e70553b5070,,matches_vs_tennisdata,fuzzy_name,0.7,tml,tml:ae97496aed6b,Bastad,2026-07-15,R16,Adolfo Daniel Vallejo,Botic van de Zandschulp,4-6 6-3 7-6(4),tennis_data,td:00b1065169e7,Nordea Open,2026-07-15,2nd Round,Vallejo D.,Van De Zandschulp B.,4-6 6-3 7-6
022958215c67,,matches_vs_tennisdata,fuzzy_name,0.7,tml,tml:cec8e1a6599c,Bastad,2026-07-17,QF,Adolfo Daniel Vallejo,Stefano Travaglia,7-6(5) 6-2,tennis_data,td:6338389ba364,Nordea Open,2026-07-17,Quarterfinals,Vallejo D.,Travaglia S.,7-6 6-2
b1452e237ed5,,matches_vs_tennisdata,fuzzy_name,0.7,tml,tml:68a21c6e219f,Bastad,2026-07-18,SF,Luciano Darderi,Adolfo Daniel Vallejo,6-4 6-7(11) 6-3,tennis_data,td:1911fd9ead03,Nordea Open,2026-07-18,Semifinals,Darderi L.,Vallejo D.,6-4 6-7 6-3
b1e22cad81ee,,matches_vs_tennisdata,fuzzy_name,0.7,"sackmann,tml",sack:fe9baca5bbc6+tml:fe9baca5bbc6,Beijing,2005-09-12,R32,Rafael Nadal,Jimmy Wang,6-2 6-4,tennis_data,td:2c111c493740,China Open,2005-09-14,1st Round,Nadal R.,Wang Y.T.,6-2 6-4
ec5023db4953,,matches_vs_tennisdata,fuzzy_name,0.7,"sackmann,tml",sack:be540437e438+tml:be540437e438,Beijing,2006-09-11,R16,Marcos Baghdatis,Jimmy Wang,7-6(4) 6-4,tennis_data,td:bfd997950195,China Open,2006-09-13,2nd Round,Baghdatis M.,Wang Y.T.,7-6 6-4
2549478f935b,,matches_vs_tennisdata,fuzzy_name,0.7,"sackmann,tml",sack:bbf08659491e+tml:bbf08659491e,Beijing,2006-09-11,R32,Jimmy Wang,Xin Yuan Yu,6-1 6-4,tennis_data,td:437179b0bc4e,China Open,2006-09-11,1st Round,Wang Y.T.,Yu X.Y.,6-1 6-4
f43638136a69,,matches_vs_tennisdata,fuzzy_name,0.7,"sackmann,tml",sack:6902db8b5e1d+tml:6902db8b5e1d,Beijing,2010-10-04,R16,Ivan Ljubicic,Alexandr Dolgopolov,6-3 7-6(2),tennis_data,td:63b8bee187e0,China Open,2010-10-07,2nd Round,Ljubicic I.,Dolgopolov O.,6-3 7-6
f53d6893eebd,,matches_vs_tennisdata,fuzzy_name,0.7,"sackmann,tml",sack:5e5077f7fe10+tml:5e5077f7fe10,Beijing,2010-10-04,R32,Alexandr Dolgopolov,Marcos Baghdatis,6-4 6-4,tennis_data,td:3453e0e87c87,China Open,2010-10-05,1st Round,Dolgopolov O.,Baghdatis M.,6-4 6-4
f0ff3e29b5cf,,matches_vs_tennisdata,fuzzy_name,0.7,"sackmann,tml",sack:687e410aae82+tml:687e410aae82,Beijing,2011-10-03,R32,Flavio Cipolla,Alexandr Dolgopolov,6-1 1-6 6-0,tennis_data,td:7744b6f3d75d,China Open,2011-10-03,1st Round,Cipolla F.,Dolgopolov O.,6-1 1-6 6-0
64fb004fa8db,,matches_vs_tennisdata,fuzzy_name,0.7,"sackmann,tml",sack:4240dfaf3724+tml:4240dfaf3724,Beijing,2012-10-01,R16,Jurgen Melzer,Alexandr Dolgopolov,7-6(9) 2-6 6-1,tennis_data,td:05849382f392,China Open,2012-10-03,2nd Round,Melzer J.,Dolgopolov O.,7-6 2-6 6-1
f2784b314d43,,matches_vs_tennisdata,fuzzy_name,0.7,"sackmann,tml",sack:ac3386b5b34d+tml:ac3386b5b34d,Beijing,2012-10-01,R32,Alexandr Dolgopolov,Guillermo Garcia Lopez,6-0 6-4,tennis_data,td:bd06257f6770,China Open,2012-10-01,1st Round,Dolgopolov O.,Garcia-Lopez G.,6-0 6-4
4e92a2c09b9f,,matches_vs_tennisdata,fuzzy_name,0.68,"sackmann,tml",sack:6cb70b64c578+tml:ff1808250bd1,Beijing,2024-09-26,SF,Jannik Sinner,Bu Yunchaokete,6-3 7-6(3),tennis_data,td:d732b756fae8,China Open,2024-10-01,Semifinals,Sinner J.,Bu Y.,6-3 7-6
f5283c3303db,,matches_vs_tennisdata,fuzzy_name,0.68,"sackmann,tml",sack:f246b9a31d62+tml:b68a6d70d2b4,Beijing,2024-09-26,QF,Bu Yunchaokete,Andrey Rublev,7-5 6-4,tennis_data,td:dd977bdd190d,China Open,2024-09-30,Quarterfinals,Bu Y.,Rublev A.,7-5 6-4
4a920eeacf78,,matches_vs_tennisdata,fuzzy_name,0.68,"sackmann,tml",sack:ad322d8a16ec+tml:c1e0dedd6545,Beijing,2024-09-26,R16,Bu Yunchaokete,Lorenzo Musetti,6-2 6-4,tennis_data,td:e8724770b8dd,China Open,2024-09-29,2nd Round,Bu Y.,Musetti L.,6-2 6-4
ef5f34e5307f,,matches_vs_tennisdata,fuzzy_name,0.68,"sackmann,tml",sack:72aad2e5c1bd+tml:2000b08d0579,Beijing,2024-09-26,R32,Bu Yunchaokete,Juncheng Shang,6-7(3) 6-2 6-4,tennis_data,td:15cacc9c4139,China Open,2024-09-27,1st Round,Bu Y.,Shang J.,6-7 6-2 6-4
b0268cb6f5db,,matches_vs_tennisdata,fuzzy_name,0.68,"sackmann,tml",sack:a58fb00c5221+tml:2f3a44a7c149,Beijing,2025-09-25,R32,Alex De Minaur,Bu Yunchaokete,6-4 6-0,tennis_data,td:ec3b635c0bcb,China Open,2025-09-26,1st Round,De Minaur A.,Bu Y.,6-4 6-0
e8d608213880,,matches_vs_tennisdata,fuzzy_name,0.7,"sackmann,tml",sack:46206d9f23dc+tml:46206d9f23dc,Brisbane,2010-01-03,R16,Radek Stepanek,Alexandr Dolgopolov,5-7 7-6(4) 6-2,tennis_data,td:9f11c4bf8f00,Brisbane International,2010-01-06,2nd Round,Stepanek R.,Dolgopolov O.,5-7 7-6 6-2
e109453fb5ba,,matches_vs_tennisdata,fuzzy_name,0.7,"sackmann,tml",sack:26db154e4d43+tml:26db154e4d43,Brisbane,2010-01-03,R32,Alexandr Dolgopolov,Bernard Tomic,6-4 6-4,tennis_data,td:5e45c9ef3dc1,Brisbane International,2010-01-05,1st Round,Dolgopolov O.,Tomic B.,6-4 6-4
0f527dbc13f0,,matches_vs_tennisdata,fuzzy_name,0.7,"sackmann,tml",sack:69f8f246afe3+tml:69f8f246afe3,Brisbane,2011-01-02,R16,Andy Roddick,Alexandr Dolgopolov,6-4 6-1,tennis_data,td:fe6714d9618f,Brisbane International,2011-01-05,2nd Round,Roddick A.,Dolgopolov O.,6-4 6-1
9a3cfea5b58e,,matches_vs_tennisdata,fuzzy_name,0.7,"sackmann,tml",sack:834586a3837a+tml:834586a3837a,Brisbane,2011-01-02,R32,Alexandr Dolgopolov,Igor Andreev,6-4 6-2,tennis_data,td:59db986ab1d1,Brisbane International,2011-01-03,1st Round,Dolgopolov O.,Andreev I.,6-4 6-2
f5aa2618d7ce,,matches_vs_tennisdata,fuzzy_name,0.7,"sackmann,tml",sack:40e162fc4680+tml:40e162fc4680,Brisbane,2012-01-01,F,Andy Murray,Alexandr Dolgopolov,6-1 6-3,tennis_data,td:0a6463c0220c,Brisbane International,2012-01-08,The Final,Murray A.,Dolgopolov O.,6-1 6-3
97c80a65c5c4,,matches_vs_tennisdata,fuzzy_name,0.7,"sackmann,tml",sack:f15a47f4a3e3+tml:f15a47f4a3e3,Brisbane,2012-01-01,SF,Alexandr Dolgopolov,Gilles Simon,6-3 6-4,tennis_data,td:84c5c83e274e,Brisbane International,2012-01-07,Semifinals,Dolgopolov O.,Simon G.,6-3 6-4
6f4b0276f3a0,,matches_vs_tennisdata,fuzzy_name,0.7,"sackmann,tml",sack:ca5e9b0f86a9+tml:ca5e9b0f86a9,Brisbane,2012-01-01,QF,Alexandr Dolgopolov,Radek Stepanek,4-6 6-3 6-3,tennis_data,td:bf6a0ae374e1,Brisbane International,2012-01-05,Quarterfinals,Dolgopolov O.,Stepanek R.,4-6 6-3 6-3
aff729808d4b,,matches_vs_tennisdata,fuzzy_name,0.7,"sackmann,tml",sack:d688ca919259+tml:d688ca919259,Brisbane,2012-01-01,R16,Alexandr Dolgopolov,Igor Andreev,6-7(3) 7-6(9) 6-2,tennis_data,td:e7ca33d4c5dd,Brisbane International,2012-01-04,2nd Round,Dolgopolov O.,Andreev I.,6-7 7-6 6-2
22fd437c0211,,matches_vs_tennisdata,fuzzy_name,0.7,"sackmann,tml",sack:48300e1bade0+tml:48300e1bade0,Brisbane,2012-01-01,R32,Alexandr Dolgopolov,Alejandro Falla,7-6(3) 6-2,tennis_data,td:f9a39221c237,Brisbane International,2012-01-01,1st Round,Dolgopolov O.,Falla A.,7-6 6-2
345b44abfb2b,,matches_vs_tennisdata,fuzzy_name,0.7,"sackmann,tml",sack:47062ebee99b+tml:47062ebee99b,Brisbane,2012-12-30,QF,Kei Nishikori,Alexandr Dolgopolov,6-4 7-6(3),tennis_data,td:3d15c787003b,Brisbane International,2013-01-04,Quarterfinals,Nishikori K.,Dolgopolov O.,6-4 7-6
b8306c2a97d0,,matches_vs_tennisdata,fuzzy_name,0.7,"sackmann,tml",sack:7598f7b0c085+tml:7598f7b0c085,Brisbane,2012-12-30,R16,Alexandr Dolgopolov,Jarkko Nieminen,6-2 4-1 RET,tennis_data,td:ab27cac5e931,Brisbane International,2013-01-02,2nd Round,Dolgopolov O.,Nieminen J.,6-2 4-1 Retired
17bc222b65c3,,matches_vs_tennisdata,fuzzy_name,0.7,"sackmann,tml",sack:9ab016a8fb2c+tml:9ab016a8fb2c,Brisbane,2015-01-04,R16,Martin Klizan,Alexandr Dolgopolov,1-6 7-6(6) 7-6(7),tennis_data,td:44c3e9c00813,Brisbane International,2015-01-07,2nd Round,Klizan M.,Dolgopolov O.,1-6 7-6 7-6
10362bc12d73,,matches_vs_tennisdata,fuzzy_name,0.7,"sackmann,tml",sack:5d4d61a110fa+tml:5d4d61a110fa,Brisbane,2015-01-04,R32,Alexandr Dolgopolov,Carlos Berlocq,6-2 6-3,tennis_data,td:fa97c18c0b73,Brisbane International,2015-01-06,1st Round,Dolgopolov O.,Berlocq C.,6-2 6-3
7f408892d4a7,,matches_vs_tennisdata,fuzzy_name,0.7,"sackmann,tml",sack:0b664d485810+tml:2dbbb4ca768b,Brisbane,2017-01-02,R32,Rafael Nadal,Alexandr Dolgopolov,6-3 6-3,tennis_data,td:d2ea13edc694,Brisbane International,2017-01-03,1st Round,Nadal R.,Dolgopolov O.,6-3 6-3
8e8c374d6256,,matches_vs_tennisdata,fuzzy_name,0.68,"sackmann,tml",sack:89fd9616beb8+tml:8b4af43342d4,Bucharest,2025-03-31,R32,Roberto Bautista Agut,Bu Yunchaokete,3-6 6-2 7-5,tennis_data,td:b4e61ea94ca5,Tiriac Open,2025-04-01,1st Round,Bautista Agut R.,Bu Y.,3-6 6-2 7-5
05edbd1ed952,,matches_vs_tennisdata,fuzzy_name,0.536,"sackmann,tml",sack:9b92105820b9+tml:9b92105820b9,Buenos Aires,2003-02-17,R32,Gustavo Kuerten,Ivan Miranda,6-2 6-4,tennis_data,td:23508e5a29e4,Copa AT&T,2003-02-19,1st Round,Kuerten G.,Rios M.,6-2 6-4
c7c33a669213,,matches_vs_tennisdata,fuzzy_name,0.7,"sackmann,tml",sack:1e760da4c45c+tml:1e760da4c45c,Buenos Aires,2009-02-16,R32,David Nalbandian,Nicolas Lapentti,6-3 6-3,tennis_data,td:629b79f462c6,Copa Telmex,2009-02-16,1st Round,Nalbandian D.,Lapentti G.,6-3 6-3
9f75bfc249f5,,matches_vs_tennisdata,fuzzy_name,0.7,"sackmann,tml",sack:08dd66938a3f+tml:08dd66938a3f,Buenos Aires,2011-02-14,R32,Jose Acasuso,Alexandr Dolgopolov,6-2 6-4,tennis_data,td:43bd0dc0d028,Copa Claro,2011-02-16,1st Round,Acasuso J.,Dolgopolov O.,6-2 6-4
c4b7c7e77013,,matches_vs_tennisdata,fuzzy_name,0.7,"sackmann,tml",sack:681adc880c37+tml:681adc880c37,Buenos Aires,2014-02-10,R16,Jeremy Chardy,Alexandr Dolgopolov,6-3 3-6 7-6(3),tennis_data,td:5fce4500e478,Copa Claro,2014-02-13,2nd Round,Chardy J.,Dolgopolov O.,6-3 3-6 7-6
29103bb2b456,,matches_vs_tennisdata,fuzzy_name,0.7,"sackmann,tml",sack:f9e5ae6fafc1+tml:f9e5ae6fafc1,Buenos Aires,2014-02-10,R32,Alexandr Dolgopolov,Pablo Cuevas,6-3 4-6 7-6(5),tennis_data,td:00f408a11bc0,Copa Claro,2014-02-12,1st Round,Dolgopolov O.,Cuevas P.,6-3 4-6 7-6
2b67c6106a06,,matches_vs_tennisdata,fuzzy_name,0.7,"sackmann,tml",sack:c467468eac77+tml:c467468eac77,Buenos Aires,2016-02-08,R32,Diego Schwartzman,Alexandr Dolgopolov,5-7 6-4 6-3,tennis_data,td:963c1e850fc8,Argentina Open,2016-02-08,1st Round,Schwartzman D.,Dolgopolov O.,5-7 6-4 6-3
65e18ccf335d,,matches_vs_tennisdata,fuzzy_name,0.7,"sackmann,tml",sack:d626c844ab6d+tml:d626c844ab6d,Buenos Aires,2017-02-13,F,Alexandr Dolgopolov,Kei Nishikori,7-6(4) 6-4,tennis_data,td:bec59d99c646,Argentina Open,2017-02-19,The Final,Dolgopolov O.,Nishikori K.,7-6 6-4
b4cfec96f0e0,,matches_vs_tennisdata,fuzzy_name,0.7,"sackmann,tml",sack:835a165a76ed+tml:835a165a76ed,Buenos Aires,2017-02-13,SF,Alexandr Dolgopolov,Pablo Carreno Busta,7-5 6-2,tennis_data,td:18637932b751,Argentina Open,2017-02-18,Semifinals,Dolgopolov O.,Carreno Busta P.,7-5 6-2
f753d087cd1d,,matches_vs_tennisdata,fuzzy_name,0.7,"sackmann,tml",sack:19eec438a773+tml:19eec438a773,Buenos Aires,2017-02-13,QF,Alexandr Dolgopolov,Gerald Melzer,7-5 6-4,tennis_data,td:2e39dbc2fb83,Argentina Open,2017-02-17,Quarterfinals,Dolgopolov O.,Melzer G.,7-5 6-4
f633616d9dfe,,matches_vs_tennisdata,fuzzy_name,0.7,"sackmann,tml",sack:592323ff99d0+tml:592323ff99d0,Buenos Aires,2017-02-13,R16,Alexandr Dolgopolov,Pablo Cuevas,6-3 7-6(4),tennis_data,td:c04ed2f67aaa,Argentina Open,2017-02-16,2nd Round,Dolgopolov O.,Cuevas P.,6-3 7-6
a8517a421239,,matches_vs_tennisdata,fuzzy_name,0.7,"sackmann,tml",sack:1de45a8001df+tml:1de45a8001df,Buenos Aires,2017-02-13,R32,Alexandr Dolgopolov,Janko Tipsarevic,6-3 6-3,tennis_data,td:b8f4d1c8e238,Argentina Open,2017-02-14,1st Round,Dolgopolov O.,Tipsarevic J.,6-3 6-3
61f691b71896,,matches_vs_tennisdata,fuzzy_name,0.68,"sackmann,tml",sack:62094f566d67+tml:62094f566d67,Buenos Aires,2023-02-13,SF,Cameron Norrie,Juan Pablo Varillas,7-6(5) 6-4,tennis_data,td:d1b113140fed,Argentina Open,2023-02-18,Semifinals,Norrie C.,Varillas J. P.,7-6 6-4
bc07888ea124,,matches_vs_tennisdata,fuzzy_name,0.68,"sackmann,tml",sack:71f6a130b5b6+tml:71f6a130b5b6,Buenos Aires,2023-02-13,QF,Juan Pablo Varillas,Lorenzo Musetti,6-4 6-4,tennis_data,td:e93aba1dd9f7,Argentina Open,2023-02-17,Quarterfinals,Varillas J. P.,Musetti L.,6-4 6-4
bf225895921f,,matches_vs_tennisdata,fuzzy_name,0.68,"sackmann,tml",sack:31797eab12d0+tml:31797eab12d0,Buenos Aires,2023-02-13,R16,Juan Pablo Varillas,Dominic Thiem,6-4 6-4,tennis_data,td:75c7ad7c6b85,Argentina Open,2023-02-16,2nd Round,Varillas J. P.,Thiem D.,6-4 6-4
c4d2d4516de9,,matches_vs_tennisdata,fuzzy_name,0.68,"sackmann,tml",sack:86760209eaff+tml:86760209eaff,Buenos Aires,2023-02-13,R32,Juan Pablo Varillas,Joao Sousa,6-2 7-5,tennis_data,td:0e0a1808043e,Argentina Open,2023-02-14,1st Round,Varillas J. P.,Sousa J.,6-2 7-5
75dbdff739df,,matches_vs_tennisdata,fuzzy_name,0.68,"sackmann,tml",sack:491bb95302d0+tml:695f6d918b30,Buenos Aires,2026-02-09,R16,Luciano Darderi,Tomas Barrios Vera,6-1 6-3,tennis_data,td:2bbe7f6f3b0d,Argentina Open,2026-02-12,2nd Round,Darderi L.,Barrios M.,6-1 6-3
44d344d6676c,,matches_vs_tennisdata,fuzzy_name,0.68,"sackmann,tml",sack:f69d4bb7fd33+tml:53ad0fcaa214,Buenos Aires,2026-02-09,R32,Tomas Barrios Vera,Thiago Seyboth Wild,4-6 6-5 RET,tennis_data,td:7360092a26ec,Argentina Open,2026-02-10,1st Round,Barrios M.,Seyboth Wild T.,4-6 6-5 Retired
5cb7e38bfebd,,matches_vs_tennisdata,fuzzy_name,0.7,"sackmann,tml",sack:85ee3a13fa5f+tml:85ee3a13fa5f,Canada Masters,2010-08-09,R16,Tomas Berdych,Alexandr Dolgopolov,6-3 6-7(5) 6-4,tennis_data,td:2a6735a8703c,Rogers Masters,2010-08-12,3rd Round,Berdych T.,Dolgopolov O.,6-3 6-7 6-4
013b4b6985c2,,matches_vs_tennisdata,fuzzy_name,0.7,"sackmann,tml",sack:19edc4a4ab65+tml:19edc4a4ab65,Canada Masters,2010-08-09,R32,Alexandr Dolgopolov,Mikhail Youzhny,1-6 7-6(4) 7-5,tennis_data,td:990bc04304d6,Rogers Masters,2010-08-11,2nd Round,Dolgopolov O.,Youzhny M.,1-6 7-6 7-5
bc983411680c,,matches_vs_tennisdata,fuzzy_name,0.7,"sackmann,tml",sack:78d0f87b7ad7+tml:78d0f87b7ad7,Canada Masters,2010-08-09,R64,Alexandr Dolgopolov,Philipp Petzschner,1-6 6-2 7-6(4),tennis_data,td:11f9db6c01ca,Rogers Masters,2010-08-10,1st Round,Dolgopolov O.,Petzschner P.,1-6 6-2 7-6
24806f23f81c,,matches_vs_tennisdata,fuzzy_name,0.7,"sackmann,tml",sack:4fb4913dcbef+tml:4fb4913dcbef,Canada Masters,2011-08-08,R32,Tomas Berdych,Alexandr Dolgopolov,4-6 6-2 6-3,tennis_data,td:621b62e62e71,Rogers Masters,2011-08-10,2nd Round,Berdych T.,Dolgopolov O.,4-6 6-2 6-3
992210b50296,,matches_vs_tennisdata,fuzzy_name,0.7,"sackmann,tml",sack:261ddf96cbab+tml:261ddf96cbab,Canada Masters,2011-08-08,R64,Alexandr Dolgopolov,Erik Chvojka,6-3 5-7 6-4,tennis_data,td:7666b00ca316,Rogers Masters,2011-08-08,1st Round,Dolgopolov O.,Chvojka E.,6-3 5-7 6-4
124b2ea73c05,,matches_vs_tennisdata,fuzzy_name,0.7,"sackmann,tml",sack:49f9bde24226+tml:49f9bde24226,Canada Masters,2012-08-06,R64,Radek Stepanek,Alexandr Dolgopolov,6-3 6-1,tennis_data,td:47483741438b,Rogers Masters,2012-08-07,1st Round,Stepanek R.,Dolgopolov O.,6-3 6-1
769bf9ed52e8,,matches_vs_tennisdata,fuzzy_name,0.7,"sackmann,tml",sack:b3e49f4062db+tml:b3e49f4062db,Canada Masters,2013-08-05,R32,Tomas Berdych,Alexandr Dolgopolov,6-3 6-4,tennis_data,td:2375d12a81fd,Rogers Masters,2013-08-07,2nd Round,Berdych T.,Dolgopolov O.,6-3 6-4
725b61d8b5fc,,matches_vs_tennisdata,fuzzy_name,0.7,"sackmann,tml",sack:15b3ec9759c9+tml:15b3ec9759c9,Canada Masters,2013-08-05,R64,Alexandr Dolgopolov,Kevin Anderson,7-6(0) 6-4,tennis_data,td:a0000d91b6c5,Rogers Masters,2013-08-06,1st Round,Dolgopolov O.,Anderson K.,7-6 6-4
32c0800ee908,,matches_vs_tennisdata,fuzzy_name,0.7,"sackmann,tml",sack:2287543caed5+tml:2287543caed5,Canada Masters,2015-08-10,R64,Grigor Dimitrov,Alexandr Dolgopolov,6-4 7-5,tennis_data,td:05b18f5194d4,Rogers Masters,2015-08-11,1st Round,Dimitrov G.,Dolgopolov O.,6-4 7-5
679e857d43f2,,matches_vs_tennisdata,fuzzy_name,0.7,"sackmann,tml",sack:a24b6c237deb+tml:a24b6c237deb,Canada Masters,2016-07-25,R64,Donald Young,Alexandr Dolgopolov,7-6(6) 6-4,tennis_data,td:4018360883c5,Rogers Masters,2016-07-26,1st Round,Young D.,Dolgopolov O.,7-6 6-4
dfc2c649856d,,matches_vs_tennisdata,fuzzy_name,0.68,"sackmann,tml",sack:1ae6b36a5da6+tml:1ae6b36a5da6,Canada Masters,2025-07-27,R64,Alex Michelsen,Tomas Barrios Vera,7-6(7) 6-3,tennis_data,td:099fea04b515,Canadian Open,2025-07-29,2nd Round,Michelsen A.,Barrios M.,7-6 6-3
86106a5225e7,,matches_vs_tennisdata,fuzzy_name,0.68,"sackmann,tml",sack:0496300711ed+tml:3a754a8f1877,Canada Masters,2025-07-27,R64,Lorenzo Sonego,Bu Yunchaokete,6-1 6-4,tennis_data,td:2adba5e1acdd,Canadian Open,2025-07-30,2nd Round,Sonego L.,Bu Y.,6-1 6-4
17fcb2d904ef,,matches_vs_tennisdata,fuzzy_name,0.68,"sackmann,tml",sack:b8e321cee143+tml:b8e321cee143,Canada Masters,2025-07-27,R128,Tomas Barrios Vera,Gael Monfils,6-4 4-6 7-6(3),tennis_data,td:698fa2503351,Canadian Open,2025-07-27,1st Round,Barrios M.,Monfils G.,6-4 4-6 7-6
b5f495b7d55f,,matches_vs_tennisdata,fuzzy_name,0.68,"sackmann,tml",sack:ce77026c5d79+tml:6b6338a4de74,Canada Masters,2025-07-27,R128,Bu Yunchaokete,Vit Kopriva,7-6(4) 6-2,tennis_data,td:5fa573bd2067,Canadian Open,2025-07-28,1st Round,Bu Y.,Kopriva V.,7-6 6-2
6916eed03a72,,matches_vs_tennisdata,fuzzy_name,0.7,tml,tml:f4a539ae15f3,Canada Masters,2026-08-02,R128,Juncheng Shang,Adolfo Daniel Vallejo,6-3 6-3,tennis_data,td:73fd86491462,Canadian Open,2026-08-02,1st Round,Shang J.,Vallejo D.,6-3 6-3
079baa8a17e0,,matches_vs_tennisdata,fuzzy_name,0.7,"sackmann,tml",sack:7f1cefe08244+tml:7f1cefe08244,Casablanca,2010-04-05,R32,Martin Klizan,Alexandr Dolgopolov,4-6 6-1 7-5,tennis_data,td:e0d6ca7da91e,Grand Prix Hassan II,2010-04-06,1st Round,Klizan M.,Dolgopolov O.,4-6 6-1 7-5
1c4b1906e378,,matches_vs_tennisdata,fuzzy_name,0.7,"sackmann,tml",sack:34a24b878253+tml:34a24b878253,Casablanca,2012-04-09,R16,Flavio Cipolla,Alexandr Dolgopolov,6-4 6-1,tennis_data,td:43097e3befaa,Grand Prix Hassan II,2012-04-11,2nd Round,Cipolla F.,Dolgopolov O.,6-4 6-1
9d89eefe684c,,matches_vs_tennisdata,fuzzy_name,0.7,"sackmann,tml",sack:d48c0f17a06c+tml:d48c0f17a06c,Chennai,2006-01-02,R32,Kristof Vliegen,Jimmy Wang,6-3 6-2,tennis_data,td:b001cd054154,Chennai Open,2006-01-02,1st Round,Vliegen K.,Wang Y.T.,6-3 6-2
c066feffd512,,matches_vs_tennisdata,fuzzy_name,0.527,"sackmann,tml",sack:69e4fcb3936b+tml:69e4fcb3936b,Chennai,2007-12-31,R32,Nicolas Mahut,Denis Gremelmayr,6-3 6-3,tennis_data,td:43159a1d4437,Chennai Open,2008-01-01,1st Round,Mahut N.,Haase R.,6-3 6-3
0d83c2cc397a,,matches_vs_tennisdata,fuzzy_name,0.562,"sackmann,tml",sack:ca8dc4b5b17f+tml:ca8dc4b5b17f,Chennai,2009-01-05,F,Marin Cilic,Somdev Devvarman,6-4 7-6(3),tennis_data,td:e7e39c88cd17,Chennai Open,2009-01-11,The Final,Cilic M.,Schuettler R.,6-4 7-6
b1585db76367,,matches_vs_tennisdata,swapped_winner_loser,1.0,"sackmann,tml",sack:228fecebca0b+tml:228fecebca0b,Chennai,2009-01-05,SF,Somdev Devvarman,Rainer Schuettler,W/O,tennis_data,td:21073f48a05b,Chennai Open,2009-01-10,Semifinals,Schuettler R.,Devvarman S.,Walkover
51be92f9b842,,matches_vs_tennisdata,fuzzy_name,0.68,"sackmann,tml",sack:3c5dc4138406+tml:3c5dc4138406,Chennai,2012-12-31,R16,Stan Wawrinka,Cedrik Marcel Stebe,6-4 6-3,tennis_data,td:6dd733fca0e2,Chennai Open,2013-01-02,2nd Round,Wawrinka S.,Stebe C-M.,6-4 6-3
dffb0807eb20,,matches_vs_tennisdata,fuzzy_name,0.68,"sackmann,tml",sack:49dda1812e85+tml:49dda1812e85,Chennai,2012-12-31,R32,Cedrik Marcel Stebe,Igor Sijsling,6-4 6-4,tennis_data,td:3b5e4cae45e6,Chennai Open,2013-01-01,1st Round,Stebe C-M.,Sijsling I.,6-4 6-4
ebc3e87e3173,,matches_vs_tennisdata,fuzzy_name,0.7,"sackmann,tml",sack:a483aac6f4e9+tml:2b120a655473,Chennai,2015-01-05,R32,Jiri Vesely,N Vijay Sundar Prashanth,6-2 6-1,tennis_data,td:99a31fee5cd8,Chennai Open,2015-01-06,1st Round,Vesely J.,Prashanth V.,6-2 6-1
f48dddf82705,,matches_vs_tennisdata,fuzzy_name,0.7,"sackmann,tml",sack:0468c336c155+tml:0468c336c155,Cincinnati Masters,2003-08-11,R16,Guillermo Coria,Mikhail Youzhny,6-2 6-1,tennis_data,td:6b9889031b98,Western & Southern Financial Group Masters,2003-08-14,3rd Round,Coria G.,Youzhny A.,6-2 6-1
a159cbe61fc9,,matches_vs_tennisdata,fuzzy_name,0.7,"sackmann,tml",sack:6bfed4d46dcd+tml:6bfed4d46dcd,Cincinnati Masters,2003-08-11,R32,Mikhail Youzhny,Wesley Moodie,6-4 7-6(4),tennis_data,td:9a5c61ae5ae1,Western & Southern Financial Group Masters,2003-08-13,2nd Round,Youzhny A.,Moodie W.,6-4 7-6
c9fb8c0c186f,,matches_vs_tennisdata,fuzzy_name,0.7,"sackmann,tml",sack:6a7f07ff4b35+tml:6a7f07ff4b35,Cincinnati Masters,2003-08-11,R64,Mikhail Youzhny,Agustin Calleri,6-3 6-3,tennis_data,td:681e6c56508c,Western & Southern Financial Group Masters,2003-08-12,1st Round,Youzhny A.,Calleri A.,6-3 6-3
811b57f60722,,matches_vs_tennisdata,fuzzy_name,0.7,"sackmann,tml",sack:f809a26a935b+tml:f809a26a935b,Cincinnati Masters,2010-08-15,R64,David Ferrer,Alexandr Dolgopolov,3-6 6-3 6-4,tennis_data,td:44d72e095fc5,Western & Southern Financial Group Masters,2010-08-16,1st Round,Ferrer D.,Dolgopolov O.,3-6 6-3 6-4
b469fb1b810c,,matches_vs_tennisdata,fuzzy_name,0.7,"sackmann,tml",sack:39e700da7869+tml:39e700da7869,Cincinnati Masters,2011-08-14,R64,Richard Gasquet,Alexandr Dolgopolov,6-1 7-6(4),tennis_data,td:4da0754ee787,Western & Southern Financial Group Masters,2011-08-15,1st Round,Gasquet R.,Dolgopolov O.,6-1 7-6
313eb5cd9c81,,matches_vs_tennisdata,fuzzy_name,0.7,"sackmann,tml",sack:14d5e5234b79+tml:14d5e5234b79,Cincinnati Masters,2012-08-12,R64,Nikolay Davydenko,Alexandr Dolgopolov,6-1 6-1,tennis_data,td:83a795c84294,Western & Southern Financial Group Masters,2012-08-13,1st Round,Davydenko N.,Dolgopolov O.,6-1 6-1
462d0a1bfcb7,,matches_vs_tennisdata,fuzzy_name,0.7,"sackmann,tml",sack:ce1a851b7ec4+tml:ce1a851b7ec4,Cincinnati Masters,2013-08-11,R64,Ryan Harrison,Alexandr Dolgopolov,7-6(3) 6-4,tennis_data,td:b4d427f171ad,Western & Southern Financial Group Masters,2013-08-12,1st Round,Harrison R.,Dolgopolov O.,7-6 6-4
470fcf6b9d97,,matches_vs_tennisdata,fuzzy_name,0.7,"sackmann,tml",sack:076f9b60bb45+tml:076f9b60bb45,Cincinnati Masters,2015-08-16,SF,Novak Djokovic,Alexandr Dolgopolov,4-6 7-6(5) 6-2,tennis_data,td:9a9ffbbbc482,Western & Southern Financial Group Masters,2015-08-22,Semifinals,Djokovic N.,Dolgopolov O.,4-6 7-6 6-2
912f5529a0d1,,matches_vs_tennisdata,fuzzy_name,0.7,"sackmann,tml",sack:6d506a740192+tml:6d506a740192,Cincinnati Masters,2015-08-16,QF,Alexandr Dolgopolov,Tomas Berdych,6-4 6-2,tennis_data,td:be6dd287ca92,Western & Southern Financial Group Masters,2015-08-21,Quarterfinals,Dolgopolov O.,Berdych T.,6-4 6-2
460ce39de9f9,,matches_vs_tennisdata,fuzzy_name,0.7,"sackmann,tml",sack:be1ca8319dff+tml:be1ca8319dff,Cincinnati Masters,2015-08-16,R16,Alexandr Dolgopolov,Jerzy Janowicz,6-3 3-6 6-4,tennis_data,td:4d4a2a60c7b8,Western & Southern Financial Group Masters,2015-08-20,3rd Round,Dolgopolov O.,Janowicz J.,6-3 3-6 6-4
db4b3b189be3,,matches_vs_tennisdata,fuzzy_name,0.7,"sackmann,tml",sack:1a6ca06397d5+tml:1a6ca06397d5,Cincinnati Masters,2015-08-16,R32,Alexandr Dolgopolov,Bernard Tomic,6-4 6-1,tennis_data,td:2a308549f224,Western & Southern Financial Group Masters,2015-08-18,2nd Round,Dolgopolov O.,Tomic B.,6-4 6-1
c2837e4df8ed,,matches_vs_tennisdata,fuzzy_name,0.7,"sackmann,tml",sack:fa6d7805a7bd+tml:7130eb6c1a9b,Cincinnati Masters,2016-08-15,R64,Kevin Anderson,Alexandr Dolgopolov,7-5 0-0 RET,tennis_data,td:c90ee804a337,Western & Southern Financial Group Masters,2016-08-15,1st Round,Anderson K.,Dolgopolov O.,7-5 Retired
c33e02a7cb1e,,matches_vs_tennisdata,fuzzy_name,0.7,"sackmann,tml",sack:818653b1b363+tml:847847529e51,Cincinnati Masters,2017-08-14,R32,Nick Kyrgios,Alexandr Dolgopolov,6-3 7-6(6),tennis_data,td:9ec8be17cec6,Western & Southern Financial Group Masters,2017-08-16,2nd Round,Kyrgios N.,Dolgopolov O.,6-3 7-6
2d40eb9bee96,,matches_vs_tennisdata,fuzzy_name,0.7,"sackmann,tml",sack:f4723b90adaa+tml:0e788f0dac60,Cincinnati Masters,2017-08-14,R64,Alexandr Dolgopolov,Kevin Anderson,6-4 7-6(6),tennis_data,td:2a17754295f2,Western & Southern Financial Group Masters,2017-08-15,1st Round,Dolgopolov O.,Anderson K.,6-4 7-6
c3e9feb22d01,,matches_vs_tennisdata,fuzzy_name,0.68,"sackmann,tml",sack:5bbf9c60254a+tml:a598debb3297,Cincinnati Masters,2025-08-07,R128,Joao Fonseca,Bu Yunchaokete,4-6 6-2 7-5,tennis_data,td:218e9064e112,Western & Southern Financial Group Masters,2025-08-07,1st Round,Fonseca J.,Bu Y.,4-6 6-2 7-5
b55cd7cc2de4,,matches_vs_tennisdata,fuzzy_name,0.7,tml,tml:e8d3460962c2,Cincinnati Masters,2026-08-14,R128,Adolfo Daniel Vallejo,Kyrian Jacquet,6-2 6-4,tennis_data,td:4e0f229e7730,Western & Southern Financial Group Masters,2026-08-14,1st Round,Vallejo D.,Jacquet K.,6-2 6-4
5384c39eb04c,,matches_vs_tennisdata,fuzzy_name,0.7,tml,tml:ba5c37f1cc79,Cincinnati Masters,2026-08-16,R64,Adolfo Daniel Vallejo,Valentin Vacherot,6-3 6-3,tennis_data,td:0c24c27c204d,Western & Southern Financial Group Masters,2026-08-15,2nd Round,Vallejo D.,Vacherot V.,6-3 6-3
bb8119827b1d,,matches_vs_tennisdata,fuzzy_name,0.7,tml,tml:e2e5a49c9743,Cincinnati Masters,2026-08-18,R32,Tommy Paul,Adolfo Daniel Vallejo,3-6 6-3 6-4,tennis_data,td:119f86e2d1e0,Western & Southern Financial Group Masters,2026-08-18,3rd Round,Paul T.,Vallejo D.,3-6 6-3 6-4
5fb17cb96bb1,,matches_vs_tennisdata,fuzzy_name,0.7,"sackmann,tml",sack:4ccd827463b0+tml:4ccd827463b0,Copenhagen,2003-02-24,R32,Magnus Larsson,Frederik Nielsen,6-1 6-1,tennis_data,td:57363d85d7e8,Copenhagen Open,2003-02-25,1st Round,Larsson M.,Nielsen M.,6-1 6-1
b90ad60ca176,,matches_vs_tennisdata,fuzzy_name,0.68,"sackmann,tml",sack:eabd1c6f4bbc+tml:eabd1c6f4bbc,Cordoba,2021-02-22,R16,Jozef Kovalik,Tomas Barrios Vera,4-6 6-2 6-3,tennis_data,td:90c3a0cd315e,Cordoba Open,2021-02-24,2nd Round,Kovalik J.,Barrios M.,4-6 6-2 6-3
4ee74dfb31c7,,matches_vs_tennisdata,fuzzy_name,0.68,"sackmann,tml",sack:57844915a1f7+tml:57844915a1f7,Cordoba,2023-02-06,QF,Sebastian Baez,Tomas Barrios Vera,6-1 3-6 6-1,tennis_data,td:e980766ebbeb,Cordoba Open,2023-02-10,Quarterfinals,Baez S.,Barrios M.,6-1 3-6 6-1
bfc8e4f822a7,,matches_vs_tennisdata,fuzzy_name,0.68,"sackmann,tml",sack:7d442ab298ef+tml:7d442ab298ef,Cordoba,2023-02-06,R16,Tomas Barrios Vera,Bernabe Zapata Miralles,5-7 6-4 6-3,tennis_data,td:fa45c3c237de,Cordoba Open,2023-02-08,2nd Round,Barrios M.,Zapata Miralles B.,5-7 6-4 6-3
1c7d06040725,,matches_vs_tennisdata,fuzzy_name,0.68,"sackmann,tml",sack:8e91205a98b5+tml:8e91205a98b5,Cordoba,2023-02-06,R32,Tomas Barrios Vera,Daniel Elahi Galan,7-6(6) 6-2,tennis_data,td:f9c9ed50e8e6,Cordoba Open,2023-02-07,1st Round,Barrios M.,Galan D.E.,7-6 6-2
c62bde9f07b8,,matches_vs_tennisdata,fuzzy_name,0.68,"sackmann,tml",sack:7844a7d53be6+tml:7844a7d53be6,Cordoba,2023-02-06,R32,Dusan Lajovic,Juan Pablo Varillas,7-6(3) 6-3,tennis_data,td:0328b7ff2395,Cordoba Open,2023-02-06,1st Round,Lajovic D.,Varillas J. P.,7-6 6-3
47449434f81a,,matches_vs_tennisdata,fuzzy_name,0.68,"sackmann,tml",sack:638aade3041b+tml:638aade3041b,Cordoba,2024-02-05,R32,Luciano Darderi,Tomas Barrios Vera,4-6 6-1 6-2,tennis_data,td:91b60990f8a9,Cordoba Open,2024-02-06,1st Round,Darderi L.,Barrios M.,4-6 6-1 6-2
9b2a37574d46,,matches_vs_tennisdata,fuzzy_name,0.7,"sackmann,tml",sack:d6ba84bd42e9+tml:d6ba84bd42e9,Costa Do Sauipe,2011-02-07,F,Nicolas Almagro,Alexandr Dolgopolov,6-3 7-6(3),tennis_data,td:46ff69871fa9,Brasil Open,2011-02-12,The Final,Almagro N.,Dolgopolov O.,6-3 7-6
11d7f42ff52f,,matches_vs_tennisdata,fuzzy_name,0.7,"sackmann,tml",sack:e2d2d10925ab+tml:e2d2d10925ab,Costa Do Sauipe,2011-02-07,SF,Alexandr Dolgopolov,Ricardo Mello,6-2 6-1,tennis_data,td:960950cdba9f,Brasil Open,2011-02-11,Semifinals,Dolgopolov O.,Mello R.,6-2 6-1
cbbaff4c2320,,matches_vs_tennisdata,fuzzy_name,0.7,"sackmann,tml",sack:a4186831253e+tml:a4186831253e,Costa Do Sauipe,2011-02-07,QF,Alexandr Dolgopolov,Potito Starace,6-3 6-4,tennis_data,td:6842241e68e4,Brasil Open,2011-02-10,Quarterfinals,Dolgopolov O.,Starace P.,6-3 6-4
7545f1566ef8,,matches_vs_tennisdata,fuzzy_name,0.7,"sackmann,tml",sack:b196721f4d33+tml:b196721f4d33,Costa Do Sauipe,2011-02-07,R16,Alexandr Dolgopolov,Ruben Ramirez Hidalgo,7-5 6-4,tennis_data,td:6536265f7803,Brasil Open,2011-02-09,2nd Round,Dolgopolov O.,Ramirez-Hidalgo R.,7-5 6-4
164d0fe15aa8,,matches_vs_tennisdata,fuzzy_name,0.68,"sackmann,tml",sack:a2262524a35e+tml:a2262524a35e,Dallas,2023-02-06,R32,John Isner,Chun Hsin Tseng,7-6(5) 7-6(1),tennis_data,td:4386044f3769,Dallas Open,2023-02-08,1st Round,Isner J.,Tseng C. H.,7-6 7-6
f0530a650a4b,,matches_vs_tennisdata,fuzzy_name,0.68,"sackmann,tml",sack:cec946062a5b+tml:6ae4a68a6a3c,Dallas,2025-02-03,R32,Jaume Munar,Bu Yunchaokete,7-5 6-2,tennis_data,td:905e331b3d3a,Dallas Open,2025-02-05,1st Round,Munar J.,Bu Y.,7-5 6-2
248fe832afe5,,matches_vs_tennisdata,fuzzy_name,0.7,"sackmann,tml",sack:29b14d02ccf7+tml:29b14d02ccf7,Delray Beach,2005-01-31,R32,Teymuraz Gabashvili,James Blake,4-6 6-2 6-2,tennis_data,td:c920bca363e6,International Championships,2005-02-02,1st Round,Gabashvili T.,Blake T.,4-6 6-2 6-2
099706f71f68,,matches_vs_tennisdata,fuzzy_name,0.7,"sackmann,tml",sack:4c6860c5b725+tml:4c6860c5b725,Delray Beach,2006-01-30,R32,Vincent Spadea,Jimmy Wang,5-7 6-1 6-1,tennis_data,td:af424d0e987e,International Championships,2006-01-31,1st Round,Spadea V.,Wang Y.,5-7 6-1 6-1
55663b268453,,matches_vs_tennisdata,fuzzy_name,0.7,"sackmann,tml",sack:eb2c75ffcdd6+tml:eb2c75ffcdd6,Delray Beach,2013-02-25,R32,Ivan Dodig,Alexandr Dolgopolov,6-3 6-3,tennis_data,td:5eebb4b51dc7,International Championships,2013-02-25,1st Round,Dodig I.,Dolgopolov O.,6-3 6-3
2cec7cad0ed0,,matches_vs_tennisdata,fuzzy_name,0.7,"sackmann,tml",sack:197b02f22ae3+tml:197b02f22ae3,Delray Beach,2015-02-16,QF,Donald Young,Alexandr Dolgopolov,2-6 6-3 6-4,tennis_data,td:09372dab2d7c,Delray Beach Open,2015-02-20,Quarterfinals,Young D.,Dolgopolov O.,2-6 6-3 6-4
ed314a073cd0,,matches_vs_tennisdata,fuzzy_name,0.7,"sackmann,tml",sack:5df9a268767d+tml:5df9a268767d,Delray Beach,2015-02-16,R16,Alexandr Dolgopolov,Tim Smyczek,6-2 6-4,tennis_data,td:8c25991aa53e,Delray Beach Open,2015-02-19,2nd Round,Dolgopolov O.,Smyczek T.,6-2 6-4
f4bd4ccc38a7,,matches_vs_tennisdata,fuzzy_name,0.7,"sackmann,tml",sack:6ce7b227669d+tml:6ce7b227669d,Delray Beach,2015-02-16,R32,Alexandr Dolgopolov,Teymuraz Gabashvili,7-6(4) 6-3,tennis_data,td:e0b9db05e7ad,Delray Beach Open,2015-02-16,1st Round,Dolgopolov O.,Gabashvili T.,7-6 6-3
35f380b37340,,matches_vs_tennisdata,fuzzy_name,0.68,"sackmann,tml",sack:bb33cab9807d+tml:d4fbf764c807,Delray Beach,2025-02-10,R16,Taylor Fritz,Bu Yunchaokete,7-6(4) 6-2,tennis_data,td:297441c24281,Delray Beach Open,2025-02-14,2nd Round,Fritz T.,Bu Y.,7-6 6-2
eb9f6c4369d0,,matches_vs_tennisdata,fuzzy_name,0.68,"sackmann,tml",sack:1844ad93d50f+tml:b43f818f87b1,Delray Beach,2025-02-10,R32,Bu Yunchaokete,Rinky Hijikata,6-2 6-0,tennis_data,td:58075b8b81d8,Delray Beach Open,2025-02-11,1st Round,Bu Y.,Hijikata R.,6-2 6-0
de0b2210b951,,matches_vs_tennisdata,fuzzy_name,0.7,"sackmann,tml",sack:72fd19030ecd+tml:72fd19030ecd,Doha,2006-01-02,R32,Marcos Baghdatis,Sultan Khalfan,6-1 6-1,tennis_data,td:82f535c8b1fd,Qatar Exxon Mobil Open,2006-01-02,1st Round,Baghdatis M.,Sultan-Khalfan A.,6-1 6-1
d498e281679e,,matches_vs_tennisdata,fuzzy_name,0.68,"sackmann,tml",sack:b67c914b6eeb+tml:b67c914b6eeb,Doha,2012-12-31,R32,Gael Monfils,Mousa Shanan Zayed,6-0 6-3,tennis_data,td:51f9e5075012,Qatar Exxon Mobil Open,2013-01-01,1st Round,Monfils G.,Zayed M. S.,6-0 6-3
baae94c08c02,,matches_vs_tennisdata,fuzzy_name,0.7,"sackmann,tml",sack:50a5779f6443+tml:6fb26e7fcdd7,Doha,2013-12-30,R32,David Ferrer,Alexandr Dolgopolov,6-3 5-7 6-3,tennis_data,td:120b1790f31d,Qatar Exxon Mobil Open,2013-12-31,1st Round,Ferrer D.,Dolgopolov O.,6-3 5-7 6-3
d9271ed86361,,matches_vs_tennisdata,fuzzy_name,0.68,"sackmann,tml",sack:f70389997cfd+tml:f70389997cfd,Doha,2016-01-04,R32,Jeremy Chardy,Mubarak Shannan Zayid,6-1 6-1,tennis_data,td:7e069046c20a,Qatar Exxon Mobil Open,2016-01-04,1st Round,Chardy J.,Zayid M. S.,6-1 6-1
0fb47f76667f,,matches_vs_tennisdata,fuzzy_name,0.625,"sackmann,tml",sack:5b664341a823+tml:a9b965da1a97,Dubai,2001-02-26,R32,Andrei Pavel,Omar Awadhy,6-1 6-2,tennis_data,td:6956d88a0d74,Dubai Championships,2001-02-26,1st Round,Pavel A.,Bahrouzyan O.,6-1 6-2
2444fd4588c6,,matches_vs_tennisdata,fuzzy_name,0.625,"sackmann,tml",sack:f6e92c3f879c+tml:ab23ab3e6d67,Dubai,2002-02-25,R32,Tim Henman,Omar Awadhy,6-1 6-0,tennis_data,td:d8943686e7c4,Dubai Championships,2002-02-25,1st Round,Henman T.,Bahrouzyan O.,6-1 6-0
f561e4d347cb,,matches_vs_tennisdata,fuzzy_name,0.625,"sackmann,tml",sack:c293b3164c83+tml:294efdb2c206,Dubai,2003-02-24,R32,Younes El Aynaoui,Omar Awadhy,6-0 6-3,tennis_data,td:ee6b03f3f169,Dubai Championships,2003-02-24,1st Round,El Aynaoui Y.,Bahrouzyan O.,6-0 6-3
1afe0c7bd4ed,,matches_vs_tennisdata,fuzzy_name,0.625,"sackmann,tml",sack:ad575a3b930f+tml:234cb3b6eaa9,Dubai,2004-03-01,R32,Gregory Carraz,Omar Awadhy,6-0 6-0,tennis_data,td:911f77017f77,Dubai Championships,2004-03-01,1st Round,Carraz G.,Bahrouzyan O.,6-0 6-0
b374f905bc97,,matches_vs_tennisdata,fuzzy_name,0.7,"sackmann,tml",sack:29498459e45a+tml:29498459e45a,Dubai,2005-02-21,R32,Roger Federer,Ivo Minar,6-7(5) 6-3 7-6(5),tennis_data,td:6558ad24fc14,Dubai Duty Free Men's Open,2005-02-23,1st Round,Federer R.,Minar J.,6-7 6-3 7-6
c1060fa59f2a,,matches_vs_tennisdata,fuzzy_name,0.625,"sackmann,tml",sack:8ac3a60d0401+tml:e862a46c284e,Dubai,2005-02-21,R32,Dominik Hrbaty,Omar Awadhy,6-0 6-4,tennis_data,td:d224b1aba9e8,Dubai Duty Free Men's Open,2005-02-21,1st Round,Hrbaty D.,Bahrouzyan O.,6-0 6-4
3a505af8431b,,matches_vs_tennisdata,fuzzy_name,0.625,"sackmann,tml",sack:8352e335dcda+tml:db5838162f5d,Dubai,2006-02-27,R32,Mohammad Ghareeb,Omar Awadhy,7-6(4) 6-2,tennis_data,td:a80b48359b31,Dubai Tennis Championships,2006-02-27,1st Round,Al Ghareeb M.,Bahrouzyan O.,7-6 6-2
c2ef215b1251,,matches_vs_tennisdata,fuzzy_name,0.625,"sackmann,tml",sack:9d10dbfebaf3+tml:964ca787fd89,Dubai,2007-02-26,R32,Dominik Hrbaty,Omar Awadhy,6-1 6-2,tennis_data,td:c4add7a103f4,Dubai Tennis Championships,2007-02-26,1st Round,Hrbaty D.,Bahrouzyan O.,6-1 6-2
2cf5fe60226c,,matches_vs_tennisdata,fuzzy_name,0.7,"sackmann,tml",sack:94fb9fb3f28e+tml:94fb9fb3f28e,Dubai,2012-02-27,R32,Juan Martin del Potro,Alexandr Dolgopolov,6-3 7-6(5),tennis_data,td:5303f42df123,Dubai Tennis Championships,2012-02-28,1st Round,Del Potro J.M.,Dolgopolov O.,6-3 7-6
0444c02778ff,,matches_vs_tennisdata,fuzzy_name,0.7,"sackmann,tml",sack:99d64a153811+tml:99d64a153811,Eastbourne,2010-06-13,SF,Michael Llodra,Alexandr Dolgopolov,6-3 7-5,tennis_data,td:68000a05220a,AEGON International,2010-06-18,Semifinals,Llodra M.,Dolgopolov O.,6-3 7-5
78b70de5ee82,,matches_vs_tennisdata,fuzzy_name,0.7,"sackmann,tml",sack:cf84cea84549+tml:cf84cea84549,Eastbourne,2010-06-13,QF,Alexandr Dolgopolov,James Ward,6-3 6-4,tennis_data,td:610bc44bb2a5,AEGON International,2010-06-17,Quarterfinals,Dolgopolov O.,Ward J.,6-3 6-4
b5cc763afe7b,,matches_vs_tennisdata,fuzzy_name,0.7,"sackmann,tml",sack:502e9c14fe9a+tml:502e9c14fe9a,Eastbourne,2010-06-13,R16,Alexandr Dolgopolov,Yen Hsun Lu,6-7(1) 6-1 6-2,tennis_data,td:2c3346bb5b6a,AEGON International,2010-06-16,2nd Round,Dolgopolov O.,Lu Y.H.,6-7 6-1 6-2
581da014ff83,,matches_vs_tennisdata,fuzzy_name,0.7,"sackmann,tml",sack:24e5dfb24527+tml:24e5dfb24527,Eastbourne,2010-06-13,R32,Alexandr Dolgopolov,Jamie Baker,6-4 3-6 6-1,tennis_data,td:e8fb73c2d351,AEGON International,2010-06-13,1st Round,Dolgopolov O.,Baker J.,6-4 3-6 6-1
a4edbe8a44bb,,matches_vs_tennisdata,fuzzy_name,0.7,"sackmann,tml",sack:105948db3bdf+tml:105948db3bdf,Eastbourne,2011-06-12,R32,Carlos Berlocq,Alexandr Dolgopolov,7-5 6-2,tennis_data,td:a2a468d53da5,AEGON International,2011-06-13,1st Round,Berlocq C.,Dolgopolov O.,7-5 6-2
f8755e2e6469,,matches_vs_tennisdata,fuzzy_name,0.7,"sackmann,tml",sack:570f2d79f3f1+tml:570f2d79f3f1,Eastbourne,2013-06-17,R32,Fernando Verdasco,Alexandr Dolgopolov,1-6 6-3 6-2,tennis_data,td:f863cc0bb54a,AEGON International,2013-06-17,1st Round,Verdasco F.,Dolgopolov O.,1-6 6-3 6-2
839aabe91290,,matches_vs_tennisdata,fuzzy_name,0.68,tml,tml:608715e3b3be,Eastbourne,2026-06-23,R32,Thiago Agustin Tirante,Hamish Stewart,7-5 6-2,tennis_data,td:8cfa29c774f3,Eastbourne International,2026-06-23,1st Round,Tirante T. A.,Stewart H.,7-5 6-2
cfd42708ca0b,,matches_vs_tennisdata,fuzzy_name,0.68,tml,tml:26023974c983,Eastbourne,2026-06-24,R16,Toby Samuel,Thiago Agustin Tirante,6-1 7-6(7),tennis_data,td:19e566c01ac8,Eastbourne International,2026-06-24,2nd Round,Samuel T.,Tirante T. A.,6-1 7-6
4aa15e3dd07f,,matches_vs_tennisdata,fuzzy_name,0.7,"sackmann,tml",sack:ac3257e7811a+tml:ac3257e7811a,Estoril,2006-05-01,R32,Jeremy Chardy,Jimmy Wang,7-5 6-1,tennis_data,td:d87e65f5f584,Estoril Open,2006-05-02,1st Round,Chardy J.,Wang Y.T.,7-5 6-1
af4d43ccef53,,matches_vs_tennisdata,fuzzy_name,0.7,"sackmann,tml",sack:6818ad1e4a65+tml:6818ad1e4a65,Gstaad,2006-07-10,R32,Christophe Rochus,Fernando Vicente,6-1 4-6 6-2,tennis_data,td:d3f08e2ac8f8,Allianz Suisse Open,2006-07-11,1st Round,Rochus C.,Vicente M.,6-1 4-6 6-2
967a1e71380e,,matches_vs_tennisdata,fuzzy_name,0.559,"sackmann,tml",sack:7d3c7b61c111+tml:7d3c7b61c111,Gstaad,2006-07-10,R32,Robin Vik,Roman Vogeli,6-2 6-1,tennis_data,td:201a3803bb5c,Allianz Suisse Open,2006-07-11,1st Round,Vik R.,Kutac R.,6-2 6-1
8cfb7f18e2e0,,matches_vs_tennisdata,fuzzy_name,0.7,"sackmann,tml",sack:2c57fcd9566b+tml:2c57fcd9566b,Gstaad,2017-07-24,R32,Thiago Monteiro,Alexandr Dolgopolov,7-6(5) 3-6 6-3,tennis_data,td:491dc2ca1cc7,Suisse Open Gstaad,2017-07-25,1st Round,Monteiro T.,Dolgopolov O.,7-6 3-6 6-3
22cf79ad85e3,,matches_vs_tennisdata,fuzzy_name,0.7,"sackmann,tml",sack:d7851f3c6a0e+tml:d7851f3c6a0e,Halle,2005-06-06,R16,Philipp Kohlschreiber,Jimmy Wang,6-2 5-7 7-6(6),tennis_data,td:a0b050fbf749,Gerry Weber Open,2005-06-08,2nd Round,Kohlschreiber P.,Wang Y.T.,6-2 5-7 7-6
a8205ad4f187,,matches_vs_tennisdata,fuzzy_name,0.7,"sackmann,tml",sack:0848b3a0cd61+tml:0848b3a0cd61,Halle,2005-06-06,R32,Jimmy Wang,Michael Llodra,7-6(2) 6-7(6) 6-2,tennis_data,td:585276bd77bd,Gerry Weber Open,2005-06-07,1st Round,Wang Y.T.,Llodra M.,7-6 6-7 6-2
a5897f8270ef,,matches_vs_tennisdata,fuzzy_name,0.7,"sackmann,tml",sack:52ee4d7e74d9+tml:52ee4d7e74d9,Halle,2011-06-06,R16,Philipp Kohlschreiber,Alexandr Dolgopolov,6-3 7-6(5),tennis_data,td:0df8bfd57eb0,Gerry Weber Open,2011-06-09,2nd Round,Kohlschreiber P.,Dolgopolov O.,6-3 7-6
7300879d26db,,matches_vs_tennisdata,fuzzy_name,0.7,"sackmann,tml",sack:f079931ffaa8+tml:f079931ffaa8,Halle,2011-06-06,R32,Alexandr Dolgopolov,Robin Haase,6-7(4) 6-4 6-4,tennis_data,td:d18baa5097d3,Gerry Weber Open,2011-06-06,1st Round,Dolgopolov O.,Haase R.,6-7 6-4 6-4
35b97849fbff,,matches_vs_tennisdata,fuzzy_name,0.7,"sackmann,tml",sack:cccc68a7c7a5+tml:cccc68a7c7a5,Halle,2012-06-11,R16,Mikhail Youzhny,Alexandr Dolgopolov,6-4 3-6 6-3,tennis_data,td:54fac9ce4932,Gerry Weber Open,2012-06-13,2nd Round,Youzhny M.,Dolgopolov O.,6-4 3-6 6-3
a7fbbc03a745,,matches_vs_tennisdata,fuzzy_name,0.7,"sackmann,tml",sack:190c03c3f4a2+tml:190c03c3f4a2,Hamburg,2010-07-19,R32,Florian Mayer,Alexandr Dolgopolov,4-6 7-6(2) 6-3,tennis_data,td:550b95fb871c,German Open Tennis Championships,2010-07-20,2nd Round,Mayer F.,Dolgopolov O.,4-6 7-6 6-3
7b06f25778d8,,matches_vs_tennisdata,fuzzy_name,0.7,"sackmann,tml",sack:26a67c30b70f+tml:26a67c30b70f,Hamburg,2011-07-18,R32,Jarkko Nieminen,Alexandr Dolgopolov,6-3 1-6 6-4,tennis_data,td:40539421fea7,German Open Tennis Championships,2011-07-19,2nd Round,Nieminen J.,Dolgopolov O.,6-3 1-6 6-4
e1011b17b545,,matches_vs_tennisdata,fuzzy_name,0.7,"sackmann,tml",sack:1234579de053+tml:1234579de053,Hamburg,2013-07-15,R32,Florian Mayer,Alexandr Dolgopolov,6-3 6-4,tennis_data,td:65d2333eeae8,German Open Tennis Championships,2013-07-16,2nd Round,Mayer F.,Dolgopolov O.,6-3 6-4
e1672665833b,,matches_vs_tennisdata,fuzzy_name,0.7,"sackmann,tml",sack:e665469dd068+tml:e665469dd068,Hamburg,2014-07-14,R16,Tobias Kamke,Alexandr Dolgopolov,7-5 2-6 7-5,tennis_data,td:592a32ff8b16,bet-at-home Open,2014-07-17,3rd Round,Kamke T.,Dolgopolov O.,7-5 2-6 7-5
62108ffcb137,,matches_vs_tennisdata,fuzzy_name,0.7,"sackmann,tml",sack:29870b26c14d+tml:29870b26c14d,Hamburg,2014-07-14,R32,Alexandr Dolgopolov,Jerzy Janowicz,6-4 6-1,tennis_data,td:47c6d5c25bac,bet-at-home Open,2014-07-16,2nd Round,Dolgopolov O.,Janowicz J.,6-4 6-1
5cb186acc947,,matches_vs_tennisdata,fuzzy_name,0.68,"sackmann,tml",sack:5b1eb3317633+tml:7a7825fb35cf,Hamburg,2025-05-18,R32,Frances Tiafoe,Bu Yunchaokete,7-5 6-2,tennis_data,td:daab9bd21e58,Hamburg Open,2025-05-20,1st Round,Tiafoe F.,Bu Y.,7-5 6-2
0dec684830ff,,matches_vs_tennisdata,fuzzy_name,0.7,"sackmann,tml",sack:fbe225a3aa07+tml:fbe225a3aa07,Hamburg Masters,2003-05-12,R16,David Nalbandian,Rainer Schuettler,7-6(3) 6-2,tennis_data,td:c297fb47c6ae,Hamburg TMS,2003-05-15,3rd Round,Nalbandian D.,Schuettler P.,7-6 6-2
7a4d9f032139,,matches_vs_tennisdata,fuzzy_name,0.7,"sackmann,tml",sack:1729a9c2ae95+tml:1729a9c2ae95,Hamburg Masters,2003-05-12,R32,Rainer Schuettler,Lars Burgsmuller,6-4 4-6 6-4,tennis_data,td:bca2f4816429,Hamburg TMS,2003-05-14,2nd Round,Schuettler P.,Burgsmuller L.,6-4 4-6 6-4
ad60e2e7a511,,matches_vs_tennisdata,fuzzy_name,0.7,"sackmann,tml",sack:31080dcdf27c+tml:31080dcdf27c,Hamburg Masters,2003-05-12,R64,Rainer Schuettler,David Ferrer,7-5 6-1,tennis_data,td:9bc5ee915526,Hamburg TMS,2003-05-13,1st Round,Schuettler P.,Ferrer D.,7-5 6-1
5f89b9daa7c2,,matches_vs_tennisdata,fuzzy_name,0.68,"sackmann,tml",sack:e89c6a5e46ce+tml:22e35bfb4e4d,Hangzhou,2024-09-18,SF,Zhizhen Zhang,Bu Yunchaokete,7-6(3) 6-4,tennis_data,td:38487d8c094b,Hangzhou Open,2024-09-23,Semifinals,Zhang Zh.,Bu Y.,7-6 6-4
6c6e55e4e88d,,matches_vs_tennisdata,fuzzy_name,0.68,"sackmann,tml",sack:4feccfc7b000+tml:9cd017e6f87b,Hangzhou,2024-09-18,QF,Bu Yunchaokete,Mikhail Kukushkin,6-4 6-2,tennis_data,td:95c8270127a3,Hangzhou Open,2024-09-22,Quarterfinals,Bu Y.,Kukushkin M.,6-4 6-2
696abfd5dd43,,matches_vs_tennisdata,fuzzy_name,0.68,"sackmann,tml",sack:4000b2a8e786+tml:583f74987246,Hangzhou,2024-09-18,R16,Bu Yunchaokete,Karen Khachanov,7-6(7) 4-6 6-3,tennis_data,td:ab19217537d4,Hangzhou Open,2024-09-20,2nd Round,Bu Y.,Khachanov K.,7-6 4-6 6-3
ce942b0eb195,,matches_vs_tennisdata,fuzzy_name,0.68,"sackmann,tml",sack:0025cfd1cb92+tml:2991dfdce46b,Hangzhou,2024-09-18,R32,Bu Yunchaokete,Hugo Gaston,7-5 6-3,tennis_data,td:03a4f9bfe4ba,Hangzhou Open,2024-09-19,1st Round,Bu Y.,Gaston H.,7-5 6-3
1add768dae5a,,matches_vs_tennisdata,fuzzy_name,0.68,"sackmann,tml",sack:7dfc3e19bfbc+tml:b05c9f61752b,Hangzhou,2025-09-17,R32,Zhizhen Zhang,Bu Yunchaokete,6-7(2) 6-4 7-6(3),tennis_data,td:99ca3fd7a4dd,Hangzhou Open,2025-09-18,1st Round,Zhang Zh.,Bu Y.,6-7 6-4 7-6
66bed56796ac,,matches_vs_tennisdata,fuzzy_name,0.68,"sackmann,tml",sack:91cbfe3d698c+tml:928e8c1b3d1d,Hong Kong,2024-12-30,R32,Nuno Borges,Bu Yunchaokete,3-6 6-3 7-6(6),tennis_data,td:1a4dffea5174,Hong Kong Tennis Open,2024-12-31,1st Round,Borges N.,Bu Y.,3-6 6-3 7-6
af104fb3b82a,,matches_vs_tennisdata,fuzzy_name,0.68,"sackmann,tml",sack:7ce7a149b793+tml:7ce7a149b793,Houston,2022-04-04,R32,Mitchell Krueger,Juan Pablo Varillas,5-1 RET,tennis_data,td:d932278ad7e6,U.S. Men's Clay Court Championships,2022-04-05,1st Round,Krueger M.,Varillas J. P.,5-1 Retired
95b2165799f6,,matches_vs_tennisdata,fuzzy_name,0.7,"sackmann,tml",sack:2bf0f5f9c84b+tml:ddf2bdfc2a8e,Houston,2026-03-30,R16,Tommy Paul,Adolfo Daniel Vallejo,3-6 6-4 6-4,tennis_data,td:72d039f9e5da,U.S.Men's Clay Court Championships,2026-04-02,2nd Round,Paul T.,Vallejo D.,3-6 6-4 6-4
68d9848b806f,,matches_vs_tennisdata,fuzzy_name,0.7,"sackmann,tml",sack:5a32510765aa+tml:ea0b77c54b5d,Houston,2026-03-30,R32,Adolfo Daniel Vallejo,Zachary Svajda,6-1 6-4,tennis_data,td:512787be4e81,U.S.Men's Clay Court Championships,2026-03-30,1st Round,Vallejo D.,Svajda Z.,6-1 6-4
5fb1806b7d74,,matches_vs_tennisdata,fuzzy_name,0.7,"sackmann,tml",sack:54a61324e390+tml:54a61324e390,Indian Wells Masters,2011-03-10,R32,Juan Martin del Potro,Alexandr Dolgopolov,7-6(3) 6-3,tennis_data,td:c926f6923e13,BNP Paribas Open,2011-03-14,3rd Round,Del Potro J.M.,Dolgopolov O.,7-6 6-3
994c7a581143,,matches_vs_tennisdata,fuzzy_name,0.7,"sackmann,tml",sack:f9d21ed02ec0+tml:f9d21ed02ec0,Indian Wells Masters,2011-03-10,R64,Alexandr Dolgopolov,Victor Hanescu,6-4 6-4,tennis_data,td:25c3562e9d00,BNP Paribas Open,2011-03-12,2nd Round,Dolgopolov O.,Hanescu V.,6-4 6-4
b9ae73cad9e6,,matches_vs_tennisdata,fuzzy_name,0.7,"sackmann,tml",sack:d42d9446217c+tml:d42d9446217c,Indian Wells Masters,2012-03-08,R16,Rafael Nadal,Alexandr Dolgopolov,6-3 6-2,tennis_data,td:8b6996185b34,BNP Paribas Open,2012-03-14,4th Round,Nadal R.,Dolgopolov O.,6-3 6-2
a4633f3d4c11,,matches_vs_tennisdata,fuzzy_name,0.7,"sackmann,tml",sack:b946e826aaa5+tml:b946e826aaa5,Indian Wells Masters,2012-03-08,R32,Alexandr Dolgopolov,Marcos Baghdatis,6-4 5-7 6-4,tennis_data,td:05908002b7c8,BNP Paribas Open,2012-03-13,3rd Round,Dolgopolov O.,Baghdatis M.,6-4 5-7 6-4
612621f8b138,,matches_vs_tennisdata,fuzzy_name,0.7,"sackmann,tml",sack:8550904dd29e+tml:8550904dd29e,Indian Wells Masters,2012-03-08,R64,Alexandr Dolgopolov,Steve Darcis,6-7(13) 6-3 7-5,tennis_data,td:64f9f7a2f4ce,BNP Paribas Open,2012-03-12,2nd Round,Dolgopolov O.,Darcis S.,6-7 6-3 7-5
6a3a4cb449bf,,matches_vs_tennisdata,fuzzy_name,0.7,"sackmann,tml",sack:9a6472de6b89+tml:9a6472de6b89,Indian Wells Masters,2013-03-07,R64,Carlos Berlocq,Alexandr Dolgopolov,6-3 6-7(5) 6-3,tennis_data,td:e8bd3e3b4a92,BNP Paribas Open,2013-03-10,2nd Round,Berlocq C.,Dolgopolov O.,6-3 6-7 6-3
796e05149afa,,matches_vs_tennisdata,fuzzy_name,0.7,"sackmann,tml",sack:4ee3bb49332b+tml:4ee3bb49332b,Indian Wells Masters,2014-03-06,SF,Roger Federer,Alexandr Dolgopolov,6-3 6-1,tennis_data,td:b33af25e44f2,BNP Paribas Open,2014-03-15,Semifinals,Federer R.,Dolgopolov O.,6-3 6-1
79d65b535557,,matches_vs_tennisdata,fuzzy_name,0.7,"sackmann,tml",sack:ea2db3f0b405+tml:ea2db3f0b405,Indian Wells Masters,2014-03-06,QF,Alexandr Dolgopolov,Milos Raonic,6-3 6-4,tennis_data,td:bac2f0081631,BNP Paribas Open,2014-03-13,Quarterfinals,Dolgopolov O.,Raonic M.,6-3 6-4
5615b1f08dcb,,matches_vs_tennisdata,fuzzy_name,0.7,"sackmann,tml",sack:747dd9932614+tml:747dd9932614,Indian Wells Masters,2014-03-06,R16,Alexandr Dolgopolov,Fabio Fognini,6-2 6-4,tennis_data,td:f0ea6215dd92,BNP Paribas Open,2014-03-12,4th Round,Dolgopolov O.,Fognini F.,6-2 6-4
3bf5f8b3bb3d,,matches_vs_tennisdata,fuzzy_name,0.7,"sackmann,tml",sack:aff7a8b76723+tml:aff7a8b76723,Indian Wells Masters,2014-03-06,R32,Alexandr Dolgopolov,Rafael Nadal,6-3 3-6 7-6(5),tennis_data,td:2d13506d8ed8,BNP Paribas Open,2014-03-11,3rd Round,Dolgopolov O.,Nadal R.,6-3 3-6 7-6
78574cd520a4,,matches_vs_tennisdata,fuzzy_name,0.7,"sackmann,tml",sack:c60513d57a76+tml:c60513d57a76,Indian Wells Masters,2014-03-06,R64,Alexandr Dolgopolov,Tim Smyczek,7-6(3) 6-4,tennis_data,td:fcd2e5d7b781,BNP Paribas Open,2014-03-08,2nd Round,Dolgopolov O.,Smyczek T.,7-6 6-4
ffb8843ac6d5,,matches_vs_tennisdata,fuzzy_name,0.7,"sackmann,tml",sack:38d90ede4f1b+tml:38d90ede4f1b,Indian Wells Masters,2015-03-12,R32,Milos Raonic,Alexandr Dolgopolov,7-6(2) 6-4,tennis_data,td:f98f45979420,BNP Paribas Open,2015-03-17,3rd Round,Raonic M.,Dolgopolov O.,7-6 6-4
daaf5ca91b57,,matches_vs_tennisdata,fuzzy_name,0.7,"sackmann,tml",sack:271ffc94bbf9+tml:271ffc94bbf9,Indian Wells Masters,2015-03-12,R64,Alexandr Dolgopolov,Santiago Giraldo,6-1 7-6(4),tennis_data,td:03a12b8c35d3,BNP Paribas Open,2015-03-15,2nd Round,Dolgopolov O.,Giraldo S.,6-1 7-6
2a294509a814,,matches_vs_tennisdata,fuzzy_name,0.7,"sackmann,tml",sack:fc366d5485e2+tml:fc366d5485e2,Indian Wells Masters,2015-03-12,R128,Alexandr Dolgopolov,Frank Dancevic,6-2 7-5,tennis_data,td:212bbc4f90a2,BNP Paribas Open,2015-03-13,1st Round,Dolgopolov O.,Dancevic F.,6-2 7-5
332a09af39b4,,matches_vs_tennisdata,fuzzy_name,0.7,"sackmann,tml",sack:fb939b077ef1+tml:6d9fa8f0a595,Indian Wells Masters,2016-03-07,R32,Richard Gasquet,Alexandr Dolgopolov,2-6 6-2 6-1,tennis_data,td:abbe229695b5,BNP Paribas Open,2016-03-14,3rd Round,Gasquet R.,Dolgopolov O.,2-6 6-2 6-1
add99e91f4fe,,matches_vs_tennisdata,fuzzy_name,0.7,"sackmann,tml",sack:6510ce8ab826+tml:cee75736c1be,Indian Wells Masters,2016-03-07,R64,Alexandr Dolgopolov,Robin Haase,6-4 6-2,tennis_data,td:abae5b864e78,BNP Paribas Open,2016-03-12,2nd Round,Dolgopolov O.,Haase R.,6-4 6-2
e567792ddd76,,matches_vs_tennisdata,fuzzy_name,0.7,"sackmann,tml",sack:6d7a4a9b507b+tml:5c5c144f4e68,Indian Wells Masters,2017-03-06,R64,Philipp Kohlschreiber,Alexandr Dolgopolov,6-7(3) 1-1 RET,tennis_data,td:66b2e853dbe5,BNP Paribas Open,2017-03-11,2nd Round,Kohlschreiber P.,Dolgopolov O.,6-7 1-1 Retired
65094dfdaeb8,,matches_vs_tennisdata,fuzzy_name,0.7,"sackmann,tml",sack:18b6b383b2f0+tml:95414cc94d11,Indian Wells Masters,2017-03-06,R128,Alexandr Dolgopolov,Viktor Troicki,6-1 6-4,tennis_data,td:eec8ae5b64f3,BNP Paribas Open,2017-03-10,1st Round,Dolgopolov O.,Troicki V.,6-1 6-4
66f99fec55a5,,matches_vs_tennisdata,fuzzy_name,0.68,"sackmann,tml",sack:5a3f664a11ef+tml:6c174ff5422d,Indian Wells Masters,2025-03-05,R64,Daniil Medvedev,Bu Yunchaokete,6-2 6-2,tennis_data,td:45e7c5300977,BNP Paribas Open,2025-03-08,2nd Round,Medvedev D.,Bu Y.,6-2 6-2
fb5cfca4e305,,matches_vs_tennisdata,fuzzy_name,0.68,"sackmann,tml",sack:f2f14529f0d5+tml:3bbd32ec9627,Indian Wells Masters,2025-03-05,R128,Bu Yunchaokete,Nishesh Basavareddy,7-5 6-4,tennis_data,td:9f0f0dabff8e,BNP Paribas Open,2025-03-05,1st Round,Bu Y.,Basavareddy N.,7-5 6-4
0f89f4bea535,,matches_vs_tennisdata,fuzzy_name,0.567,"sackmann,tml",sack:474d64014d63+tml:474d64014d63,Indianapolis,2004-07-19,R32,Todd Reid,Alex Kuznetsov,6-1 7-5,tennis_data,td:040e814096ca,RCA Championships,2004-07-21,2nd Round,Reid T.,Dent T.,6-1 7-5
fbe7f4513f58,,matches_vs_tennisdata,fuzzy_name,0.563,"sackmann,tml",sack:7755b957c980+tml:7755b957c980,Indianapolis,2005-07-18,R64,Andy Murray,Jesse Witten,6-4 6-2,tennis_data,td:0659e853b284,RCA Championships,2005-07-20,1st Round,Murray A.,Saretta F.,6-4 6-2
84bd06c5be81,,matches_vs_tennisdata,fuzzy_name,0.7,"sackmann,tml",sack:aba3ed9ad739+tml:aba3ed9ad739,Johannesburg,2010-02-01,R32,Thiago Alves,Alexandr Dolgopolov,5-7 6-2 6-3,tennis_data,td:31bf1bebe109,SA Tennis Open,2010-02-02,1st Round,Alves T.,Dolgopolov O.,5-7 6-2 6-3
e495bf95fe65,,matches_vs_tennisdata,fuzzy_name,0.611,"sackmann,tml",sack:1f0f04675f71+tml:1f0f04675f71,Kitzbuhel,2001-07-23,R32,Nicolas Lapentti,Jacobo Diaz,6-0 7-5,tennis_data,td:59485a74b6ea,Generali Open,2001-07-23,2nd Round,Lapentti N.,Golmard J.,6-0 7-5
3145e0100fd6,,matches_vs_tennisdata,swapped_winner_loser,1.0,"sackmann,tml",sack:045443f24fa4+tml:045443f24fa4,Kitzbuhel,2001-07-23,R64,Jacobo Diaz,Jerome Golmard,3-6 RET,tennis_data,td:60afdb5bea5c,Generali Open,2001-07-23,1st Round,Golmard J.,Diaz J.,3-6 Retired
9784b7a93d3c,,matches_vs_tennisdata,fuzzy_name,0.7,"sackmann,tml",sack:f189c22252f6+tml:f189c22252f6,Kitzbuhel,2007-07-23,R64,Christophe Rochus,Chris Guccione,7-6(6) 7-6(10),tennis_data,td:f0e19e02b03a,Austrian Open,2007-07-23,1st Round,Rochus C.,Guccione A.,7-6 7-6
f914105e5f10,,matches_vs_tennisdata,fuzzy_name,0.7,"sackmann,tml",sack:f15aa43b6b46+tml:f15aa43b6b46,Kitzbuhel,2017-07-31,R32,Thomaz Bellucci,Alexandr Dolgopolov,6-2 5-7 6-4,tennis_data,td:645c00e3793d,Generali Open,2017-07-31,1st Round,Bellucci T.,Dolgopolov O.,6-2 5-7 6-4
b7465026a26e,,matches_vs_tennisdata,fuzzy_name,0.63,"sackmann,tml",sack:c606cbd066ac+tml:84f58e9a3b98,Kitzbuhel,2022-07-25,R16,Albert Ramos,Juan Pablo Varillas,6-3 6-4,tennis_data,td:4c03db32a924,Generali Open,2022-07-27,2nd Round,Ramos-Vinolas A.,Varillas J. P.,6-3 6-4
e286d05ca154,,matches_vs_tennisdata,fuzzy_name,0.68,"sackmann,tml",sack:38407a3c631b+tml:38407a3c631b,Kitzbuhel,2022-07-25,R32,Juan Pablo Varillas,Carlos Taberner,6-4 6-3,tennis_data,td:8aac5100b495,Generali Open,2022-07-25,1st Round,Varillas J. P.,Taberner C.,6-4 6-3
028e7227820d,,matches_vs_tennisdata,fuzzy_name,0.7,tml,tml:a3b23eb2c581,Kitzbuhel,2026-07-21,R32,Kilian Feldbausch,Adolfo Daniel Vallejo,7-6(2) 6-1,tennis_data,td:a7a69de9c328,Generali Open,2026-07-21,1st Round,Feldbausch K.,Vallejo D.,7-6 6-1
4cc8a3f0bc81,,matches_vs_tennisdata,fuzzy_name,0.7,"sackmann,tml",sack:1639185f71fa+tml:1639185f71fa,Kuala Lumpur,2010-09-27,R16,Mikhail Youzhny,Alexandr Dolgopolov,6-1 5-7 7-5,tennis_data,td:b295d81a8577,Proton Malaysian Open,2010-09-29,2nd Round,Youzhny M.,Dolgopolov O.,6-1 5-7 7-5
c12a50fd97ae,,matches_vs_tennisdata,fuzzy_name,0.7,"sackmann,tml",sack:a4c43b3b299a+tml:a4c43b3b299a,Kuala Lumpur,2010-09-27,R32,Alexandr Dolgopolov,Laurent Recouderc,6-3 6-1,tennis_data,td:3302fe0c67c6,Proton Malaysian Open,2010-09-28,1st Round,Dolgopolov O.,Recouderc L.,6-3 6-1
a31e28ca9812,,matches_vs_tennisdata,fuzzy_name,0.7,"sackmann,tml",sack:ef2cbeb42b91+tml:ef2cbeb42b91,Kuala Lumpur,2012-09-24,R16,Alejandro Falla,Alexandr Dolgopolov,6-3 3-6 6-3,tennis_data,td:4e39d1250e9c,Malaysian Open,2012-09-27,2nd Round,Falla A.,Dolgopolov O.,6-3 3-6 6-3
c1a6330fdc64,,matches_vs_tennisdata,fuzzy_name,0.671,"sackmann,tml",sack:bf8bf28a889d+tml:bf8bf28a889d,Long Island,2004-08-23,R32,Joachim Johansson,Daniel Elsner,6-4 6-3,tennis_data,td:f6c59d53a710,TD Waterhouse Cup,2004-08-25,1st Round,Johansson J.,Elseneer G.,6-4 6-3
0577b0515920,,matches_vs_tennisdata,fuzzy_name,0.68,"sackmann,tml",sack:829cef81a4d9+tml:829cef81a4d9,Los Cabos,2022-08-01,R16,Cameron Norrie,Chun Hsin Tseng,6-3 6-0,tennis_data,td:b68a0d7e67ad,Los Cabos Open,2022-08-04,2nd Round,Norrie C.,Tseng C. H.,6-3 6-0
19665ce2e060,,matches_vs_tennisdata,fuzzy_name,0.68,"sackmann,tml",sack:6a292f0793ae+tml:1ad22395aea2,Los Cabos,2022-08-01,R16,Felix Auger Aliassime,Juan Alejandro Hernandez Serrano,6-3 7-5,tennis_data,td:89eaa7b023ab,Los Cabos Open,2022-08-04,2nd Round,Auger-Aliassime F.,Hernandez A.,6-3 7-5
87fdfb884e05,,matches_vs_tennisdata,fuzzy_name,0.68,"sackmann,tml",sack:f1de6ff03a81+tml:f1de6ff03a81,Los Cabos,2022-08-01,R32,Chun Hsin Tseng,Nick Chappell,6-4 6-4,tennis_data,td:581842e35fac,Los Cabos Open,2022-08-02,1st Round,Tseng C. H.,Chappell N.,6-4 6-4
86c6af271d1e,,matches_vs_tennisdata,fuzzy_name,0.68,"sackmann,tml",sack:98c61a0e5fda+tml:9b0826a01e4b,Los Cabos,2022-08-01,R32,Juan Alejandro Hernandez Serrano,Nicolas Barrientos,3-6 6-4 6-4,tennis_data,td:82fbf5165ac7,Los Cabos Open,2022-08-03,1st Round,Hernandez A.,Barrientos N.,3-6 6-4 6-4
25d2c10d7a46,,matches_vs_tennisdata,fuzzy_name,0.68,"sackmann,tml",sack:b8b79d5ce4bd+tml:b8b79d5ce4bd,Los Cabos,2023-07-31,R32,Dominik Koepfer,Tomas Barrios Vera,6-4 6-3,tennis_data,td:0a7c4cea658e,Los Cabos Open,2023-08-02,1st Round,Koepfer D.,Barrios M.,6-4 6-3
e3cb42a7d201,,matches_vs_tennisdata,fuzzy_name,0.68,"sackmann,tml",sack:d86a86c424f5+tml:410c7fa7673a,Los Cabos,2025-07-14,R16,Andrey Rublev,Juan Alejandro Hernandez Serrano,6-3 6-2,tennis_data,td:c32e0edc6b7b,Los Cabos Open,2025-07-17,2nd Round,Rublev A.,Hernandez A.,6-3 6-2
6d96d0daeff6,,matches_vs_tennisdata,fuzzy_name,0.68,"sackmann,tml",sack:3a1f9da70026+tml:6d1ef950b6d7,Los Cabos,2025-07-14,R16,Emilio Nava,Bu Yunchaokete,3-6 7-5 7-6(6),tennis_data,td:690210280d2f,Los Cabos Open,2025-07-17,2nd Round,Nava E.,Bu Y.,3-6 7-5 7-6
a8961f26bbc7,,matches_vs_tennisdata,fuzzy_name,0.68,"sackmann,tml",sack:70a54e686714+tml:a65af7cd3e51,Los Cabos,2025-07-14,R32,Juan Alejandro Hernandez Serrano,Taro Daniel,3-6 7-5 6-4,tennis_data,td:a14a2700d68d,Los Cabos Open,2025-07-15,1st Round,Hernandez A.,Daniel T.,3-6 7-5 6-4
ae7fa41d123a,,matches_vs_tennisdata,fuzzy_name,0.68,"sackmann,tml",sack:7fc25189f757+tml:5421bbdebc98,Los Cabos,2025-07-14,R32,Bu Yunchaokete,Alan Magadan,7-6(5) 6-2,tennis_data,td:1b721b45115b,Los Cabos Open,2025-07-16,1st Round,Bu Y.,Magadan A.,7-6 6-2
a31d9842c507,,matches_vs_tennisdata,fuzzy_name,0.7,"sackmann,tml",sack:28b374b50bba+tml:4150b2edbf1d,Lyon,2006-10-23,R32,Julien Benneteau,Julien Mathieu,7-5 6-4,tennis_data,td:fc33fde2dfe9,Grand Prix de Lyon,2006-10-24,1st Round,Benneteau J.,Mathieu P.H.,7-5 6-4
79ddf39a579a,,matches_vs_tennisdata,fuzzy_name,0.68,"sackmann,tml",sack:e988bdc42be3+tml:ab8befe3913a,Lyon,2023-05-22,R16,Francisco Cerundolo,Juan Pablo Varillas,6-2 0-0 RET,tennis_data,td:3b69015bb662,Lyon Open,2023-05-23,2nd Round,Cerundolo F.,Varillas J. P.,6-2 Retired
3c28d629c37d,,matches_vs_tennisdata,fuzzy_name,0.63,"sackmann,tml",sack:ad755d7d4900+tml:33ac21fa155e,Lyon,2023-05-22,R32,Juan Pablo Varillas,Albert Ramos,3-6 7-6(7) 6-4,tennis_data,td:4adcc9ce667a,Lyon Open,2023-05-21,1st Round,Varillas J. P.,Ramos-Vinolas A.,3-6 7-6 6-4
c8b3de46fe80,,matches_vs_tennisdata,fuzzy_name,0.7,"sackmann,tml",sack:8dc69414b404+tml:e100fa66bed3,Madrid Masters,2004-10-18,R64,Robby Ginepri,Juan Luis Tati Rascon,6-1 6-4,tennis_data,td:56a3972db7c3,Madrid Masters,2004-10-18,1st Round,Ginepri R.,Rascon T.,6-1 6-4
14e25245d46d,,matches_vs_tennisdata,fuzzy_name,0.7,"sackmann,tml",sack:059fe2fbf39b+tml:059fe2fbf39b,Madrid Masters,2007-10-15,R32,Nicolas Kiefer,Mikhail Youzhny,6-1 6-3,tennis_data,td:7ddd76b52fc5,Madrid Masters,2007-10-17,2nd Round,Kiefer N.,Youzhny A.,6-1 6-3
432679fdb229,,matches_vs_tennisdata,fuzzy_name,0.7,"sackmann,tml",sack:83817b701151+tml:83817b701151,Madrid Masters,2010-05-09,R32,Rafael Nadal,Alexandr Dolgopolov,6-4 6-3,tennis_data,td:94122d676fff,Mutua Madrileña Madrid Open,2010-05-12,2nd Round,Nadal R.,Dolgopolov O.,6-4 6-3
1010cf0d6512,,matches_vs_tennisdata,fuzzy_name,0.7,"sackmann,tml",sack:a994c35ad1d8+tml:a994c35ad1d8,Madrid Masters,2010-05-09,R64,Alexandr Dolgopolov,Andreas Seppi,6-3 6-4,tennis_data,td:3369b434f802,Mutua Madrileña Madrid Open,2010-05-10,1st Round,Dolgopolov O.,Seppi A.,6-3 6-4
fea2c22e8997,,matches_vs_tennisdata,fuzzy_name,0.7,"sackmann,tml",sack:6039a9e20525+tml:6039a9e20525,Madrid Masters,2011-05-01,R64,Santiago Giraldo,Alexandr Dolgopolov,6-1 7-5,tennis_data,td:a35eb67a085e,Mutua Madrileña Madrid Open,2011-05-01,1st Round,Giraldo S.,Dolgopolov O.,6-1 7-5
320cf4a4f3ea,,matches_vs_tennisdata,fuzzy_name,0.7,"sackmann,tml",sack:8e650cf4c7c5+tml:8e650cf4c7c5,Madrid Masters,2012-05-06,QF,Juan Martin del Potro,Alexandr Dolgopolov,6-3 6-4,tennis_data,td:159e6cdd59d5,Mutua Madrid Open,2012-05-11,Quarterfinals,Del Potro J.M.,Dolgopolov O.,6-3 6-4
d5d76edc7d47,,matches_vs_tennisdata,fuzzy_name,0.7,"sackmann,tml",sack:014a956c84ad+tml:014a956c84ad,Madrid Masters,2012-05-06,R16,Alexandr Dolgopolov,Jo-Wilfried Tsonga,7-5 3-6 7-6(2),tennis_data,td:3e9318f92576,Mutua Madrid Open,2012-05-10,3rd Round,Dolgopolov O.,Tsonga J.W.,7-5 3-6 7-6
537d0bededfc,,matches_vs_tennisdata,fuzzy_name,0.7,"sackmann,tml",sack:3c1dbfc7d7f2+tml:3c1dbfc7d7f2,Madrid Masters,2012-05-06,R32,Alexandr Dolgopolov,Andreas Seppi,6-7(5) 7-6(5) 6-3,tennis_data,td:d21a751a68b0,Mutua Madrid Open,2012-05-09,2nd Round,Dolgopolov O.,Seppi A.,6-7 7-6 6-3
e9014f243e25,,matches_vs_tennisdata,fuzzy_name,0.7,"sackmann,tml",sack:b24e968695a5+tml:b24e968695a5,Madrid Masters,2012-05-06,R64,Alexandr Dolgopolov,Pablo Andujar,7-6(5) 6-4,tennis_data,td:010b2475f617,Mutua Madrid Open,2012-05-08,1st Round,Dolgopolov O.,Andujar P.,7-6 6-4
e9fc9cfa9093,,matches_vs_tennisdata,fuzzy_name,0.7,"sackmann,tml",sack:8fef171c5986+tml:8fef171c5986,Madrid Masters,2013-05-05,R64,Robin Haase,Alexandr Dolgopolov,6-3 6-7(6) 6-2,tennis_data,td:736412a1674f,Mutua Madrid Open,2013-05-06,1st Round,Haase R.,Dolgopolov O.,6-3 6-7 6-2
4bce029a7cbe,,matches_vs_tennisdata,fuzzy_name,0.7,"sackmann,tml",sack:c812c088ef11+tml:c812c088ef11,Madrid Masters,2014-05-04,R32,Ernests Gulbis,Alexandr Dolgopolov,6-3 6-4,tennis_data,td:839082e2f4d0,Mutua Madrid Open,2014-05-07,2nd Round,Gulbis E.,Dolgopolov O.,6-3 6-4
189bc25581e7,,matches_vs_tennisdata,fuzzy_name,0.7,"sackmann,tml",sack:d1259dc2d696+tml:d1259dc2d696,Madrid Masters,2014-05-04,R64,Alexandr Dolgopolov,Fabio Fognini,7-5 4-6 6-3,tennis_data,td:ee58191915e5,Mutua Madrid Open,2014-05-06,1st Round,Dolgopolov O.,Fognini F.,7-5 4-6 6-3
a9ceb3710a60,,matches_vs_tennisdata,fuzzy_name,0.7,"sackmann,tml",sack:94978a1b2c95+tml:8ca10e81ea0b,Madrid Masters,2016-05-02,R32,Milos Raonic,Alexandr Dolgopolov,6-4 6-7(3) 6-2,tennis_data,td:a5ff2148e20c,Mutua Madrid Open,2016-05-03,2nd Round,Raonic M.,Dolgopolov O.,6-4 6-7 6-2
1aa20731354c,,matches_vs_tennisdata,fuzzy_name,0.7,"sackmann,tml",sack:c02154168941+tml:0826457ab560,Madrid Masters,2016-05-02,R64,Alexandr Dolgopolov,Steve Johnson,3-6 6-3 7-6(4),tennis_data,td:0ce54efe8d38,Mutua Madrid Open,2016-05-01,1st Round,Dolgopolov O.,Johnson S.,3-6 6-3 7-6
f90eb2f9fbad,,matches_vs_tennisdata,fuzzy_name,0.68,"sackmann,tml",sack:a6d8c240571c+tml:a6d8c240571c,Madrid Masters,2023-04-24,R128,Yannick Hanfmann,Juan Pablo Varillas,6-4 3-6 6-3,tennis_data,td:4df779d692f5,Mutua Madrid Open,2023-04-26,1st Round,Hanfmann Y.,Varillas J. P.,6-4 3-6 6-3
f7b0f9f7b035,,matches_vs_tennisdata,fuzzy_name,0.68,"sackmann,tml",sack:297dec022664+tml:99bdc1e47eb0,Madrid Masters,2025-04-23,R128,Jacob Fearnley,Bu Yunchaokete,6-3 7-6(2),tennis_data,td:b9d5995ba45d,Mutua Madrid Open,2025-04-24,1st Round,Fearnley J.,Bu Y.,6-3 7-6
0d2c4133089d,,matches_vs_tennisdata,fuzzy_name,0.7,"sackmann,tml",sack:d270a2aa5626+tml:4b6762cdbfd6,Madrid Masters,2026-04-22,R32,Flavio Cobolli,Adolfo Daniel Vallejo,6-3 6-2,tennis_data,td:c6b8e495f6d0,Mutua Madrid Open,2026-04-27,3rd Round,Cobolli F.,Vallejo D.,6-3 6-2
a8f7b2ec2614,,matches_vs_tennisdata,fuzzy_name,0.7,"sackmann,tml",sack:9931a25fd1cd+tml:934aef3d6f6d,Madrid Masters,2026-04-22,R64,Adolfo Daniel Vallejo,Learner Tien,6-4 6-3,tennis_data,td:852aa29135a3,Mutua Madrid Open,2026-04-25,2nd Round,Vallejo D.,Tien L.,6-4 6-3
85f665586522,,matches_vs_tennisdata,fuzzy_name,0.7,"sackmann,tml",sack:30fb3016f53c+tml:873baa5d6f7c,Madrid Masters,2026-04-22,R128,Adolfo Daniel Vallejo,Grigor Dimitrov,6-4 6-4,tennis_data,td:4b0079d7fdb0,Mutua Madrid Open,2026-04-23,1st Round,Vallejo D.,Dimitrov G.,6-4 6-4
f60d7cf79c27,,matches_vs_tennisdata,fuzzy_name,0.68,"sackmann,tml",sack:1da7e80b47fe+tml:add1be0a6a36,Mallorca,2025-06-22,R32,Laslo Djere,Bu Yunchaokete,6-4 6-4,tennis_data,td:0e2dc7c4052d,Mallorca Championships,2025-06-22,1st Round,Djere L.,Bu Y.,6-4 6-4
bd9bee6f3500,,matches_vs_tennisdata,fuzzy_name,0.7,tml,tml:5f4438f83534,Mallorca,2026-06-22,R32,Yannick Hanfmann,Adolfo Daniel Vallejo,7-6(2) 7-6(2),tennis_data,td:65c247d1c3b1,Mallorca Championships,2026-06-21,1st Round,Hanfmann Y.,Vallejo D.,7-6 7-6
7d57a38ee082,,matches_vs_tennisdata,fuzzy_name,0.7,"sackmann,tml",sack:b1021582e6ce+tml:b1021582e6ce,Marrakech,2018-04-09,R32,Andrea Arnaboldi,Alexandr Dolgopolov,6-2 6-3,tennis_data,td:2d28cd80b6db,Grand Prix Hassan II,2018-04-10,1st Round,Arnaboldi A.,Dolgopolov O.,6-2 6-3
12b46a7886ae,,matches_vs_tennisdata,swapped_winner_loser,1.0,"sackmann,tml",sack:276c40f948c3+tml:276c40f948c3,Marrakech,2023-04-03,R16,Roberto Carballes Baena,Dimitar Kuzmanov,2-0 RET,tennis_data,td:f78f442889fa,Grand Prix Hassan II,2023-04-06,2nd Round,Kuzmanov D.,Carballes Baena R.,0-2 Retired
b1dd152ed7dd,,matches_vs_tennisdata,fuzzy_name,0.548,"sackmann,tml",sack:dd4d931f5d02+tml:dd4d931f5d02,Marseille,2003-02-10,R32,Olivier Mutis,Christian Vinck,6-4 2-6 7-5,tennis_data,td:420f2977907d,Open 13,2003-02-12,1st Round,Mutis O.,Schuettler R.,6-4 2-6 7-5
8e0c73e28796,,matches_vs_tennisdata,fuzzy_name,0.7,"sackmann,tml",sack:33829b7e951d+tml:33829b7e951d,Marseille,2005-02-07,R32,Ivo Karlovic,Jimmy Wang,6-4 7-6(4),tennis_data,td:e383f0afcc1b,Open 13,2005-02-09,1st Round,Karlovic I.,Wang Y.T.,6-4 7-6
392de0866c90,,matches_vs_tennisdata,fuzzy_name,0.7,"sackmann,tml",sack:bf8d80ac31f1+tml:bf8d80ac31f1,Marseille,2012-02-20,R16,Michael Llodra,Alexandr Dolgopolov,6-4 5-7 7-6(5),tennis_data,td:126ec38d1641,Open 13,2012-02-23,2nd Round,Llodra M.,Dolgopolov O.,6-4 5-7 7-6
6a7a1585c3aa,,matches_vs_tennisdata,fuzzy_name,0.7,"sackmann,tml",sack:5830fe88e44f+tml:5830fe88e44f,Marseille,2012-02-20,R32,Alexandr Dolgopolov,Lukas Rosol,2-6 7-6(1) 6-3,tennis_data,td:5aa13d5c8c66,Open 13,2012-02-22,1st Round,Dolgopolov O.,Rosol L.,2-6 7-6 6-3
af27d726e5ff,,matches_vs_tennisdata,fuzzy_name,0.7,"sackmann,tml",sack:5086037020c4+tml:5086037020c4,Masters Cup,2006-11-13,RR,Nikolay Davydenko,Tommy Robredo,7-6(8) 3-6 6-1,tennis_data,td:248009c942c5,Masters Cup,2006-11-13,Round Robin,Davydenko N.,Robredo R.,7-6 3-6 6-1
2e924ff28772,,matches_vs_tennisdata,fuzzy_name,0.7,"sackmann,tml",sack:3f1f4a31b2e8+tml:3f1f4a31b2e8,Masters Cup,2006-11-13,RR,Tommy Robredo,James Blake,6-2 3-6 7-5,tennis_data,td:3dfe5fdfedd5,Masters Cup,2006-11-17,Round Robin,Robredo R.,Blake J.,6-2 3-6 7-5
d40dddfbf63b,,matches_vs_tennisdata,fuzzy_name,0.7,"sackmann,tml",sack:75f0fd13f87e+tml:75f0fd13f87e,Masters Cup,2006-11-13,RR,Rafael Nadal,Tommy Robredo,7-6(2) 6-2,tennis_data,td:d4fffb34cb0c,Masters Cup,2006-11-15,Round Robin,Nadal R.,Robredo R.,7-6 6-2
a40eedb9ffda,,matches_vs_tennisdata,fuzzy_name,0.68,"sackmann,tml",sack:5f6aca52d51f+tml:5f6aca52d51f,Memphis,2003-02-17,R16,Taylor Dent,Jan Michael Gambill,7-6(8) 7-6(4),tennis_data,td:90a3386438c7,Kroger St. Jude,2003-02-20,2nd Round,Dent T.,Gambill J. M.,7-6 7-6
c0809955cefc,,matches_vs_tennisdata,fuzzy_name,0.68,"sackmann,tml",sack:336d58132b21+tml:336d58132b21,Memphis,2003-02-17,R32,Jan Michael Gambill,Zeljko Krajan,4-6 6-3 6-4,tennis_data,td:6191d344032e,Kroger St. Jude,2003-02-19,1st Round,Gambill J. M.,Krajan Z.,4-6 6-3 6-4
ebd08142f8c9,,matches_vs_tennisdata,swapped_winner_loser,1.0,"sackmann,tml",sack:7e28752db93b+tml:7e28752db93b,Memphis,2005-02-14,F,Kenneth Carlsen,Max Mirnyi,7-5 7-5,tennis_data,td:daa0fa47f3b3,Regions Morgan Keegan Championships,2005-02-20,The Final,Mirnyi M.,Carlsen K.,7-5 7-5
4d71b80852f8,,matches_vs_tennisdata,fuzzy_name,0.7,"sackmann,tml",sack:03cc6f84d811+tml:03cc6f84d811,Memphis,2006-02-20,R32,Julien Benneteau,Jimmy Wang,3-6 6-3 7-6(2),tennis_data,td:582d971b7e6e,Regions Morgan Keegan Championships,2006-02-21,1st Round,Benneteau J.,Wang Y.T.,3-6 6-3 7-6
be6829212333,,matches_vs_tennisdata,fuzzy_name,0.7,"sackmann,tml",sack:0624796ac0c0+tml:0624796ac0c0,Memphis,2013-02-18,QF,Marinko Matosevic,Alexandr Dolgopolov,6-7(6) 6-2 6-4,tennis_data,td:9b3a01970b56,U.S. National Indoor Tennis Championships,2013-02-22,Quarterfinals,Matosevic M.,Dolgopolov O.,6-7 6-2 6-4
86fa9749aa96,,matches_vs_tennisdata,fuzzy_name,0.7,"sackmann,tml",sack:e29ef430f414+tml:e29ef430f414,Memphis,2013-02-18,R16,Alexandr Dolgopolov,Rhyne Williams,6-4 4-6 6-4,tennis_data,td:b35545751850,U.S. National Indoor Tennis Championships,2013-02-21,2nd Round,Dolgopolov O.,Williams R.,6-4 4-6 6-4
f13b7ad76087,,matches_vs_tennisdata,fuzzy_name,0.7,"sackmann,tml",sack:7519223d6855+tml:7519223d6855,Memphis,2013-02-18,R32,Alexandr Dolgopolov,Bjorn Phau,6-3 6-4,tennis_data,td:7a7109a2a266,U.S. National Indoor Tennis Championships,2013-02-20,1st Round,Dolgopolov O.,Phau B.,6-3 6-4
dfa0addd0ced,,matches_vs_tennisdata,fuzzy_name,0.7,"sackmann,tml",sack:ce81fa4a137f+tml:69cebc1fd567,Memphis,2015-02-09,R16,Bernard Tomic,Alexandr Dolgopolov,6-1 7-5,tennis_data,td:a4e8b9c87702,Memphis Open,2015-02-12,2nd Round,Tomic B.,Dolgopolov O.,6-1 7-5
da084f2e3472,,matches_vs_tennisdata,fuzzy_name,0.7,"sackmann,tml",sack:7da440e6b10b+tml:7da440e6b10b,Metz,2003-09-29,R16,Philipp Petzschner,Thierry Ascione,6-4 7-6(4),tennis_data,td:b3034d1c549d,Open de Moselle,2003-10-02,2nd Round,Petzschner P.,Ascione A.,6-4 7-6
8cfc42961fd4,,matches_vs_tennisdata,fuzzy_name,0.7,"sackmann,tml",sack:a8bc837af601+tml:a8bc837af601,Metz,2003-09-29,R32,Thierry Ascione,Vladimir Voltchkov,6-2 6-4,tennis_data,td:9313d1a62e5b,Open de Moselle,2003-09-30,1st Round,Ascione A.,Voltchkov V.,6-2 6-4
d9fd2553658b,,matches_vs_tennisdata,fuzzy_name,0.7,"sackmann,tml",sack:42cac84d011e+tml:42cac84d011e,Metz,2011-09-19,SF,Jo-Wilfried Tsonga,Alexandr Dolgopolov,6-4 6-4,tennis_data,td:d5395896f0d2,Open de Moselle,2011-09-24,Semifinals,Tsonga J.W.,Dolgopolov O.,6-4 6-4
6aed81dd7462,,matches_vs_tennisdata,fuzzy_name,0.7,"sackmann,tml",sack:4f00b43fd67b+tml:4f00b43fd67b,Metz,2011-09-19,QF,Alexandr Dolgopolov,Xavier Malisse,6-3 1-0 RET,tennis_data,td:57fce29974a3,Open de Moselle,2011-09-23,Quarterfinals,Dolgopolov O.,Malisse X.,6-3 1-0 Retired
57ea0bac019e,,matches_vs_tennisdata,fuzzy_name,0.7,"sackmann,tml",sack:17e83e6c2b67+tml:17e83e6c2b67,Metz,2011-09-19,R16,Alexandr Dolgopolov,Marcos Baghdatis,6-7(5) 7-5 6-3,tennis_data,td:870519f084be,Open de Moselle,2011-09-21,2nd Round,Dolgopolov O.,Baghdatis M.,6-7 7-5 6-3
8b3bb9f05013,,matches_vs_tennisdata,fuzzy_name,0.68,"sackmann,tml",sack:a929ca30c93c+tml:0ca0cdc89b87,Metz,2024-11-04,QF,Alex Michelsen,Bu Yunchaokete,6-7(6) 6-2 6-4,tennis_data,td:e2dc9fade74e,Open de Moselle,2024-11-07,Quarterfinals,Michelsen A.,Bu Y.,6-7 6-2 6-4
0efd8076c531,,matches_vs_tennisdata,fuzzy_name,0.68,"sackmann,tml",sack:09dfcbea5efb+tml:34f6d2327117,Metz,2024-11-04,R16,Bu Yunchaokete,Jesper De Jong,6-4 7-6(1),tennis_data,td:22a2324202c0,Open de Moselle,2024-11-06,2nd Round,Bu Y.,De Jong J.,6-4 7-6
30a104e681ba,,matches_vs_tennisdata,fuzzy_name,0.68,"sackmann,tml",sack:1040ce8b2397+tml:019839b78b64,Metz,2024-11-04,R32,Bu Yunchaokete,Adrian Mannarino,7-6(4) 6-4,tennis_data,td:a41492f552a2,Open de Moselle,2024-11-05,1st Round,Bu Y.,Mannarino A.,7-6 6-4
a8cb519740fb,,matches_vs_tennisdata,fuzzy_name,0.7,"sackmann,tml",sack:844754bba4c0+tml:844754bba4c0,Miami Masters,2011-03-23,R16,Rafael Nadal,Alexandr Dolgopolov,6-1 6-2,tennis_data,td:8512ff0a5cb0,Sony Ericsson Open,2011-03-30,4th Round,Nadal R.,Dolgopolov O.,6-1 6-2
3e25e3c3e99b,,matches_vs_tennisdata,fuzzy_name,0.7,"sackmann,tml",sack:73b3ef518ebf+tml:73b3ef518ebf,Miami Masters,2011-03-23,R32,Alexandr Dolgopolov,Jo-Wilfried Tsonga,6-7(2) 6-4 7-5,tennis_data,td:dc607bc605f8,Sony Ericsson Open,2011-03-29,3rd Round,Dolgopolov O.,Tsonga J.W.,6-7 6-4 7-5
a89be6c06b95,,matches_vs_tennisdata,fuzzy_name,0.7,"sackmann,tml",sack:783570f21606+tml:783570f21606,Miami Masters,2011-03-23,R64,Alexandr Dolgopolov,Andreas Seppi,6-1 5-3 RET,tennis_data,td:8b47b68206af,Sony Ericsson Open,2011-03-26,2nd Round,Dolgopolov O.,Seppi A.,6-1 5-3 Retired
c0a44c2d8823,,matches_vs_tennisdata,fuzzy_name,0.7,"sackmann,tml",sack:4ac53e38715d+tml:4ac53e38715d,Miami Masters,2012-03-21,R32,Janko Tipsarevic,Alexandr Dolgopolov,6-4 5-7 6-2,tennis_data,td:904a819bc26f,Sony Ericsson Open,2012-03-25,3rd Round,Tipsarevic J.,Dolgopolov O.,6-4 5-7 6-2
439e3c1650ad,,matches_vs_tennisdata,fuzzy_name,0.7,"sackmann,tml",sack:71d3dc67e096+tml:71d3dc67e096,Miami Masters,2012-03-21,R64,Alexandr Dolgopolov,Antonio Veic,6-4 7-5,tennis_data,td:0ccca29eca22,Sony Ericsson Open,2012-03-23,2nd Round,Dolgopolov O.,Veic A.,6-4 7-5
748cdd0b4a22,,matches_vs_tennisdata,fuzzy_name,0.7,"sackmann,tml",sack:1caf5e0c94b3+tml:1caf5e0c94b3,Miami Masters,2013-03-20,R32,Tommy Haas,Alexandr Dolgopolov,6-3 6-2,tennis_data,td:a6c3b78518fc,Sony Ericsson Open,2013-03-24,3rd Round,Haas T.,Dolgopolov O.,6-3 6-2
cd737145487c,,matches_vs_tennisdata,fuzzy_name,0.7,"sackmann,tml",sack:3c95d183ea10+tml:3c95d183ea10,Miami Masters,2013-03-20,R64,Alexandr Dolgopolov,Nikolay Davydenko,6-2 6-3,tennis_data,td:f077528e89da,Sony Ericsson Open,2013-03-22,2nd Round,Dolgopolov O.,Davydenko N.,6-2 6-3
a68e0328fe97,,matches_vs_tennisdata,fuzzy_name,0.7,"sackmann,tml",sack:aa723d7025f7+tml:aa723d7025f7,Miami Masters,2014-03-19,QF,Tomas Berdych,Alexandr Dolgopolov,6-4 7-6(3),tennis_data,td:7589616020b8,Sony Ericsson Open,2014-03-27,Quarterfinals,Berdych T.,Dolgopolov O.,6-4 7-6
c248b50603ef,,matches_vs_tennisdata,fuzzy_name,0.7,"sackmann,tml",sack:7d7e37393d17+tml:7d7e37393d17,Miami Masters,2014-03-19,R16,Alexandr Dolgopolov,Stan Wawrinka,6-4 3-6 6-1,tennis_data,td:0e09cf128367,Sony Ericsson Open,2014-03-25,4th Round,Dolgopolov O.,Wawrinka S.,6-4 3-6 6-1
e33882a43934,,matches_vs_tennisdata,fuzzy_name,0.7,"sackmann,tml",sack:df8e110e635d+tml:df8e110e635d,Miami Masters,2014-03-19,R32,Alexandr Dolgopolov,Dusan Lajovic,3-6 6-0 7-6(5),tennis_data,td:5a22584d3bc4,Sony Ericsson Open,2014-03-24,3rd Round,Dolgopolov O.,Lajovic D.,3-6 6-0 7-6
65ffbb05340b,,matches_vs_tennisdata,fuzzy_name,0.7,"sackmann,tml",sack:fd7d8ef17c6e+tml:fd7d8ef17c6e,Miami Masters,2014-03-19,R64,Alexandr Dolgopolov,Jarkko Nieminen,6-4 6-2,tennis_data,td:2b2235b14cb2,Sony Ericsson Open,2014-03-22,2nd Round,Dolgopolov O.,Nieminen J.,6-4 6-2
10974b4dd0cb,,matches_vs_tennisdata,fuzzy_name,0.7,"sackmann,tml",sack:3af144bf16e7+tml:3af144bf16e7,Miami Masters,2015-03-25,R16,Novak Djokovic,Alexandr Dolgopolov,6-7(3) 7-5 6-0,tennis_data,td:7e58ac12e739,Sony Ericsson Open,2015-03-31,4th Round,Djokovic N.,Dolgopolov O.,6-7 7-5 6-0
12984dab0150,,matches_vs_tennisdata,fuzzy_name,0.7,"sackmann,tml",sack:1b3d17f0e9c9+tml:1b3d17f0e9c9,Miami Masters,2015-03-25,R32,Alexandr Dolgopolov,Thomaz Bellucci,7-5 6-4,tennis_data,td:d760bb1c9d25,Sony Ericsson Open,2015-03-30,3rd Round,Dolgopolov O.,Bellucci T.,7-5 6-4
8b6110b3ddbd,,matches_vs_tennisdata,fuzzy_name,0.7,"sackmann,tml",sack:eed902a75c36+tml:eed902a75c36,Miami Masters,2015-03-25,R64,Alexandr Dolgopolov,Tommy Robredo,6-7(1) 6-3 7-5,tennis_data,td:408caedc38ac,Sony Ericsson Open,2015-03-28,2nd Round,Dolgopolov O.,Robredo T.,6-7 6-3 7-5
7c5372fc7cc0,,matches_vs_tennisdata,fuzzy_name,0.7,"sackmann,tml",sack:d182e082f2c6+tml:d182e082f2c6,Miami Masters,2015-03-25,R128,Alexandr Dolgopolov,Ricardas Berankis,6-4 6-1,tennis_data,td:61a4803b3bfa,Sony Ericsson Open,2015-03-26,1st Round,Dolgopolov O.,Berankis R.,6-4 6-1
f336eba099f3,,matches_vs_tennisdata,fuzzy_name,0.7,"sackmann,tml",sack:8fee456f051d+tml:8e99dc948a87,Miami Masters,2016-03-21,R32,Kei Nishikori,Alexandr Dolgopolov,6-2 6-2,tennis_data,td:7ec87f17c4d2,Sony Ericsson Open,2016-03-28,3rd Round,Nishikori K.,Dolgopolov O.,6-2 6-2
3dbb58eec4fe,,matches_vs_tennisdata,fuzzy_name,0.7,"sackmann,tml",sack:7a005b27c409+tml:4d79e1943968,Miami Masters,2016-03-21,R64,Alexandr Dolgopolov,Andreas Seppi,6-4 6-4,tennis_data,td:17ad91bd08ab,Sony Ericsson Open,2016-03-26,2nd Round,Dolgopolov O.,Seppi A.,6-4 6-4
b0ce439c1e27,,matches_vs_tennisdata,fuzzy_name,0.7,"sackmann,tml",sack:1fd0ce0ce540+tml:ec91129f619b,Miami Masters,2017-03-20,R128,Malek Jaziri,Alexandr Dolgopolov,7-6(4) 0-0 RET,tennis_data,td:1fd258f887ec,Sony Ericsson Open,2017-03-24,1st Round,Jaziri M.,Dolgopolov O.,7-6 Retired
ab476f2c3574,,matches_vs_tennisdata,fuzzy_name,0.68,"sackmann,tml",sack:3d0d8e0f98af+tml:7f14022beeca,Miami Masters,2025-03-19,R64,Alex De Minaur,Bu Yunchaokete,6-4 6-4,tennis_data,td:a461a48c8f5b,Miami Open,2025-03-23,2nd Round,De Minaur A.,Bu Y.,6-4 6-4
ad8c0f58fdbc,,matches_vs_tennisdata,fuzzy_name,0.68,"sackmann,tml",sack:4b7ecfb7bd86+tml:9d719f474574,Miami Masters,2025-03-19,R128,Bu Yunchaokete,Cameron Norrie,6-4 6-2,tennis_data,td:9557d3d9cb7c,Miami Open,2025-03-20,1st Round,Bu Y.,Norrie C.,6-4 6-2
c337f7d3d700,,matches_vs_tennisdata,fuzzy_name,0.68,"sackmann,tml",sack:ca777f04bde8+tml:ef8158494fe1,Miami Masters,2026-03-18,R128,Arthur Cazaux,Tomas Barrios Vera,7-5 6-4,tennis_data,td:4fdf494113a5,Miami Open,2026-03-20,1st Round,Cazaux A.,Barrios M.,7-5 6-4
dde85c5d20a3,,matches_vs_tennisdata,fuzzy_name,0.7,"sackmann,tml",sack:61d3c7fee932+tml:61d3c7fee932,Monte Carlo Masters,2007-04-15,R32,Ivan Ljubicic,Radek Stepanek,7-6(6) 7-6(5),tennis_data,td:9dba7ccebaa4,Monte Carlo Masters,2007-04-18,2nd Round,Ljubicic I.,Stepanek M.,7-6 7-6
b1468fd14d7d,,matches_vs_tennisdata,fuzzy_name,0.7,"sackmann,tml",sack:91b37b6c4b92+tml:91b37b6c4b92,Monte Carlo Masters,2007-04-15,R64,Radek Stepanek,Gael Monfils,6-0 2-0 RET,tennis_data,td:f93ed902df9c,Monte Carlo Masters,2007-04-16,1st Round,Stepanek M.,Monfils G.,6-0 2-0 Retired
8f1fed4cf893,,matches_vs_tennisdata,fuzzy_name,0.7,"sackmann,tml",sack:8abb06eb5f61+tml:8abb06eb5f61,Monte Carlo Masters,2010-04-11,R64,Julien Benneteau,Alexandr Dolgopolov,6-4 5-7 6-2,tennis_data,td:9e20394355b1,Monte Carlo Masters,2010-04-12,1st Round,Benneteau J.,Dolgopolov O.,6-4 5-7 6-2
0784bf036220,,matches_vs_tennisdata,fuzzy_name,0.7,"sackmann,tml",sack:71dcbfeaef06+tml:71dcbfeaef06,Monte Carlo Masters,2011-04-10,R64,Ernests Gulbis,Alexandr Dolgopolov,6-1 6-4,tennis_data,td:7d3790c59997,Monte Carlo Masters,2011-04-10,1st Round,Gulbis E.,Dolgopolov O.,6-1 6-4
4bb6d6cb2636,,matches_vs_tennisdata,fuzzy_name,0.7,"sackmann,tml",sack:d58991501f36+tml:d58991501f36,Monte Carlo Masters,2012-04-15,R16,Novak Djokovic,Alexandr Dolgopolov,2-6 6-1 6-4,tennis_data,td:e01036117f81,Monte Carlo Masters,2012-04-19,3rd Round,Djokovic N.,Dolgopolov O.,2-6 6-1 6-4
4559b6cac4a7,,matches_vs_tennisdata,fuzzy_name,0.7,"sackmann,tml",sack:f40f257bbdf4+tml:f40f257bbdf4,Monte Carlo Masters,2012-04-15,R32,Alexandr Dolgopolov,Bernard Tomic,6-2 5-7 6-1,tennis_data,td:6c0a1d423cbc,Monte Carlo Masters,2012-04-18,2nd Round,Dolgopolov O.,Tomic B.,6-2 5-7 6-1
60a89b361b0c,,matches_vs_tennisdata,fuzzy_name,0.7,"sackmann,tml",sack:1a69724acbfa+tml:1a69724acbfa,Monte Carlo Masters,2012-04-15,R64,Alexandr Dolgopolov,Juan Ignacio Chela,6-2 6-2,tennis_data,td:33ff8326b853,Monte Carlo Masters,2012-04-16,1st Round,Dolgopolov O.,Chela J.I.,6-2 6-2
268fcdefcd5a,,matches_vs_tennisdata,fuzzy_name,0.7,"sackmann,tml",sack:a52d3fd8af7c+tml:a52d3fd8af7c,Monte Carlo Masters,2013-04-14,R32,Juan Martin del Potro,Alexandr Dolgopolov,1-6 6-4 6-3,tennis_data,td:c2fdc2f84442,Monte Carlo Masters,2013-04-16,2nd Round,Del Potro J.M.,Dolgopolov O.,1-6 6-4 6-3
7271fec23635,,matches_vs_tennisdata,fuzzy_name,0.7,"sackmann,tml",sack:7639b11e25b3+tml:7639b11e25b3,Monte Carlo Masters,2013-04-14,R64,Alexandr Dolgopolov,Bernard Tomic,6-2 6-4,tennis_data,td:abe2c8780332,Monte Carlo Masters,2013-04-14,1st Round,Dolgopolov O.,Tomic B.,6-2 6-4
ffaa526a3ceb,,matches_vs_tennisdata,fuzzy_name,0.7,"sackmann,tml",sack:cc239dbd725f+tml:cc239dbd725f,Monte Carlo Masters,2014-04-13,R32,Guillermo Garcia Lopez,Alexandr Dolgopolov,6-1 7-5,tennis_data,td:f728469fc06b,Monte Carlo Masters,2014-04-16,2nd Round,Garcia-Lopez G.,Dolgopolov O.,6-1 7-5
a5da4c03cffc,,matches_vs_tennisdata,fuzzy_name,0.7,"sackmann,tml",sack:8f5b8c59d25f+tml:8f5b8c59d25f,Monte Carlo Masters,2014-04-13,R64,Alexandr Dolgopolov,Ernests Gulbis,6-2 6-4,tennis_data,td:9f6baf1828bd,Monte Carlo Masters,2014-04-13,1st Round,Dolgopolov O.,Gulbis E.,6-2 6-4
0e2cf288fd91,,matches_vs_tennisdata,fuzzy_name,0.7,"sackmann,tml",sack:229d9dc0beca+tml:229d9dc0beca,Monte Carlo Masters,2015-04-12,R32,Gael Monfils,Alexandr Dolgopolov,7-6(5) 7-6(6),tennis_data,td:136033de5146,Monte Carlo Masters,2015-04-15,2nd Round,Monfils G.,Dolgopolov O.,7-6 7-6
e61f064bce7a,,matches_vs_tennisdata,fuzzy_name,0.7,"sackmann,tml",sack:ad82b601aa52+tml:ad82b601aa52,Monte Carlo Masters,2015-04-12,R64,Alexandr Dolgopolov,Borna Coric,7-5 5-7 6-2,tennis_data,td:9c274af24e5b,Monte Carlo Masters,2015-04-13,1st Round,Dolgopolov O.,Coric B.,7-5 5-7 6-2
f0c12669082a,,matches_vs_tennisdata,fuzzy_name,0.68,"sackmann,tml",sack:94ac4daa18f7+tml:5604d578f852,Monte Carlo Masters,2025-04-07,R64,Lorenzo Musetti,Bu Yunchaokete,4-6 7-5 6-3,tennis_data,td:7c68922c5c41,Monte Carlo Masters,2025-04-07,1st Round,Musetti L.,Bu Y.,4-6 7-5 6-3
5f1673d0f02c,,matches_vs_tennisdata,fuzzy_name,0.68,"sackmann,tml",sack:cd536cdada0e+tml:457b63a2c877,Montpellier,2025-01-27,QF,Felix Auger Aliassime,Bu Yunchaokete,6-3 6-4,tennis_data,td:aac66af3135e,Open Sud de France,2025-01-31,Quarterfinals,Auger-Aliassime F.,Bu Y.,6-3 6-4
1ddc79ee89a4,,matches_vs_tennisdata,fuzzy_name,0.68,"sackmann,tml",sack:47231e22a868+tml:3953a9bf8560,Montpellier,2025-01-27,R16,Bu Yunchaokete,Constant Lestienne,6-2 6-1,tennis_data,td:3a315650d01e,Open Sud de France,2025-01-29,2nd Round,Bu Y.,Lestienne C.,6-2 6-1
fa1ff5b467bb,,matches_vs_tennisdata,fuzzy_name,0.68,"sackmann,tml",sack:8f1f6e7d41af+tml:21a24ecff1ee,Montpellier,2025-01-27,R32,Bu Yunchaokete,Daniel Altmaier,7-6(1) 6-3,tennis_data,td:953bcdcd349b,Open Sud de France,2025-01-27,1st Round,Bu Y.,Altmaier D.,7-6 6-3
519cdb8cb7ab,,matches_vs_tennisdata,fuzzy_name,0.689,"sackmann,tml",sack:8b607fdbc070+tml:8b607fdbc070,Moscow,2006-10-09,R32,Igor Kunitsyn,Rainer Schuettler,6-3 6-2,tennis_data,td:b085354d8a93,Kremlin Cup,2006-10-10,1st Round,Kunitsyn I.,Schuttler P.,6-3 6-2
b320332111b9,,matches_vs_tennisdata,fuzzy_name,0.7,"sackmann,tml",sack:ef9baa54917b+tml:ef9baa54917b,Moscow,2010-10-18,QF,Marcos Baghdatis,Alexandr Dolgopolov,6-2 7-6(7),tennis_data,td:21d3652800f3,Kremlin Cup,2010-10-22,Quarterfinals,Baghdatis M.,Dolgopolov O.,6-2 7-6
5e4b0694cb13,,matches_vs_tennisdata,fuzzy_name,0.7,"sackmann,tml",sack:f91fbf1ba6a1+tml:f91fbf1ba6a1,Moscow,2010-10-18,R16,Alexandr Dolgopolov,Sergiy Stakhovsky,6-2 7-6(4),tennis_data,td:1ac6959b18fa,Kremlin Cup,2010-10-21,2nd Round,Dolgopolov O.,Stakhovsky S.,6-2 7-6
01aeb764cb9e,,matches_vs_tennisdata,fuzzy_name,0.7,"sackmann,tml",sack:e16edaf3101f+tml:e16edaf3101f,Moscow,2010-10-18,R32,Alexandr Dolgopolov,Ilya Belyaev,6-2 6-4,tennis_data,td:2ee117f2bbab,Kremlin Cup,2010-10-19,1st Round,Dolgopolov O.,Belyaev I.,6-2 6-4
5ea4ce299f75,,matches_vs_tennisdata,fuzzy_name,0.7,"sackmann,tml",sack:9a229577521a+tml:9a229577521a,Moscow,2011-10-17,R16,Jeremy Chardy,Alexandr Dolgopolov,6-3 7-6(6),tennis_data,td:fb5cbd5cef6e,Kremlin Cup,2011-10-20,2nd Round,Chardy J.,Dolgopolov O.,6-3 7-6
c1b4df0cac21,,matches_vs_tennisdata,fuzzy_name,0.7,"sackmann,tml",sack:930b8858e7c2+tml:930b8858e7c2,Moscow,2012-10-15,R16,Edouard Roger-Vasselin,Alexandr Dolgopolov,6-3 5-7 7-6(6),tennis_data,td:d634b5deadd2,Kremlin Cup,2012-10-18,2nd Round,Roger-Vasselin E.,Dolgopolov O.,6-3 5-7 7-6
c1807c232a8a,,matches_vs_tennisdata,fuzzy_name,0.7,"sackmann,tml",sack:41c777acd25d+tml:41c777acd25d,Moscow,2013-10-14,R16,Mikhail Kukushkin,Alexandr Dolgopolov,6-4 6-4,tennis_data,td:c5620efc578a,Kremlin Cup,2013-10-17,2nd Round,Kukushkin M.,Dolgopolov O.,6-4 6-4
7557c50455dc,,matches_vs_tennisdata,fuzzy_name,0.7,"sackmann,tml",sack:7b120dbbf6af+tml:7b120dbbf6af,Moscow,2013-10-14,R32,Andrey Golubev,Aleksandr Nedovyesov,6-2 7-5,tennis_data,td:5610c07d5eeb,Kremlin Cup,2013-10-15,1st Round,Golubev A.,Nedovyesov O.,6-2 7-5
119c3a232f68,,matches_vs_tennisdata,fuzzy_name,0.7,"sackmann,tml",sack:15215e642b8b+tml:15215e642b8b,Munich,2003-04-28,R16,Radek Stepanek,Paradorn Srichaphan,6-3 6-2,tennis_data,td:9d58728cc4b6,BMW Open,2003-04-30,2nd Round,Stepanek R.,Srichaphan N.,6-3 6-2
a012345c1cef,,matches_vs_tennisdata,fuzzy_name,0.7,"sackmann,tml",sack:f62d0e369c37+tml:f62d0e369c37,Munich,2003-04-28,R32,Paradorn Srichaphan,Michael Kohlmann,6-4 6-1,tennis_data,td:737be75831a4,BMW Open,2003-04-28,1st Round,Srichaphan N.,Kohlmann M.,6-4 6-1
7caf9515c63e,,matches_vs_tennisdata,fuzzy_name,0.7,"sackmann,tml",sack:c0064c70c87d+tml:c0064c70c87d,Munich,2007-04-30,R32,Matthias Bachinger,Andreas Beck,6-2 6-7(5) 7-5,tennis_data,td:728f03c1ad6a,BMW Open,2007-05-01,1st Round,Bachinger M.,Beck K.,6-2 6-7 7-5
2ca062e85fda,,matches_vs_tennisdata,fuzzy_name,0.7,"sackmann,tml",sack:6f103ec3b97b+tml:6f103ec3b97b,Munich,2010-05-02,R32,Santiago Ventura,Alexandr Dolgopolov,6-7(5) 6-3 6-3,tennis_data,td:711f8b4bcf0b,BMW Open,2010-05-05,1st Round,Ventura S.,Dolgopolov O.,6-7 6-3 6-3
ae4caef57fdc,,matches_vs_tennisdata,fuzzy_name,0.7,"sackmann,tml",sack:8fbfc2421424+tml:8fbfc2421424,Munich,2013-04-29,QF,Ivan Dodig,Alexandr Dolgopolov,6-4 6-4,tennis_data,td:1be829d4318b,BMW Open,2013-05-03,Quarterfinals,Dodig I.,Dolgopolov O.,6-4 6-4
7331f5ba9e50,,matches_vs_tennisdata,fuzzy_name,0.7,"sackmann,tml",sack:ead9a0fb16cc+tml:ead9a0fb16cc,Munich,2013-04-29,R16,Alexandr Dolgopolov,Dmitry Tursunov,7-6(2) 7-6(3),tennis_data,td:f6e4a26a7d96,BMW Open,2013-05-01,2nd Round,Dolgopolov O.,Tursunov D.,7-6 7-6
9d77481a6cb9,,matches_vs_tennisdata,fuzzy_name,0.7,"sackmann,tml",sack:f9eb83e70caf+tml:f9eb83e70caf,Munich,2013-04-29,R32,Alexandr Dolgopolov,Sergiy Stakhovsky,6-4 6-2,tennis_data,td:394bd62464d9,BMW Open,2013-04-30,1st Round,Dolgopolov O.,Stakhovsky S.,6-4 6-2
cc5f4d8e394f,,matches_vs_tennisdata,fuzzy_name,0.7,"sackmann,tml",sack:81893dc65377+tml:81893dc65377,New Haven,2010-08-22,R16,Viktor Troicki,Alexandr Dolgopolov,6-7(4) 7-6(1) 6-2,tennis_data,td:5ba069fe89c5,Pilot Pen Tennis,2010-08-25,3rd Round,Troicki V.,Dolgopolov O.,6-7 7-6 6-2
81c5a30f6c4a,,matches_vs_tennisdata,fuzzy_name,0.7,"sackmann,tml",sack:d3619ecafa1e+tml:d3619ecafa1e,New Haven,2010-08-22,R32,Alexandr Dolgopolov,James Blake,6-4 6-2,tennis_data,td:348ee81485cd,Pilot Pen Tennis,2010-08-25,2nd Round,Dolgopolov O.,Blake J.,6-4 6-2
6d96223b9e08,,matches_vs_tennisdata,fuzzy_name,0.7,"sackmann,tml",sack:cc094a6ee5ff+tml:cc094a6ee5ff,Newport,2005-07-04,R32,Wesley Moodie,Jimmy Wang,6-4 6-4,tennis_data,td:733f05f8847f,Hall of Fame Championships,2005-07-05,1st Round,Moodie W.,Wang Y.T.,6-4 6-4
5011a2164567,,matches_vs_tennisdata,fuzzy_name,0.7,"sackmann,tml",sack:d2fe0f5e541d+tml:d2fe0f5e541d,Newport,2007-07-09,R32,Nathan Healey,Jesse Levine,6-1 6-0,tennis_data,td:986560cf4b98,Hall of Fame Championships,2007-07-10,1st Round,Healey N.,Levine I.,6-1 6-0
f8b5fe2afedd,,matches_vs_tennisdata,swapped_winner_loser,1.0,"sackmann,tml",sack:7921086c09ad+tml:7921086c09ad,Newport,2009-07-06,F,Rajeev Ram,Sam Querrey,6-7(3) 7-5 6-3,tennis_data,td:289cecdffceb,Hall of Fame Championships,2009-07-12,The Final,Querrey S.,Ram R.,6-7 7-5 6-3
5cbb3785f5a6,,matches_vs_tennisdata,fuzzy_name,0.7,"sackmann,tml",sack:02068facf3ec+tml:02068facf3ec,Nice,2010-05-16,R16,Richard Gasquet,Alexandr Dolgopolov,6-0 2-6 6-3,tennis_data,td:357114da4c8e,Open de Nice Côte d’Azur,2010-05-19,2nd Round,Gasquet R.,Dolgopolov O.,6-0 2-6 6-3
a1d788b1cdd7,,matches_vs_tennisdata,fuzzy_name,0.7,"sackmann,tml",sack:c4d8a1c379da+tml:c4d8a1c379da,Nice,2010-05-16,R32,Alexandr Dolgopolov,Albert Montanes,6-3 7-5,tennis_data,td:1b7227d8477e,Open de Nice Côte d’Azur,2010-05-18,1st Round,Dolgopolov O.,Montanes A.,6-3 7-5
3ce4032bfe3e,,matches_vs_tennisdata,fuzzy_name,0.7,"sackmann,tml",sack:0756f59e64c1+tml:0756f59e64c1,Nice,2011-05-15,SF,Victor Hanescu,Alexandr Dolgopolov,6-3 6-3,tennis_data,td:298660068c9a,Open de Nice Côte d’Azur,2011-05-20,Semifinals,Hanescu V.,Dolgopolov O.,6-3 6-3
b86788479f5a,,matches_vs_tennisdata,fuzzy_name,0.7,"sackmann,tml",sack:73188ced98e3+tml:73188ced98e3,Nice,2011-05-15,QF,Alexandr Dolgopolov,David Ferrer,6-4 1-6 7-5,tennis_data,td:8380358e356e,Open de Nice Côte d’Azur,2011-05-19,Quarterfinals,Dolgopolov O.,Ferrer D.,6-4 1-6 7-5
3f4e7f5ff425,,matches_vs_tennisdata,fuzzy_name,0.7,"sackmann,tml",sack:b1c3fc3faca9+tml:b1c3fc3faca9,Nice,2011-05-15,R16,Alexandr Dolgopolov,Pere Riba,7-6(5) 7-6(5),tennis_data,td:c79095f3e55b,Open de Nice Côte d’Azur,2011-05-18,2nd Round,Dolgopolov O.,Riba P.,7-6 7-6
585edc287471,,matches_vs_tennisdata,fuzzy_name,0.7,"sackmann,tml",sack:fbc65dee872d+tml:fbc65dee872d,Nice,2011-05-15,R32,Alexandr Dolgopolov,Filippo Volandri,7-5 6-3,tennis_data,td:5cbc2f4f8e71,Open de Nice Côte d’Azur,2011-05-15,1st Round,Dolgopolov O.,Volandri F.,7-5 6-3
9c8b78bfb67c,,matches_vs_tennisdata,fuzzy_name,0.7,"sackmann,tml",sack:8a9aed899a19+tml:8a9aed899a19,Nice,2015-05-17,R16,Ernests Gulbis,Alexandr Dolgopolov,7-5 4-6 6-1,tennis_data,td:22902d7337d8,Open de Nice Côte d’Azur,2015-05-20,2nd Round,Gulbis E.,Dolgopolov O.,7-5 4-6 6-1
d34b8b794e52,,matches_vs_tennisdata,fuzzy_name,0.7,"sackmann,tml",sack:1b9a804fe9ea+tml:1b9a804fe9ea,Nice,2015-05-17,R32,Alexandr Dolgopolov,Sergiy Stakhovsky,3-6 7-5 6-2,tennis_data,td:152219c75ab1,Open de Nice Côte d’Azur,2015-05-19,1st Round,Dolgopolov O.,Stakhovsky S.,3-6 7-5 6-2
f93f1b2b9481,,matches_vs_tennisdata,fuzzy_name,0.7,"sackmann,tml",sack:6b7d0f7e660d+tml:6b7d0f7e660d,Nottingham,2006-06-19,R32,Dominik Hrbaty,Jimmy Wang,6-0 6-3,tennis_data,td:edec09582bff,Red Letter Days Open,2006-06-19,1st Round,Hrbaty D.,Wang Y.T.,6-0 6-3
2290fa44ed83,,matches_vs_tennisdata,fuzzy_name,0.7,"sackmann,tml",sack:b4ac6bf513ee+tml:b4ac6bf513ee,Nottingham,2015-06-21,SF,Sam Querrey,Alexandr Dolgopolov,4-6 6-3 7-5,tennis_data,td:155dc31136a2,AEGON Open,2015-06-26,Semifinals,Querrey S.,Dolgopolov O.,4-6 6-3 7-5
10790e6f404f,,matches_vs_tennisdata,fuzzy_name,0.7,"sackmann,tml",sack:37b2fef082d0+tml:37b2fef082d0,Nottingham,2015-06-21,QF,Alexandr Dolgopolov,Yen Hsun Lu,6-4 4-6 7-6(4),tennis_data,td:4c007be3fb3a,AEGON Open,2015-06-25,Quarterfinals,Dolgopolov O.,Lu Y.H.,6-4 4-6 7-6
b015a635cf3b,,matches_vs_tennisdata,fuzzy_name,0.7,"sackmann,tml",sack:8fc8707d9d9d+tml:8fc8707d9d9d,Nottingham,2015-06-21,R16,Alexandr Dolgopolov,Dominic Thiem,6-3 6-3,tennis_data,td:ff1efd7ccb12,AEGON Open,2015-06-24,3rd Round,Dolgopolov O.,Thiem D.,6-3 6-3
e55c59304491,,matches_vs_tennisdata,fuzzy_name,0.7,"sackmann,tml",sack:bf323a3689bd+tml:bf323a3689bd,Nottingham,2015-06-21,R32,Alexandr Dolgopolov,Pablo Andujar,7-6(5) 6-7(5) 6-4,tennis_data,td:18faf307ece4,AEGON Open,2015-06-23,2nd Round,Dolgopolov O.,Andujar P.,7-6 6-7 6-4
679e8986ea47,,matches_vs_tennisdata,fuzzy_name,0.7,"sackmann,tml",sack:cb5806e39f1a+tml:cb5806e39f1a,Nottingham,2015-06-21,R64,Alexandr Dolgopolov,Donald Young,6-4 6-4,tennis_data,td:13b6a9469c68,AEGON Open,2015-06-21,1st Round,Dolgopolov O.,Young D.,6-4 6-4
a6858d68b93b,,matches_vs_tennisdata,fuzzy_name,0.7,"sackmann,tml",sack:5c0819ac0364+tml:5c0819ac0364,Nottingham,2016-06-20,QF,Gilles Muller,Alexandr Dolgopolov,6-3 6-4,tennis_data,td:3f9b8e5407e7,AEGON Open,2016-06-23,Quarterfinals,Muller G.,Dolgopolov O.,6-3 6-4
a31be4b6bce8,,matches_vs_tennisdata,fuzzy_name,0.7,"sackmann,tml",sack:a2c10aef9246+tml:a2c10aef9246,Nottingham,2016-06-20,R16,Alexandr Dolgopolov,Frank Dancevic,6-3 7-5,tennis_data,td:809180dd5bf7,AEGON Open,2016-06-22,3rd Round,Dolgopolov O.,Dancevic F.,6-3 7-5
f8c99dfe61c4,,matches_vs_tennisdata,fuzzy_name,0.7,"sackmann,tml",sack:0476fca3dc66+tml:0476fca3dc66,Nottingham,2016-06-20,R32,Alexandr Dolgopolov,Kyle Edmund,6-4 7-6(5),tennis_data,td:c0f78b1958bd,AEGON Open,2016-06-21,2nd Round,Dolgopolov O.,Edmund K.,6-4 7-6
0de1527217f8,,matches_vs_tennisdata,fuzzy_name,0.7,"sackmann,tml",sack:8d454e290d92+tml:8d454e290d92,Paris Masters,2011-11-07,R16,David Ferrer,Alexandr Dolgopolov,6-3 6-2,tennis_data,td:25d5fc10863a,BNP Paribas Masters,2011-11-10,3rd Round,Ferrer D.,Dolgopolov O.,6-3 6-2
d11d2954d212,,matches_vs_tennisdata,fuzzy_name,0.7,"sackmann,tml",sack:6bc65da54432+tml:6bc65da54432,Paris Masters,2011-11-07,R32,Alexandr Dolgopolov,Philipp Kohlschreiber,6-3 7-6(6),tennis_data,td:a22690a7d437,BNP Paribas Masters,2011-11-09,2nd Round,Dolgopolov O.,Kohlschreiber P.,6-3 7-6
8744fe408de1,,matches_vs_tennisdata,fuzzy_name,0.7,"sackmann,tml",sack:860547b88bbb+tml:860547b88bbb,Paris Masters,2012-10-29,R64,Igor Sijsling,Alexandr Dolgopolov,6-4 6-2,tennis_data,td:c8fdd6d54cb4,BNP Paribas Masters,2012-10-30,1st Round,Sijsling I.,Dolgopolov O.,6-4 6-2
9212f1087fac,,matches_vs_tennisdata,fuzzy_name,0.7,"sackmann,tml",sack:e6a5619bf045+tml:e6a5619bf045,Paris Masters,2013-10-28,R64,Nicolas Mahut,Alexandr Dolgopolov,7-6(6) 6-1,tennis_data,td:79ab53d101df,BNP Paribas Masters,2013-10-29,1st Round,Mahut N.,Dolgopolov O.,7-6 6-1
00e66a9a38a9,,matches_vs_tennisdata,fuzzy_name,0.7,"sackmann,tml",sack:6d8a2c4d3258+tml:6d8a2c4d3258,Paris Masters,2014-10-27,R64,Dominic Thiem,Alexandr Dolgopolov,6-2 4-6 6-0,tennis_data,td:c2e7b0853b2e,BNP Paribas Masters,2014-10-27,1st Round,Thiem D.,Dolgopolov O.,6-2 4-6 6-0
c8557be86efe,,matches_vs_tennisdata,fuzzy_name,0.7,"sackmann,tml",sack:bff3b91fc83e+tml:bff3b91fc83e,Paris Masters,2015-11-02,R32,David Ferrer,Alexandr Dolgopolov,6-2 6-2,tennis_data,td:8f227f547dcd,BNP Paribas Masters,2015-11-03,2nd Round,Ferrer D.,Dolgopolov O.,6-2 6-2
9f818d15d213,,matches_vs_tennisdata,fuzzy_name,0.7,"sackmann,tml",sack:911eefc4345d+tml:911eefc4345d,Paris Masters,2015-11-02,R64,Alexandr Dolgopolov,Jiri Vesely,6-3 7-6(6),tennis_data,td:e5948ec2ef1d,BNP Paribas Masters,2015-11-02,1st Round,Dolgopolov O.,Vesely J.,6-3 7-6
366a826a1171,,matches_vs_tennisdata,fuzzy_name,0.68,"sackmann,tml",sack:a2e1d4e83f34+tml:a2e1d4e83f34,Paris Masters,2025-10-27,R64,Camilo Ugo Carabelli,Tomas Martin Etcheverry,7-5 6-3,tennis_data,td:c935b8eb634e,BNP Paribas Masters,2025-10-28,1st Round,Ugo Carabelli C.,Etcheverry T. M.,7-5 6-3
4ce8f8363e51,,matches_vs_tennisdata,fuzzy_name,0.7,"sackmann,tml",sack:8cc42840cd33+tml:8cc42840cd33,Poertschach,2006-05-22,R32,Juan Ignacio Chela,Jimmy Wang,6-3 6-1,tennis_data,td:df5116204dbb,Hypo Group Tennis International,2006-05-22,1st Round,Chela J.,Wang Y.,6-3 6-1
d10683880fbe,,matches_vs_tennisdata,fuzzy_name,0.7,"sackmann,tml",sack:de9c711b8a34+tml:de9c711b8a34,Queen's Club,2004-06-07,R16,Andy Roddick,Mario Ancic,7-6(3) 4-6 6-4,tennis_data,td:340c2b67d465,Stella Artois,2004-06-10,3rd Round,Roddick A.,Ancic I.,7-6 4-6 6-4
9b86dafd0a1d,,matches_vs_tennisdata,fuzzy_name,0.7,"sackmann,tml",sack:6c2a2b343f3c+tml:6c2a2b343f3c,Queen's Club,2004-06-07,R32,Mario Ancic,Todd Martin,7-6(5) 4-6 6-2,tennis_data,td:da3454365586,Stella Artois,2004-06-09,2nd Round,Ancic I.,Martin T.,7-6 4-6 6-2
6ced859ad660,,matches_vs_tennisdata,fuzzy_name,0.7,"sackmann,tml",sack:1c4aee5be851+tml:1c4aee5be851,Queen's Club,2004-06-07,R64,Mario Ancic,Jeff Morrison,6-3 6-4,tennis_data,td:206cb2f97aff,Stella Artois,2004-06-08,1st Round,Ancic I.,Morrison J.,6-3 6-4
426473b0fe37,,matches_vs_tennisdata,fuzzy_name,0.7,"sackmann,tml",sack:0073ebb070e2+tml:0073ebb070e2,Queen's Club,2006-06-12,R16,Dmitry Tursunov,Jimmy Wang,6-3 3-6 6-1,tennis_data,td:e29ceb890dfa,Stella Artois,2006-06-15,3rd Round,Tursunov D.,Wang Y.T.,6-3 3-6 6-1
c1468df94f3a,,matches_vs_tennisdata,fuzzy_name,0.7,"sackmann,tml",sack:0e0a6e7d8148+tml:0e0a6e7d8148,Queen's Club,2006-06-12,R32,Jimmy Wang,Nikolay Davydenko,2-6 6-3 6-1,tennis_data,td:699ae494e827,Stella Artois,2006-06-14,2nd Round,Wang Y.T.,Davydenko N.,2-6 6-3 6-1
576121ff4538,,matches_vs_tennisdata,fuzzy_name,0.7,"sackmann,tml",sack:65464bdd8edc+tml:65464bdd8edc,Queen's Club,2006-06-12,R64,Jimmy Wang,Jonas Bjorkman,6-3 6-3,tennis_data,td:f352fa993751,Stella Artois,2006-06-14,1st Round,Wang Y.T.,Bjorkman J.,6-3 6-3
0eb272e555fc,,matches_vs_tennisdata,fuzzy_name,0.7,"sackmann,tml",sack:7b18059e4da9+tml:7b18059e4da9,Queen's Club,2013-06-10,R16,Benjamin Becker,Alexandr Dolgopolov,7-6(5) 7-5,tennis_data,td:8e5f3ed10ab2,AEGON Championships,2013-06-13,3rd Round,Becker B.,Dolgopolov O.,7-6 7-5
a03f7c3f8243,,matches_vs_tennisdata,fuzzy_name,0.7,"sackmann,tml",sack:eb8861f53895+tml:eb8861f53895,Queen's Club,2013-06-10,R32,Alexandr Dolgopolov,Santiago Giraldo,6-3 4-6 6-4,tennis_data,td:b44893192647,AEGON Championships,2013-06-12,2nd Round,Dolgopolov O.,Giraldo S.,6-3 4-6 6-4
88ca7115ef2f,,matches_vs_tennisdata,fuzzy_name,0.7,"sackmann,tml",sack:d4b8c72355c3+tml:d4b8c72355c3,Queen's Club,2014-06-09,QF,Grigor Dimitrov,Alexandr Dolgopolov,W/O,tennis_data,td:227deea986b0,AEGON Championships,2014-06-13,Quarterfinals,Dimitrov G.,Dolgopolov O.,Walkover
2170b4602356,,matches_vs_tennisdata,fuzzy_name,0.7,"sackmann,tml",sack:8bf27fb853e8+tml:8bf27fb853e8,Queen's Club,2014-06-09,R16,Alexandr Dolgopolov,Jarkko Nieminen,6-4 4-2 RET,tennis_data,td:641da2fd9496,AEGON Championships,2014-06-12,3rd Round,Dolgopolov O.,Nieminen J.,6-4 4-2 Retired
86ba2df72cce,,matches_vs_tennisdata,fuzzy_name,0.7,"sackmann,tml",sack:31e34125dafd+tml:31e34125dafd,Queen's Club,2014-06-09,R32,Alexandr Dolgopolov,Denis Istomin,7-6(3) 7-6(7),tennis_data,td:136f4f4f9580,AEGON Championships,2014-06-11,2nd Round,Dolgopolov O.,Istomin D.,7-6 7-6
ba3754b66885,,matches_vs_tennisdata,fuzzy_name,0.7,"sackmann,tml",sack:47873ce7d6ef+tml:47873ce7d6ef,Queen's Club,2015-06-15,R16,Guillermo Garcia Lopez,Alexandr Dolgopolov,6-3 7-6(4),tennis_data,td:c9e3c57c5395,AEGON Championships,2015-06-17,2nd Round,Garcia-Lopez G.,Dolgopolov O.,6-3 7-6
689110ef6982,,matches_vs_tennisdata,fuzzy_name,0.7,"sackmann,tml",sack:3615ffdc8667+tml:3615ffdc8667,Queen's Club,2015-06-15,R32,Alexandr Dolgopolov,Rafael Nadal,6-3 6-7(6) 6-4,tennis_data,td:7bd907e4b072,AEGON Championships,2015-06-16,1st Round,Dolgopolov O.,Nadal R.,6-3 6-7 6-4
a4ea51c224f4,,matches_vs_tennisdata,fuzzy_name,0.7,"sackmann,tml",sack:e840dcb7cceb+tml:e840dcb7cceb,Quito,2017-02-06,R32,Rajeev Ram,Alexandr Dolgopolov,3-6 7-6(4) 6-3,tennis_data,td:839b9e88dbee,Ecuador Open,2017-02-07,1st Round,Ram R.,Dolgopolov O.,3-6 7-6 6-3
712502fddf50,,matches_vs_tennisdata,fuzzy_name,0.68,"sackmann,tml",sack:6fbc8196bf14+tml:6fbc8196bf14,Rio De Janeiro,2023-02-20,R32,Fabio Fognini,Tomas Barrios Vera,6-2 6-3,tennis_data,td:c833b900b647,Rio Open,2023-02-22,1st Round,Fognini F.,Barrios M.,6-2 6-3
3b0b8660180e,,matches_vs_tennisdata,fuzzy_name,0.68,"sackmann,tml",sack:0a75a6b59426+tml:0a75a6b59426,Rio De Janeiro,2024-02-19,R16,Cameron Norrie,Tomas Barrios Vera,6-1 6-1,tennis_data,td:ef899f1561f9,Rio Open,2024-02-22,2nd Round,Norrie C.,Barrios M.,6-1 6-1
9f20cdc9ede6,,matches_vs_tennisdata,fuzzy_name,0.68,"sackmann,tml",sack:ff8cb2fc6898+tml:ff8cb2fc6898,Rio De Janeiro,2024-02-19,R32,Tomas Barrios Vera,Gustavo Heide,7-5 6-3,tennis_data,td:d787641b772b,Rio Open,2024-02-19,1st Round,Barrios M.,Heide G.,7-5 6-3
a1f0b6f7fda0,,matches_vs_tennisdata,fuzzy_name,0.7,"sackmann,tml",sack:b1e810f3395b+tml:b1e810f3395b,Rio de Janeiro,2014-02-17,F,Rafael Nadal,Alexandr Dolgopolov,6-3 7-6(3),tennis_data,td:50eaedceed76,Rio Open,2014-02-23,The Final,Nadal R.,Dolgopolov O.,6-3 7-6
5a37fbe81ae6,,matches_vs_tennisdata,fuzzy_name,0.7,"sackmann,tml",sack:4f9b7137029a+tml:4f9b7137029a,Rio de Janeiro,2014-02-17,SF,Alexandr Dolgopolov,David Ferrer,6-4 6-4,tennis_data,td:93e59ae71a8d,Rio Open,2014-02-22,Semifinals,Dolgopolov O.,Ferrer D.,6-4 6-4
d37a3b056b97,,matches_vs_tennisdata,fuzzy_name,0.7,"sackmann,tml",sack:459a31686194+tml:459a31686194,Rio de Janeiro,2014-02-17,QF,Alexandr Dolgopolov,Fabio Fognini,6-1 6-1,tennis_data,td:7e77928acb01,Rio Open,2014-02-21,Quarterfinals,Dolgopolov O.,Fognini F.,6-1 6-1
a303727cd868,,matches_vs_tennisdata,fuzzy_name,0.7,"sackmann,tml",sack:78d03fe4b8b7+tml:78d03fe4b8b7,Rio de Janeiro,2014-02-17,R16,Alexandr Dolgopolov,Facundo Bagnis,6-7(4) 6-2 7-6(4),tennis_data,td:a96cd925aebc,Rio Open,2014-02-20,2nd Round,Dolgopolov O.,Bagnis F.,6-7 6-2 7-6
a7254d72c6bc,,matches_vs_tennisdata,fuzzy_name,0.7,"sackmann,tml",sack:0ff9fd7e65d8+tml:0ff9fd7e65d8,Rio de Janeiro,2014-02-17,R32,Alexandr Dolgopolov,Nicolas Almagro,2-6 6-3 6-0,tennis_data,td:2f17c43cbc45,Rio Open,2014-02-18,1st Round,Dolgopolov O.,Almagro N.,2-6 6-3 6-0
a4623dc336e8,,matches_vs_tennisdata,fuzzy_name,0.7,"sackmann,tml",sack:0e80bb2ec5f3+tml:862988bf847b,Rio de Janeiro,2016-02-15,QF,Rafael Nadal,Alexandr Dolgopolov,W/O,tennis_data,td:0362b09cbf7d,Rio Open,2016-02-19,Quarterfinals,Nadal R.,Dolgopolov O.,Walkover
e8a0a2578159,,matches_vs_tennisdata,fuzzy_name,0.65,"sackmann,tml",sack:07917922f46f+tml:bd77fc373807,Rio de Janeiro,2016-02-15,R16,Alexandr Dolgopolov,Inigo Cervantes Huegun,3-6 6-0 6-3,tennis_data,td:687317ece5b0,Rio Open,2016-02-18,2nd Round,Dolgopolov O.,Cervantes I.,3-6 6-0 6-3
469d7983596f,,matches_vs_tennisdata,fuzzy_name,0.7,"sackmann,tml",sack:f6ca72290808+tml:da367a12e876,Rio de Janeiro,2016-02-15,R32,Alexandr Dolgopolov,Thomaz Bellucci,6-7(3) 7-5 6-2,tennis_data,td:8a297fe412f6,Rio Open,2016-02-16,1st Round,Dolgopolov O.,Bellucci T.,6-7 7-5 6-2
4c243cf4ed91,,matches_vs_tennisdata,fuzzy_name,0.7,"sackmann,tml",sack:40e59e6a7eb8+tml:40e59e6a7eb8,Rio de Janeiro,2017-02-20,QF,Pablo Carreno Busta,Alexandr Dolgopolov,7-6(4) 6-7(2) 1-0 RET,tennis_data,td:21add64417fe,Rio Open,2017-02-24,Quarterfinals,Carreno Busta P.,Dolgopolov O.,7-6 6-7 1-0 Retired
0520ac95818a,,matches_vs_tennisdata,fuzzy_name,0.7,"sackmann,tml",sack:8d21360aa280+tml:8d21360aa280,Rio de Janeiro,2017-02-20,R16,Alexandr Dolgopolov,Horacio Zeballos,7-6(4) 4-6 6-4,tennis_data,td:a688386de5bc,Rio Open,2017-02-23,2nd Round,Dolgopolov O.,Zeballos H.,7-6 4-6 6-4
0b56e5cff9b7,,matches_vs_tennisdata,fuzzy_name,0.7,"sackmann,tml",sack:3b8782d57ca3+tml:3b8782d57ca3,Rio de Janeiro,2017-02-20,R32,Alexandr Dolgopolov,David Ferrer,6-4 6-4,tennis_data,td:f9808311fff8,Rio Open,2017-02-21,1st Round,Dolgopolov O.,Ferrer D.,6-4 6-4
9f1e56c76b25,,matches_vs_tennisdata,fuzzy_name,0.68,"sackmann,tml",sack:4e28d8bc13cd+tml:4e28d8bc13cd,Rio de Janeiro,2025-02-17,R32,Jaime Faria,Tomas Barrios Vera,6-2 7-5,tennis_data,td:086b29e2a9fe,Rio Open,2025-02-18,1st Round,Faria J.,Barrios M.,6-2 7-5
0f71f451c54b,,matches_vs_tennisdata,fuzzy_name,0.68,"sackmann,tml",sack:f81b9d6ea701+tml:0ea854b008e0,Rio de Janeiro,2025-02-17,R32,Alexander Zverev,Bu Yunchaokete,7-6(4) 6-4,tennis_data,td:09cbb2392a1a,Rio Open,2025-02-18,1st Round,Zverev A.,Bu Y.,7-6 6-4
4cf407ed2386,,matches_vs_tennisdata,fuzzy_name,0.68,"sackmann,tml",sack:524688faa175+tml:35390e55b764,Rio de Janeiro,2026-02-16,R32,Matteo Berrettini,Tomas Barrios Vera,7-6(1) 7-5,tennis_data,td:30b004b3e7eb,Rio Open,2026-02-17,1st Round,Berrettini M.,Barrios M.,7-6 7-5
bd43f992f6a9,,matches_vs_tennisdata,fuzzy_name,0.7,"sackmann,tml",sack:4b9ebe8e3a4c+tml:4b9ebe8e3a4c,Roland Garros,2006-05-29,R128,Richard Gasquet,Jimmy Wang,6-4 6-1 7-5,tennis_data,td:daa394733107,French Open,2006-05-29,1st Round,Gasquet R.,Wang Y.T.,6-4 6-1 7-5
dfd4debffea0,,matches_vs_tennisdata,fuzzy_name,0.7,"sackmann,tml",sack:d2abc8f3afd5+tml:d2abc8f3afd5,Roland Garros,2010-05-24,R32,Nicolas Almagro,Alexandr Dolgopolov,6-3 6-3 6-4,tennis_data,td:8d69cbfc3f62,French Open,2010-05-29,3rd Round,Almagro N.,Dolgopolov O.,6-3 6-3 6-4
45977fb3838b,,matches_vs_tennisdata,fuzzy_name,0.7,"sackmann,tml",sack:72fd4923d122+tml:72fd4923d122,Roland Garros,2010-05-24,R64,Alexandr Dolgopolov,Fernando Gonzalez,6-3 6-4 6-3,tennis_data,td:0deac2f7b505,French Open,2010-05-28,2nd Round,Dolgopolov O.,Gonzalez F.,6-3 6-4 6-3
e14a5c89aed3,,matches_vs_tennisdata,fuzzy_name,0.7,"sackmann,tml",sack:ff8212e41a01+tml:ff8212e41a01,Roland Garros,2010-05-24,R128,Alexandr Dolgopolov,Arnaud Clement,3-6 7-6(5) 3-6 6-3 6-3,tennis_data,td:157550d0bcee,French Open,2010-05-24,1st Round,Dolgopolov O.,Clement A.,3-6 7-6 3-6 6-3 6-3
d2a54985e9a8,,matches_vs_tennisdata,fuzzy_name,0.7,"sackmann,tml",sack:6aefa9a40798+tml:6aefa9a40798,Roland Garros,2011-05-22,R32,Viktor Troicki,Alexandr Dolgopolov,6-4 3-6 6-3 6-4,tennis_data,td:a9e736922cf4,French Open,2011-05-28,3rd Round,Troicki V.,Dolgopolov O.,6-4 3-6 6-3 6-4
1983663e6dc8,,matches_vs_tennisdata,fuzzy_name,0.7,"sackmann,tml",sack:96dc43b94bd8+tml:96dc43b94bd8,Roland Garros,2011-05-22,R64,Alexandr Dolgopolov,Andreas Haider Maurer,6-2 6-4 6-2,tennis_data,td:8335e36856ec,French Open,2011-05-26,2nd Round,Dolgopolov O.,Haider-Maurer A.,6-2 6-4 6-2
20757aca1a14,,matches_vs_tennisdata,fuzzy_name,0.7,"sackmann,tml",sack:485de94f7e94+tml:485de94f7e94,Roland Garros,2011-05-22,R128,Alexandr Dolgopolov,Rainer Schuettler,6-3 6-3 6-1,tennis_data,td:aec1a6a05f8e,French Open,2011-05-24,1st Round,Dolgopolov O.,Schuettler R.,6-3 6-3 6-1
e35901c0365a,,matches_vs_tennisdata,fuzzy_name,0.7,"sackmann,tml",sack:9b925e0ac76f+tml:9b925e0ac76f,Roland Garros,2012-05-27,R128,Sergiy Stakhovsky,Alexandr Dolgopolov,6-7(4) 6-4 7-6(4) 3-6 6-3,tennis_data,td:bceb96ac782f,French Open,2012-05-29,1st Round,Stakhovsky S.,Dolgopolov O.,6-7 6-4 7-6 3-6 6-3
43ebbf1a36fc,,matches_vs_tennisdata,fuzzy_name,0.7,"sackmann,tml",sack:178f4985ad02+tml:178f4985ad02,Roland Garros,2013-05-27,R128,Dmitry Tursunov,Alexandr Dolgopolov,7-6(7) 6-4 7-6(7),tennis_data,td:cbc87a65a4b6,French Open,2013-05-28,1st Round,Tursunov D.,Dolgopolov O.,7-6 6-4 7-6
a7d7c99b698d,,matches_vs_tennisdata,fuzzy_name,0.7,"sackmann,tml",sack:d618feac17ea+tml:d618feac17ea,Roland Garros,2014-05-26,R64,Marcel Granollers,Alexandr Dolgopolov,1-6 3-6 6-3 6-0 6-2,tennis_data,td:a1964e7e7c56,French Open,2014-05-28,2nd Round,Granollers M.,Dolgopolov O.,1-6 3-6 6-3 6-0 6-2
5a2959fc5204,,matches_vs_tennisdata,fuzzy_name,0.7,"sackmann,tml",sack:bc730b214f40+tml:b1b4ab65100c,Roland Garros,2014-05-26,R128,Alexandr Dolgopolov,Albert Ramos,7-6(4) 6-4 6-1,tennis_data,td:086f6decbd40,French Open,2014-05-25,1st Round,Dolgopolov O.,Ramos A.,7-6 6-4 6-1
8920ff794650,,matches_vs_tennisdata,fuzzy_name,0.7,"sackmann,tml",sack:fefe1b231f1a+tml:fefe1b231f1a,Roland Garros,2015-05-24,R128,Nicolas Almagro,Alexandr Dolgopolov,6-3 2-6 6-4 7-6(6),tennis_data,td:bbf4c01d4f01,French Open,2015-05-26,1st Round,Almagro N.,Dolgopolov O.,6-3 2-6 6-4 7-6
8c132610f763,,matches_vs_tennisdata,fuzzy_name,0.68,"sackmann,tml",sack:2f2289de841b+tml:2f2289de841b,Roland Garros,2017-05-29,R32,Andy Murray,Juan Martin del Potro,7-6(8) 7-5 6-0,tennis_data,td:215bedacea42,French Open,2017-06-03,3rd Round,Murray A.,Del Potro J. M.,7-6 7-5 6-0
1d494585741b,,matches_vs_tennisdata,fuzzy_name,0.7,"sackmann,tml",sack:624202f0dab4+tml:624202f0dab4,Roland Garros,2017-05-29,R64,Stan Wawrinka,Alexandr Dolgopolov,6-4 7-6(5) 7-5,tennis_data,td:e3795353a003,French Open,2017-06-01,2nd Round,Wawrinka S.,Dolgopolov O.,6-4 7-6 7-5
2f32b910c488,,matches_vs_tennisdata,fuzzy_name,0.68,"sackmann,tml",sack:cc2be2a50370+tml:cc2be2a50370,Roland Garros,2017-05-29,R64,Juan Martin del Potro,Nicolas Almagro,6-3 3-6 1-1 RET,tennis_data,td:bb8679067477,French Open,2017-06-01,2nd Round,Del Potro J. M.,Almagro N.,6-3 3-6 1-1 Retired
ab2c46005a70,,matches_vs_tennisdata,fuzzy_name,0.7,"sackmann,tml",sack:be399b748f60+tml:be399b748f60,Roland Garros,2017-05-29,R128,Alexandr Dolgopolov,Carlos Berlocq,7-5 6-3 6-4,tennis_data,td:497eb31f70bc,French Open,2017-05-30,1st Round,Dolgopolov O.,Berlocq C.,7-5 6-3 6-4
bdc6ae83fcee,,matches_vs_tennisdata,fuzzy_name,0.68,"sackmann,tml",sack:ed7bd773976a+tml:ed7bd773976a,Roland Garros,2017-05-29,R128,Juan Martin del Potro,Guido Pella,6-2 6-1 6-4,tennis_data,td:a60a07f62fde,French Open,2017-05-30,1st Round,Del Potro J. M.,Pella G.,6-2 6-1 6-4
6ab0515a21d1,,matches_vs_tennisdata,fuzzy_name,0.68,"sackmann,tml",sack:65bdbffb2319+tml:65bdbffb2319,Roland Garros,2022-05-23,R128,Felix Auger Aliassime,Juan Pablo Varillas,2-6 2-6 6-1 6-3 6-3,tennis_data,td:912fa8849bcd,French Open,2022-05-22,1st Round,Auger-Aliassime F.,Varillas J. P.,2-6 2-6 6-1 6-3 6-3
afdc225ca575,,matches_vs_tennisdata,fuzzy_name,0.68,"sackmann,tml",sack:56156f39577c+tml:56156f39577c,Roland Garros,2022-05-23,R128,Joao Sousa,Chun Hsin Tseng,6-7(5) 6-1 4-6 6-1 6-4,tennis_data,td:745b15bafec2,French Open,2022-05-24,1st Round,Sousa J.,Tseng C. H.,6-7 6-1 4-6 6-1 6-4
9ae7e850f3d3,,matches_vs_tennisdata,fuzzy_name,0.68,"sackmann,tml",sack:57513221168b+tml:ecd7793a810b,Roland Garros,2025-05-26,R128,Filip Misolic,Bu Yunchaokete,5-7 7-6(3) 7-6(4) 6-1,tennis_data,td:79e80406aef6,French Open,2025-05-26,1st Round,Misolic F.,Bu Y.,5-7 7-6 7-6 6-1
c951e69de21d,,matches_vs_tennisdata,fuzzy_name,0.7,"sackmann,tml",sack:cc57943c77b3+tml:37b0fdbbf4f1,Roland Garros,2026-05-25,R64,Moise Kouame,Adolfo Daniel Vallejo,6-3 7-5 3-6 2-6 7-6(8),tennis_data,td:6341093f8611,French Open,2026-05-28,2nd Round,Kouame M.,Vallejo D.,6-3 7-5 3-6 2-6 7-6
6615332d637f,,matches_vs_tennisdata,fuzzy_name,0.7,"sackmann,tml",sack:33ba9fa076ad+tml:2537572c856e,Roland Garros,2026-05-25,R128,Adolfo Daniel Vallejo,Cameron Norrie,7-6(7) 2-0 RET,tennis_data,td:d440395978be,French Open,2026-05-26,1st Round,Vallejo D.,Norrie C.,7-6 2-0 Retired
ae3b59182038,,matches_vs_tennisdata,fuzzy_name,0.7,"sackmann,tml",sack:59ca6a0cb8f4+tml:59ca6a0cb8f4,Rome Masters,2011-05-08,R64,Potito Starace,Alexandr Dolgopolov,6-3 6-3,tennis_data,td:a20c77274769,Internazionali BNL d'Italia,2011-05-09,1st Round,Starace P.,Dolgopolov O.,6-3 6-3
a8e172ab35ce,,matches_vs_tennisdata,fuzzy_name,0.7,"sackmann,tml",sack:06edcfd1d63e+tml:06edcfd1d63e,Rome Masters,2012-05-13,R64,Fernando Verdasco,Alexandr Dolgopolov,6-0 RET,tennis_data,td:f55e613fd39f,Internazionali BNL d'Italia,2012-05-14,1st Round,Verdasco F.,Dolgopolov O.,6-0 Retired
2b500c2c74c0,,matches_vs_tennisdata,fuzzy_name,0.7,"sackmann,tml",sack:8167c2a9be69+tml:8167c2a9be69,Rome Masters,2013-05-12,R16,Novak Djokovic,Alexandr Dolgopolov,6-1 6-4,tennis_data,td:55408ccba24c,Internazionali BNL d'Italia,2013-05-16,3rd Round,Djokovic N.,Dolgopolov O.,6-1 6-4
371ddb664fd7,,matches_vs_tennisdata,fuzzy_name,0.7,"sackmann,tml",sack:c3cd33499bf7+tml:c3cd33499bf7,Rome Masters,2013-05-12,R32,Alexandr Dolgopolov,Stan Wawrinka,W/O,tennis_data,td:c7ec64d6ad8b,Internazionali BNL d'Italia,2013-05-15,2nd Round,Dolgopolov O.,Wawrinka S.,Walkover
acc6e6c621bd,,matches_vs_tennisdata,fuzzy_name,0.7,"sackmann,tml",sack:6ad76efbefd3+tml:6ad76efbefd3,Rome Masters,2013-05-12,R64,Alexandr Dolgopolov,Matteo Viola,6-4 6-3,tennis_data,td:efd0e649af97,Internazionali BNL d'Italia,2013-05-12,1st Round,Dolgopolov O.,Viola M.,6-4 6-3
cd45340909d1,,matches_vs_tennisdata,fuzzy_name,0.7,"sackmann,tml",sack:c0fe366daaf0+tml:c0fe366daaf0,Rome Masters,2014-05-11,R64,Jo-Wilfried Tsonga,Alexandr Dolgopolov,6-3 7-6(5),tennis_data,td:245f93e437e6,Internazionali BNL d'Italia,2014-05-12,1st Round,Tsonga J.W.,Dolgopolov O.,6-3 7-6
60c5fba7365b,,matches_vs_tennisdata,fuzzy_name,0.7,"sackmann,tml",sack:c0daa5d32d2e+tml:c0daa5d32d2e,Rome Masters,2015-05-10,R32,Guillermo Garcia Lopez,Alexandr Dolgopolov,6-4 6-3,tennis_data,td:644bd9ce7660,Internazionali BNL d'Italia,2015-05-13,2nd Round,Garcia-Lopez G.,Dolgopolov O.,6-4 6-3
3d99db48f380,,matches_vs_tennisdata,fuzzy_name,0.7,"sackmann,tml",sack:b6ff2104718d+tml:b6ff2104718d,Rome Masters,2015-05-10,R64,Alexandr Dolgopolov,Martin Klizan,6-4 6-1,tennis_data,td:adef422f5430,Internazionali BNL d'Italia,2015-05-12,1st Round,Dolgopolov O.,Klizan M.,6-4 6-1
8e098c2a7a59,,matches_vs_tennisdata,fuzzy_name,0.7,"sackmann,tml",sack:85ca742fa422+tml:32b3da8bb42a,Rome Masters,2016-05-09,R64,Dominic Thiem,Alexandr Dolgopolov,6-3 3-6 6-4,tennis_data,td:89cb363fdf2c,Internazionali BNL d'Italia,2016-05-09,1st Round,Thiem D.,Dolgopolov O.,6-3 3-6 6-4
75a4a16ab895,,matches_vs_tennisdata,fuzzy_name,0.7,"sackmann,tml",sack:8cd3a5782e7d+tml:34e5ebec10ee,Rome Masters,2018-05-14,R64,Novak Djokovic,Alexandr Dolgopolov,6-1 6-3,tennis_data,td:82844a0134d1,Internazionali BNL d'Italia,2018-05-14,1st Round,Djokovic N.,Dolgopolov O.,6-1 6-3
110540f3c996,,matches_vs_tennisdata,fuzzy_name,0.68,"sackmann,tml",sack:b47e08d0a88b+tml:359f6222be68,Rome Masters,2025-05-07,R128,Jaume Munar,Tomas Barrios Vera,4-6 6-2 7-5,tennis_data,td:90891c95db73,Internazionali BNL d'Italia,2025-05-08,1st Round,Munar J.,Barrios M.,4-6 6-2 7-5
9f83d4294dc8,,matches_vs_tennisdata,fuzzy_name,0.68,"sackmann,tml",sack:a3e22658f3ad+tml:f75b0c721677,Rome Masters,2025-05-07,R128,Luciano Darderi,Bu Yunchaokete,7-6(4) 6-3,tennis_data,td:a9f077936224,Internazionali BNL d'Italia,2025-05-07,1st Round,Darderi L.,Bu Y.,7-6 6-3
cda637a237f2,,matches_vs_tennisdata,fuzzy_name,0.536,"sackmann,tml",sack:8d0e371c1d94+tml:8d0e371c1d94,Rotterdam,2005-02-14,F,Roger Federer,Ivan Ljubicic,5-7 7-5 7-6(5),tennis_data,td:acb72b0dde6c,ABN AMRO World Tennis Tournament,2005-02-20,The Final,Federer R.,Johansson T.,5-7 7-5 7-6
4f0b821fa012,,matches_vs_tennisdata,swapped_winner_loser,1.0,"sackmann,tml",sack:b1f0de50a362+tml:b1f0de50a362,Rotterdam,2005-02-14,SF,Ivan Ljubicic,Thomas Johansson,7-6(4) 7-5,tennis_data,td:1f903d8481e4,ABN AMRO World Tennis Tournament,2005-02-19,Semifinals,Johansson T.,Ljubicic I.,7-6 7-5
7834e4a0063b,,matches_vs_tennisdata,fuzzy_name,0.7,"sackmann,tml",sack:01fbdb97dcc7+tml:01fbdb97dcc7,Rotterdam,2005-02-14,R32,Joachim Johansson,Jimmy Wang,6-2 6-7(2) 6-3,tennis_data,td:333f0d3fc436,ABN AMRO World Tennis Tournament,2005-02-16,1st Round,Johansson J.,Wang Y.T.,6-2 6-7 6-3
3914d11de433,,matches_vs_tennisdata,fuzzy_name,0.7,"sackmann,tml",sack:26571ff4356e+tml:26571ff4356e,Rotterdam,2012-02-13,R32,Lukasz Kubot,Alexandr Dolgopolov,6-7(4) 6-4 6-2,tennis_data,td:5722df9139f0,ABN AMRO World Tennis Tournament,2012-02-13,1st Round,Kubot L.,Dolgopolov O.,6-7 6-4 6-2
e5bb604635ff,,matches_vs_tennisdata,swapped_winner_loser,1.0,"sackmann,tml",sack:06493beeffec+tml:c8b8a5874d00,Rotterdam,2026-02-09,R32,Hamad Medjedovic,Zizou Bergs,7-6(5) 7-6(5),tennis_data,td:938370de02d0,ABN AMRO World Tennis Tournament,2026-02-10,1st Round,Bergs Z.,Medjedovic H.,6-7 6-7
ee4e1e3aecb1,,matches_vs_tennisdata,fuzzy_name,0.68,"sackmann,tml",sack:3474548f1064+tml:3474548f1064,San Jose,2003-02-10,R16,Vincent Spadea,Jan Michael Gambill,6-3 6-3,tennis_data,td:22f5bf7d957e,Siebel Open,2003-02-13,2nd Round,Spadea V.,Gambill J. M.,6-3 6-3
5f3949c16528,,matches_vs_tennisdata,fuzzy_name,0.68,"sackmann,tml",sack:e9bee7c4eb2c+tml:e9bee7c4eb2c,San Jose,2003-02-10,R32,Jan Michael Gambill,Todd Reid,6-2 6-0,tennis_data,td:47f4d9f53743,Siebel Open,2003-02-12,1st Round,Gambill J. M.,Reid T.,6-2 6-0
71cab1f575f9,,matches_vs_tennisdata,fuzzy_name,0.7,"sackmann,tml",sack:00f5470ef82e+tml:00f5470ef82e,San Jose,2006-02-13,R16,Andy Murray,Jimmy Wang,6-4 6-2,tennis_data,td:ad2571f34044,SAP Open,2006-02-17,2nd Round,Murray A.,Wang Y.T.,6-4 6-2
c0126525de55,,matches_vs_tennisdata,fuzzy_name,0.7,"sackmann,tml",sack:f9d40f3741d7+tml:f9d40f3741d7,San Jose,2006-02-13,R32,Jimmy Wang,James Blake,6-3 7-5,tennis_data,td:b3bef700d2e1,SAP Open,2006-02-15,1st Round,Wang Y.T.,Blake J.,6-3 7-5
e51a02467edb,,matches_vs_tennisdata,fuzzy_name,0.7,"sackmann,tml",sack:b2349047075a+tml:b2349047075a,San Jose,2012-02-13,R32,Ryan Harrison,Olivier Rochus,4-6 6-2 6-3,tennis_data,td:16f60fd21246,SAP Open,2012-02-15,1st Round,Harrison R.,Rochus C.,4-6 6-2 6-3
0c71cba9a7e2,,matches_vs_tennisdata,fuzzy_name,0.7,"sackmann,tml",sack:d6e5744da00b+tml:d6e5744da00b,Santiago,2020-02-24,R16,Hugo Dellien,Tomas Barrios Vera,6-3 7-6(2),tennis_data,td:969167dca75f,Chile Open,2020-02-26,2nd Round,Dellien H.,Barrios Vera M.T.,6-3 7-6
81bc52674c71,,matches_vs_tennisdata,fuzzy_name,0.7,"sackmann,tml",sack:fc3042efa2c9+tml:fc3042efa2c9,Santiago,2020-02-24,R32,Tomas Barrios Vera,Carlos Taberner,4-6 6-4 6-2,tennis_data,td:c7a63dd5d858,Chile Open,2020-02-24,1st Round,Barrios Vera M.T.,Taberner C.,4-6 6-4 6-2
fd5214857bca,,matches_vs_tennisdata,fuzzy_name,0.68,"sackmann,tml",sack:39d2020ae4c3+tml:39d2020ae4c3,Santiago,2021-03-08,QF,Cristian Garin,Juan Pablo Varillas,6-4 6-4,tennis_data,td:209ba5b8f64e,Chile Open,2021-03-12,Quarterfinals,Garin C.,Varillas J. P.,6-4 6-4
86bb15eca841,,matches_vs_tennisdata,fuzzy_name,0.68,"sackmann,tml",sack:1042e9d6d35e+tml:1042e9d6d35e,Santiago,2021-03-08,R16,Juan Pablo Varillas,Federico Coria,6-4 7-6(2),tennis_data,td:64d491e05fa6,Chile Open,2021-03-11,2nd Round,Varillas J. P.,Coria F.,6-4 7-6
6ee2cd6b7d89,,matches_vs_tennisdata,fuzzy_name,0.68,"sackmann,tml",sack:f4966a3dbc2c+tml:f4966a3dbc2c,Santiago,2021-03-08,R32,Juan Pablo Varillas,Joao Sousa,6-4 6-1,tennis_data,td:bf77857ad5b6,Chile Open,2021-03-09,1st Round,Varillas J. P.,Sousa J.,6-4 6-1
3e3788e0e078,,matches_vs_tennisdata,fuzzy_name,0.68,"sackmann,tml",sack:b3204262b122+tml:b3204262b122,Santiago,2024-02-26,R16,Alejandro Tabilo,Tomas Barrios Vera,6-2 7-5,tennis_data,td:8910de677789,Chile Open,2024-02-29,2nd Round,Tabilo A.,Barrios M.,6-2 7-5
9670c0b2191f,,matches_vs_tennisdata,fuzzy_name,0.68,"sackmann,tml",sack:f91a4cfb010c+tml:f91a4cfb010c,Santiago,2024-02-26,R32,Tomas Barrios Vera,Cristian Garin,7-6(3) 7-5,tennis_data,td:bd3e6d825091,Chile Open,2024-02-27,1st Round,Barrios M.,Garin C.,7-6 7-5
d20d50a3c896,,matches_vs_tennisdata,fuzzy_name,0.68,"sackmann,tml",sack:ef4aa67c0641+tml:ef4aa67c0641,Santiago,2025-02-24,R32,Federico Coria,Tomas Barrios Vera,6-1 6-0,tennis_data,td:0d496ca4d512,Chile Open,2025-02-26,1st Round,Coria F.,Barrios M.,6-1 6-0
d9e5bf7fa58b,,matches_vs_tennisdata,fuzzy_name,0.7,"sackmann,tml",sack:a35ee7eb04d3+tml:0319343d7e98,Santiago,2026-02-23,R16,Emilio Nava,Adolfo Daniel Vallejo,7-5 6-3,tennis_data,td:ef82ae70551a,Chile Open,2026-02-26,2nd Round,Nava E.,Vallejo D.,7-5 6-3
c002e933a37e,,matches_vs_tennisdata,fuzzy_name,0.7,"sackmann,tml",sack:5f22222c91be+tml:06a3a154fce9,Santiago,2026-02-23,R32,Adolfo Daniel Vallejo,Francesco Passaro,6-3 3-3 RET,tennis_data,td:dd62868fc423,Chile Open,2026-02-24,1st Round,Vallejo D.,Passaro F.,6-3 3-3 Retired
df7b4d78c9c3,,matches_vs_tennisdata,fuzzy_name,0.68,"sackmann,tml",sack:f6321a6b8169+tml:8e9d003f2c14,Santiago,2026-02-23,R32,Alejandro Tabilo,Tomas Barrios Vera,7-5 6-3,tennis_data,td:88a3fe388316,Chile Open,2026-02-25,1st Round,Tabilo A.,Barrios M.,7-5 6-3
d47162e31d61,,matches_vs_tennisdata,fuzzy_name,0.533,"sackmann,tml",sack:eefa44a984bc+tml:eefa44a984bc,Scottsdale,2004-03-01,R32,Lars Burgsmuller,Alex Kim,6-4 3-6 7-5,tennis_data,td:e617ec8799b6,Franklin Templeton Tennis Classic,2004-03-01,1st Round,Burgsmuller L.,Dent T.,6-4 3-6 7-5
67602980b29b,,matches_vs_tennisdata,fuzzy_name,0.68,"sackmann,tml",sack:fb25e995aa3f+tml:fb25e995aa3f,Seoul,2022-09-26,R16,Aleksandar Kovacevic,Chun Hsin Tseng,7-6(5) 6-7(4) 6-2,tennis_data,td:f13107bcf1ad,Korea Open,2022-09-29,2nd Round,Kovacevic A.,Tseng C. H.,7-6 6-7 6-2
b4e087ee0b2a,,matches_vs_tennisdata,fuzzy_name,0.651,"sackmann,tml",sack:5a4448c2c0e4+tml:7979de7a3fd7,Seoul,2022-09-26,R32,Chun Hsin Tseng,Christopher Oconnell,6-4 0-0 RET,tennis_data,td:a6b7ba881414,Korea Open,2022-09-27,1st Round,Tseng C. H.,O Connell C.,6-4 Retired
6d2228b85737,,matches_vs_tennisdata,fuzzy_name,0.7,"sackmann,tml",sack:1389f223d057+tml:1389f223d057,Shanghai Masters,2010-10-10,R32,Jeremy Chardy,Alexandr Dolgopolov,6-1 5-7 6-2,tennis_data,td:7cb3bc0b0e17,Shanghai Masters,2010-10-13,2nd Round,Chardy J.,Dolgopolov O.,6-1 5-7 6-2
a647f49716fd,,matches_vs_tennisdata,fuzzy_name,0.7,"sackmann,tml",sack:416e6278d383+tml:416e6278d383,Shanghai Masters,2010-10-10,R64,Alexandr Dolgopolov,Nicolas Almagro,2-6 7-5 7-6(3),tennis_data,td:65ce6c427dd4,Shanghai Masters,2010-10-10,1st Round,Dolgopolov O.,Almagro N.,2-6 7-5 7-6
4955a5a3d418,,matches_vs_tennisdata,fuzzy_name,0.7,"sackmann,tml",sack:f5dcd8a46457+tml:f5dcd8a46457,Shanghai Masters,2011-10-09,QF,Kei Nishikori,Alexandr Dolgopolov,6-4 6-3,tennis_data,td:2db394035eb1,Shanghai Masters,2011-10-14,Quarterfinals,Nishikori K.,Dolgopolov O.,6-4 6-3
bba2b8aa59a1,,matches_vs_tennisdata,fuzzy_name,0.7,"sackmann,tml",sack:826277e4fd82+tml:826277e4fd82,Shanghai Masters,2011-10-09,R16,Alexandr Dolgopolov,Bernard Tomic,5-7 6-1 6-0,tennis_data,td:acc7151520a9,Shanghai Masters,2011-10-13,3rd Round,Dolgopolov O.,Tomic B.,5-7 6-1 6-0
e99cefd0b31a,,matches_vs_tennisdata,fuzzy_name,0.7,"sackmann,tml",sack:104e799325ce+tml:da06021887b0,Shanghai Masters,2011-10-09,R32,Alexandr Dolgopolov,Albert Ramos,5-7 6-3 6-2,tennis_data,td:d7d8e55e2f23,Shanghai Masters,2011-10-12,2nd Round,Dolgopolov O.,Ramos A.,5-7 6-3 6-2
3b33aae6dcd6,,matches_vs_tennisdata,fuzzy_name,0.7,"sackmann,tml",sack:3531821e4084+tml:3531821e4084,Shanghai Masters,2011-10-09,R64,Alexandr Dolgopolov,Lukasz Kubot,6-4 7-6(6),tennis_data,td:bbe0b23adc6d,Shanghai Masters,2011-10-11,1st Round,Dolgopolov O.,Kubot L.,6-4 7-6
34fd76d3818c,,matches_vs_tennisdata,fuzzy_name,0.7,"sackmann,tml",sack:dc41a12cddf8+tml:dc41a12cddf8,Shanghai Masters,2012-10-07,R16,Andy Murray,Alexandr Dolgopolov,6-2 6-2,tennis_data,td:faad01c3327f,Shanghai Masters,2012-10-11,3rd Round,Murray A.,Dolgopolov O.,6-2 6-2
80583f00fc84,,matches_vs_tennisdata,fuzzy_name,0.7,"sackmann,tml",sack:9828331df1e9+tml:9828331df1e9,Shanghai Masters,2012-10-07,R32,Alexandr Dolgopolov,Gilles Simon,6-3 6-4,tennis_data,td:03c76cec6f17,Shanghai Masters,2012-10-10,2nd Round,Dolgopolov O.,Simon G.,6-3 6-4
e119e5142f64,,matches_vs_tennisdata,fuzzy_name,0.7,"sackmann,tml",sack:bb1288758c30+tml:bb1288758c30,Shanghai Masters,2012-10-07,R64,Alexandr Dolgopolov,Jeremy Chardy,6-3 6-2,tennis_data,td:beeb321595b9,Shanghai Masters,2012-10-08,1st Round,Dolgopolov O.,Chardy J.,6-3 6-2
504ecea05456,,matches_vs_tennisdata,fuzzy_name,0.7,"sackmann,tml",sack:fbfad0214e75+tml:fbfad0214e75,Shanghai Masters,2013-10-07,R32,Rafael Nadal,Alexandr Dolgopolov,6-3 6-2,tennis_data,td:1b2b3ea51edc,Shanghai Masters,2013-10-09,2nd Round,Nadal R.,Dolgopolov O.,6-3 6-2
cb70897cc5f2,,matches_vs_tennisdata,fuzzy_name,0.7,"sackmann,tml",sack:bda85c42ac49+tml:bda85c42ac49,Shanghai Masters,2013-10-07,R64,Alexandr Dolgopolov,Michael Russell,6-1 6-3,tennis_data,td:810afce154d0,Shanghai Masters,2013-10-08,1st Round,Dolgopolov O.,Russell M.,6-1 6-3
5a15b47f7b04,,matches_vs_tennisdata,fuzzy_name,0.65,"sackmann,tml",sack:a823e2fac94a+tml:a823e2fac94a,Shanghai Masters,2014-10-05,R64,Roberto Bautista Agut,Alexandr Dolgopolov,6-4 6-4,tennis_data,td:24816e3ea5c1,Shanghai Masters,2014-10-05,1st Round,Bautista R.,Dolgopolov O.,6-4 6-4
0d00a2114c0e,,matches_vs_tennisdata,fuzzy_name,0.7,"sackmann,tml",sack:2d522f8f44e7+tml:2d522f8f44e7,Shanghai Masters,2015-10-11,R64,Borna Coric,Alexandr Dolgopolov,6-3 1-6 7-6(5),tennis_data,td:6886f1866d12,Shanghai Masters,2015-10-11,1st Round,Coric B.,Dolgopolov O.,6-3 1-6 7-6
2bd2fcd0c943,,matches_vs_tennisdata,fuzzy_name,0.7,"sackmann,tml",sack:780e4fbcd566+tml:780e4fbcd566,Shanghai Masters,2017-10-09,R16,Roger Federer,Alexandr Dolgopolov,6-4 6-2,tennis_data,td:88041e106555,Shanghai Masters,2017-10-12,3rd Round,Federer R.,Dolgopolov O.,6-4 6-2
436f73eb6b12,,matches_vs_tennisdata,fuzzy_name,0.7,"sackmann,tml",sack:027ab1b764d6+tml:027ab1b764d6,Shanghai Masters,2017-10-09,R32,Alexandr Dolgopolov,Feliciano Lopez,7-6(4) 1-6 6-4,tennis_data,td:35017cd451a0,Shanghai Masters,2017-10-11,2nd Round,Dolgopolov O.,Lopez F.,7-6 1-6 6-4
59d1ecfd7cb2,,matches_vs_tennisdata,fuzzy_name,0.7,"sackmann,tml",sack:618f23152dc2+tml:618f23152dc2,Shanghai Masters,2017-10-09,R64,Alexandr Dolgopolov,Jack Sock,4-6 6-1 2-1 RET,tennis_data,td:50fc092dba3b,Shanghai Masters,2017-10-10,1st Round,Dolgopolov O.,Sock J.,4-6 6-1 2-1 Retired
1bc531bc3f3b,,matches_vs_tennisdata,fuzzy_name,0.68,"sackmann,tml",sack:e096cc005c64+tml:ce9786e9ca5d,Shanghai Masters,2023-10-02,R64,Sebastian Korda,Bu Yunchaokete,6-1 6-4,tennis_data,td:25e9e4f1b4db,Shanghai Masters,2023-10-06,2nd Round,Korda S.,Bu Y.,6-1 6-4
3611828ef3fa,,matches_vs_tennisdata,swapped_winner_loser,0.68,"sackmann,tml",sack:361355b9bdab+tml:378bae80b30d,Shanghai Masters,2023-10-02,R128,Bu Yunchaokete,Miomir Kecmanovic,6-7(6) 6-2 2-1 RET,tennis_data,td:9ee5e4a0a591,Shanghai Masters,2023-10-04,1st Round,Kecmanovic M.,Bu Y.,7-6 2-6 1-2 Retired
47f09bb19bdc,,matches_vs_tennisdata,fuzzy_name,0.68,"sackmann,tml",sack:68d5696f5f34+tml:f0c8636f3f7a,Shanghai Masters,2024-10-02,R128,Alex Michelsen,Bu Yunchaokete,6-3 6-4,tennis_data,td:7313a0d0f2e3,Shanghai Masters,2024-10-04,1st Round,Michelsen A.,Bu Y.,6-3 6-4
55ccee299a04,,matches_vs_tennisdata,fuzzy_name,0.68,"sackmann,tml",sack:c4fb362b3092+tml:5243df5b8908,Shanghai Masters,2025-10-01,R64,Luciano Darderi,Bu Yunchaokete,6-4 6-4,tennis_data,td:5481f817896a,Shanghai Masters,2025-10-04,2nd Round,Darderi L.,Bu Y.,6-4 6-4
c655653be5d3,,matches_vs_tennisdata,fuzzy_name,0.68,"sackmann,tml",sack:2ef17a6ec604+tml:715d3809a974,Shanghai Masters,2025-10-01,R128,Bu Yunchaokete,Juan Manuel Cerundolo,6-3 6-7(5) 6-3,tennis_data,td:a4daa083304e,Shanghai Masters,2025-10-02,1st Round,Bu Y.,Cerundolo J.M.,6-3 6-7 6-3
2eea85bc332b,,matches_vs_tennisdata,fuzzy_name,0.7,"sackmann,tml",sack:b1e42859050e+tml:b1e42859050e,Shenzhen,2017-09-25,F,David Goffin,Alexandr Dolgopolov,6-4 6-7(5) 6-3,tennis_data,td:6dff171ec58c,Shenzhen Open,2017-10-01,The Final,Goffin D.,Dolgopolov O.,6-4 6-7 6-3
7db628097464,,matches_vs_tennisdata,fuzzy_name,0.7,"sackmann,tml",sack:de345fcb214d+tml:de345fcb214d,Shenzhen,2017-09-25,SF,Alexandr Dolgopolov,Damir Dzumhur,6-3 6-4,tennis_data,td:aab8fe49ba53,Shenzhen Open,2017-09-30,Semifinals,Dolgopolov O.,Dzumhur D.,6-3 6-4
9603b920a27c,,matches_vs_tennisdata,fuzzy_name,0.7,"sackmann,tml",sack:0c59805bbbdd+tml:0c59805bbbdd,Shenzhen,2017-09-25,QF,Alexandr Dolgopolov,Dudi Sela,6-3 4-6 1-0 RET,tennis_data,td:05ec9d350f96,Shenzhen Open,2017-09-29,Quarterfinals,Dolgopolov O.,Sela D.,6-3 4-6 1-0 Retired
81b922d4f403,,matches_vs_tennisdata,fuzzy_name,0.7,"sackmann,tml",sack:51832274774a+tml:51832274774a,Shenzhen,2017-09-25,R16,Alexandr Dolgopolov,Sergiy Stakhovsky,7-6(5) 6-4,tennis_data,td:8baef15a54db,Shenzhen Open,2017-09-28,2nd Round,Dolgopolov O.,Stakhovsky S.,7-6 6-4
4dfedc1de9bf,,matches_vs_tennisdata,fuzzy_name,0.7,"sackmann,tml",sack:be95e7545476+tml:be95e7545476,Shenzhen,2017-09-25,R32,Alexandr Dolgopolov,Lloyd Harris,6-3 6-4,tennis_data,td:6ae9dd5bd5ff,Shenzhen Open,2017-09-26,1st Round,Dolgopolov O.,Harris L.,6-3 6-4
96dc22321395,,matches_vs_tennisdata,fuzzy_name,0.7,"sackmann,tml",sack:49b8f4b7cdea+tml:49b8f4b7cdea,St. Petersburg,2003-10-20,R32,Alex Corretja,Jan Vacek,6-4 6-1,tennis_data,td:5459c77cdab8,St. Petersburg Open,2003-10-21,1st Round,Corretja A.,Vacek D.,6-4 6-1
23187ecc57e6,,matches_vs_tennisdata,fuzzy_name,0.7,"sackmann,tml",sack:93a8f8a52652+tml:93a8f8a52652,St. Petersburg,2009-10-25,R16,Horacio Zeballos,Alexandr Dolgopolov,6-3 6-1,tennis_data,td:561bf38d3e9a,St. Petersburg Open,2009-10-28,2nd Round,Zeballos H.,Dolgopolov O.,6-3 6-1
bc49f3a06f82,,matches_vs_tennisdata,fuzzy_name,0.7,"sackmann,tml",sack:848507fbcf94+tml:848507fbcf94,St. Petersburg,2009-10-25,R32,Alexandr Dolgopolov,Robby Ginepri,6-2 1-0 RET,tennis_data,td:a91d49986165,St. Petersburg Open,2009-10-27,1st Round,Dolgopolov O.,Ginepri R.,6-2 1-0 Retired
4c074f63390c,,matches_vs_tennisdata,fuzzy_name,0.7,"sackmann,tml",sack:b9f1ed29cf62+tml:b9f1ed29cf62,St. Petersburg,2010-10-25,QF,Dmitry Tursunov,Alexandr Dolgopolov,6-4 6-2,tennis_data,td:84d85f913a4e,St. Petersburg Open,2010-10-29,Quarterfinals,Tursunov D.,Dolgopolov O.,6-4 6-2
36789383411b,,matches_vs_tennisdata,fuzzy_name,0.7,"sackmann,tml",sack:a1acd5778568+tml:a1acd5778568,St. Petersburg,2010-10-25,R16,Alexandr Dolgopolov,Rainer Schuettler,6-4 6-2,tennis_data,td:73d98c267b87,St. Petersburg Open,2010-10-28,2nd Round,Dolgopolov O.,Schuettler R.,6-4 6-2
5495061211b5,,matches_vs_tennisdata,fuzzy_name,0.7,"sackmann,tml",sack:37a19d136cf6+tml:37a19d136cf6,St. Petersburg,2010-10-25,R32,Alexandr Dolgopolov,Fabio Fognini,7-6(5) 6-4,tennis_data,td:a5af9229126d,St. Petersburg Open,2010-10-27,1st Round,Dolgopolov O.,Fognini F.,7-6 6-4
9de0b7472960,,matches_vs_tennisdata,fuzzy_name,0.7,"sackmann,tml",sack:c50582412067+tml:c50582412067,St. Petersburg,2011-10-24,R32,Dudi Sela,Alexandr Dolgopolov,6-2 6-2,tennis_data,td:12ca3d931f4d,St. Petersburg Open,2011-10-24,1st Round,Sela D.,Dolgopolov O.,6-2 6-2
5367e4d28d71,,matches_vs_tennisdata,fuzzy_name,0.7,"sackmann,tml",sack:eb27d8ff2f0e+tml:eb27d8ff2f0e,Stockholm,2006-10-09,R32,Paradorn Srichaphan,Mardy Fish,7-6(5) 3-6 6-1,tennis_data,td:9023abca03cc,Stockholm Open,2006-10-09,1st Round,Srichaphan P.,Fish A.,7-6 3-6 6-1
63205fd87588,,matches_vs_tennisdata,fuzzy_name,0.7,"sackmann,tml",sack:905944366690+tml:905944366690,Stockholm,2014-10-13,R16,Adrian Mannarino,Alexandr Dolgopolov,6-4 6-7(2) 7-6(4),tennis_data,td:800ae7c2f6ee,Stockholm Open,2014-10-16,2nd Round,Mannarino A.,Dolgopolov O.,6-4 6-7 7-6
3a5a45688942,,matches_vs_tennisdata,fuzzy_name,0.557,"sackmann,tml",sack:32d29fab15a4+tml:32d29fab15a4,Stuttgart,2004-07-12,R64,Richard Gasquet,Edouard Roger Vasselin,6-2 6-4,tennis_data,td:fba469f2d93d,Mercedes Cup,2004-07-12,1st Round,Gasquet R.,Boutter J.,6-2 6-4
86488e21ac14,,matches_vs_tennisdata,fuzzy_name,0.7,"sackmann,tml",sack:31b87b79d4c7+tml:31b87b79d4c7,Stuttgart,2015-06-08,R32,Philipp Kohlschreiber,Alexandr Dolgopolov,6-3 6-3,tennis_data,td:75d6303dbb08,Mercedes Cup,2015-06-08,1st Round,Kohlschreiber P.,Dolgopolov O.,6-3 6-3
b12b69f63b60,,matches_vs_tennisdata,fuzzy_name,0.7,"sackmann,tml",sack:68cb43a90240+tml:68cb43a90240,Sydney,2003-01-06,R32,Hyung Taik Lee,Nicolas Lapentti,6-2 6-0,tennis_data,td:60e2b75bac1f,adidas International,2003-01-07,1st Round,Lee H.T.,Lapentti G.,6-2 6-0
dbceb8b9d531,,matches_vs_tennisdata,fuzzy_name,0.7,"sackmann,tml",sack:6031ed172629+tml:6031ed172629,Sydney,2004-01-12,R16,Lleyton Hewitt,Karol Kucera,6-4 6-1,tennis_data,td:41a388faf8ed,adidas International,2004-01-14,2nd Round,Hewitt L.,Kucera V.,6-4 6-1
844fed7dccd1,,matches_vs_tennisdata,fuzzy_name,0.7,"sackmann,tml",sack:afd3878adac4+tml:afd3878adac4,Sydney,2004-01-12,R32,Karol Kucera,Feliciano Lopez,6-7(3) 7-6(4) 6-3,tennis_data,td:e36e401e2fe9,adidas International,2004-01-13,1st Round,Kucera V.,Lopez F.,6-7 7-6 6-3
cccf7011dede,,matches_vs_tennisdata,fuzzy_name,0.7,"sackmann,tml",sack:d093973d9628+tml:d093973d9628,Sydney,2011-01-10,QF,Gilles Simon,Alexandr Dolgopolov,6-4 6-3,tennis_data,td:341306ddbdfc,Medibank International,2011-01-13,Quarterfinals,Simon G.,Dolgopolov O.,6-4 6-3
ba3d0b948bbe,,matches_vs_tennisdata,fuzzy_name,0.7,"sackmann,tml",sack:1aa7b9253d22+tml:1aa7b9253d22,Sydney,2011-01-10,R16,Alexandr Dolgopolov,Sam Querrey,6-4 6-3,tennis_data,td:c7e7914ea9d7,Medibank International,2011-01-12,2nd Round,Dolgopolov O.,Querrey S.,6-4 6-3
0f6b71ab7a62,,matches_vs_tennisdata,fuzzy_name,0.7,"sackmann,tml",sack:78e7804d5e3c+tml:78e7804d5e3c,Sydney,2011-01-10,R32,Alexandr Dolgopolov,Bernard Tomic,6-7(3) 6-1 6-2,tennis_data,td:9182709f200b,Medibank International,2011-01-12,1st Round,Dolgopolov O.,Tomic B.,6-7 6-1 6-2
37f7f100f974,,matches_vs_tennisdata,fuzzy_name,0.7,"sackmann,tml",sack:54230d89faa7+tml:54230d89faa7,Sydney,2014-01-06,QF,Bernard Tomic,Alexandr Dolgopolov,6-4 6-3,tennis_data,td:28061bc87097,Apia International,2014-01-09,Quarterfinals,Tomic B.,Dolgopolov O.,6-4 6-3
fb421f722884,,matches_vs_tennisdata,fuzzy_name,0.7,"sackmann,tml",sack:52bae3a0189f+tml:52bae3a0189f,Sydney,2014-01-06,R16,Alexandr Dolgopolov,Jerzy Janowicz,6-2 6-2,tennis_data,td:0c41a1b92c27,Apia International,2014-01-08,2nd Round,Dolgopolov O.,Janowicz J.,6-2 6-2
de4861754506,,matches_vs_tennisdata,fuzzy_name,0.7,"sackmann,tml",sack:ee9e5ccdf988+tml:ee9e5ccdf988,Sydney,2014-01-06,R32,Alexandr Dolgopolov,Edouard Roger-Vasselin,6-3 RET,tennis_data,td:def98f6d8b2e,Apia International,2014-01-07,1st Round,Dolgopolov O.,Roger-Vasselin E.,6-3 Retired
f12d20f24a40,,matches_vs_tennisdata,fuzzy_name,0.68,"sackmann,tml",sack:56e91936d6f4+tml:56e91936d6f4,Sydney,2014-01-06,R32,Marin Cilic,Jan Lennard Struff,3-6 6-3 6-3,tennis_data,td:b6f19a650ea2,Apia International,2014-01-07,1st Round,Cilic M.,Struff J-L.,3-6 6-3 6-3
13cc2f9e6c99,,matches_vs_tennisdata,fuzzy_name,0.7,"sackmann,tml",sack:3b5a65af0f81+tml:04a385282daf,Sydney,2016-01-11,QF,Grigor Dimitrov,Alexandr Dolgopolov,4-6 6-3 6-4,tennis_data,td:e9caee9d0f6f,Apia International,2016-01-15,Quarterfinals,Dimitrov G.,Dolgopolov O.,4-6 6-3 6-4
54ec197f4785,,matches_vs_tennisdata,fuzzy_name,0.7,"sackmann,tml",sack:6a03474f432e+tml:18b2bf34c3e7,Sydney,2016-01-11,R16,Alexandr Dolgopolov,Alexander Sarkissian,7-6(6) 6-2,tennis_data,td:f30e2dccf9e6,Apia International,2016-01-13,2nd Round,Dolgopolov O.,Sarkissian A.,7-6 6-2
f31f199ffba1,,matches_vs_tennisdata,fuzzy_name,0.7,"sackmann,tml",sack:6557cdb34177+tml:5344ecc4257a,Sydney,2016-01-11,R32,Alexandr Dolgopolov,Thomaz Bellucci,6-1 6-4,tennis_data,td:e69b97b1750a,Apia International,2016-01-12,1st Round,Dolgopolov O.,Bellucci T.,6-1 6-4
668be11fc7b5,,matches_vs_tennisdata,fuzzy_name,0.7,"sackmann,tml",sack:c9ecdf4c0520+tml:27d29d514ea8,Sydney,2017-01-09,R32,Gilles Muller,Alexandr Dolgopolov,3-6 6-3 7-5,tennis_data,td:8fbc63e2ad3d,Apia International,2017-01-10,1st Round,Muller G.,Dolgopolov O.,3-6 6-3 7-5
9e7dee0c1a7d,,matches_vs_tennisdata,fuzzy_name,0.7,"sackmann,tml",sack:4cf4b6d2620b+tml:6b8f3a6eb5e1,Sydney,2018-01-08,R16,Fabio Fognini,Alexandr Dolgopolov,3-6 6-3 6-4,tennis_data,td:59aebd147f67,Sydney International,2018-01-10,2nd Round,Fognini F.,Dolgopolov O.,3-6 6-3 6-4
151529998667,,matches_vs_tennisdata,fuzzy_name,0.7,"sackmann,tml",sack:42cb56f9acb7+tml:b2047623865a,Sydney,2018-01-08,R32,Alexandr Dolgopolov,Viktor Troicki,6-3 6-7(6) 7-5,tennis_data,td:1188ece27af4,Sydney International,2018-01-07,1st Round,Dolgopolov O.,Troicki V.,6-3 6-7 7-5
6815e78b6e93,,matches_vs_tennisdata,fuzzy_name,0.7,"sackmann,tml",sack:6ed71372e2d4+tml:6ed71372e2d4,Tokyo,2004-10-04,R32,David Nalbandian,Jimmy Wang,3-6 7-6(4) 6-2,tennis_data,td:16ba613540b4,Japan Open,2004-10-06,2nd Round,Nalbandian D.,Wang Y.T.,3-6 7-6 6-2
dbe3e0ac9342,,matches_vs_tennisdata,fuzzy_name,0.7,"sackmann,tml",sack:0a6a75f6ec00+tml:0a6a75f6ec00,Tokyo,2004-10-04,R64,Jimmy Wang,Jeff Morrison,6-3 7-6(1),tennis_data,td:32d31d8c2354,Japan Open,2004-10-05,1st Round,Wang Y.T.,Morrison J.,6-3 7-6
16ca944fbba4,,matches_vs_tennisdata,fuzzy_name,0.7,"sackmann,tml",sack:14daa811cf48+tml:14daa811cf48,Tokyo,2005-10-03,R64,Wesley Moodie,Jimmy Wang,6-1 6-4,tennis_data,td:67d2413c6381,Japan Open,2005-10-04,1st Round,Moodie W.,Wang Y.T.,6-1 6-4
0d824f3caa57,,matches_vs_tennisdata,fuzzy_name,0.7,"sackmann,tml",sack:796d05779c71+tml:796d05779c71,Tokyo,2006-10-02,R32,Dmitry Tursunov,Jimmy Wang,6-3 5-7 7-5,tennis_data,td:102c2accdc56,Japan Open,2006-10-04,2nd Round,Tursunov D.,Wang Y.T.,6-3 5-7 7-5
3535884fe980,,matches_vs_tennisdata,fuzzy_name,0.7,"sackmann,tml",sack:bec4128afd6a+tml:bec4128afd6a,Tokyo,2006-10-02,R64,Jimmy Wang,Kevin Kim,6-3 6-1,tennis_data,td:53fe1a9c65be,Japan Open,2006-10-02,1st Round,Wang Y.T.,Kim K.,6-3 6-1
0307ec9e3875,,matches_vs_tennisdata,fuzzy_name,0.7,"sackmann,tml",sack:0373295bddc1+tml:0373295bddc1,Tokyo,2013-09-30,QF,Juan Martin del Potro,Alexandr Dolgopolov,4-6 6-4 6-2,tennis_data,td:35f46c7504ef,Rakuten Japan Open Tennis Championships,2013-10-04,Quarterfinals,Del Potro J.M.,Dolgopolov O.,4-6 6-4 6-2
6aa1c300acab,,matches_vs_tennisdata,fuzzy_name,0.7,"sackmann,tml",sack:803077a5b43b+tml:803077a5b43b,Tokyo,2013-09-30,R16,Alexandr Dolgopolov,Janko Tipsarevic,6-3 7-6(2),tennis_data,td:a9cef774dcfc,Rakuten Japan Open Tennis Championships,2013-10-02,2nd Round,Dolgopolov O.,Tipsarevic J.,6-3 7-6
84e6716c4e72,,matches_vs_tennisdata,fuzzy_name,0.7,"sackmann,tml",sack:493753f439d0+tml:493753f439d0,Tokyo,2013-09-30,R32,Alexandr Dolgopolov,Daniel Brands,6-3 6-1,tennis_data,td:106c8fdb5882,Rakuten Japan Open Tennis Championships,2013-09-30,1st Round,Dolgopolov O.,Brands D.,6-3 6-1
ace013b983e1,,matches_vs_tennisdata,fuzzy_name,0.7,"sackmann,tml",sack:7cc7415fbaee+tml:7cc7415fbaee,Tokyo,2014-09-29,R32,Jack Sock,Alexandr Dolgopolov,6-4 6-1,tennis_data,td:1d6c8d036223,Rakuten Japan Open Tennis Championships,2014-09-29,1st Round,Sock J.,Dolgopolov O.,6-4 6-1
b99dcafe156d,,matches_vs_tennisdata,fuzzy_name,0.68,"sackmann,tml",sack:6a42516ae5c1+tml:6a42516ae5c1,Tokyo,2014-09-29,R32,Andrey Golubev,Pierre Hugues Herbert,6-4 6-4,tennis_data,td:a72dddf661c6,Rakuten Japan Open Tennis Championships,2014-09-29,1st Round,Golubev A.,Herbert P-H.,6-4 6-4
da196156919d,,matches_vs_tennisdata,fuzzy_name,0.7,"sackmann,tml",sack:602b7ffc47b3+tml:602b7ffc47b3,Tokyo,2015-10-05,R32,Sam Querrey,Alexandr Dolgopolov,7-6(5) 6-4,tennis_data,td:edcfa65456e8,Rakuten Japan Open Tennis Championships,2015-10-05,1st Round,Querrey S.,Dolgopolov O.,7-6 6-4
9af1fc4db7bc,,matches_vs_tennisdata,fuzzy_name,0.7,"sackmann,tml",sack:a583b25bc511+tml:a583b25bc511,Tokyo,2017-10-02,R16,Steve Johnson,Alexandr Dolgopolov,6-2 6-4,tennis_data,td:866e91ccfe50,Rakuten Japan Open Tennis Championships,2017-10-05,2nd Round,Johnson S.,Dolgopolov O.,6-2 6-4
abefd4969de0,,matches_vs_tennisdata,fuzzy_name,0.7,"sackmann,tml",sack:0f35584996bf+tml:0f35584996bf,Tokyo,2017-10-02,R32,Alexandr Dolgopolov,Daniil Medvedev,6-1 6-2,tennis_data,td:fb316a7da462,Rakuten Japan Open Tennis Championships,2017-10-04,1st Round,Dolgopolov O.,Medvedev D.,6-1 6-2
a0fee137252f,,matches_vs_tennisdata,fuzzy_name,0.68,"sackmann,tml",sack:c8ca377bc097+tml:c8ca377bc097,Tokyo,2022-10-03,R32,Nick Kyrgios,Chun Hsin Tseng,6-3 6-1,tennis_data,td:0fc224481fd3,Rakuten Japan Open Tennis Championships,2022-10-04,1st Round,Kyrgios N.,Tseng C. H.,6-3 6-1
5099c615042f,,matches_vs_tennisdata,swapped_winner_loser,1.0,"sackmann,tml",sack:c8da8ae5c660+tml:c8da8ae5c660,Tour Finals,2021-11-15,RR,Alexander Zverev,Matteo Berrettini,7-6(7) 1-0 RET,tennis_data,td:a2349935ade3,Masters Cup,2021-11-14,Round Robin,Berrettini M.,Zverev A.,6-7 0-1 Retired
2412fdca405c,,matches_vs_tennisdata,swapped_winner_loser,1.0,"sackmann,tml",sack:63ac33751998+tml:63ac33751998,Tour Finals,2024-11-11,RR,Taylor Fritz,Alex De Minaur,5-7 6-4 6-3,tennis_data,td:43cc4c3c97c4,Masters Cup,2024-11-14,Round Robin,De Minaur A.,Fritz T.,5-7 6-4 6-3
9353ca565f5f,,matches_vs_tennisdata,fuzzy_name,0.7,"sackmann,tml",sack:95997a4657bc+tml:95997a4657bc,US Open,2001-08-27,R128,David Nalbandian,Alex Bogomolov Jr,6-1 3-6 6-4 6-4,tennis_data,td:52966e1dcbad,US Open,2001-08-27,1st Round,Nalbandian D.,Bogomolov Jr.A.,6-1 3-6 6-4 6-4
99ce5dc67d27,,matches_vs_tennisdata,fuzzy_name,0.7,"sackmann,tml",sack:e17ea8f6e428+tml:e17ea8f6e428,US Open,2002-08-26,R128,Ramon Delgado,Alex Bogomolov Jr,6-3 6-7(6) 0-6 6-4 7-5,tennis_data,td:2c9736842cbb,US Open,2002-08-26,1st Round,Delgado R.,Bogomolov Jr.A.,6-3 6-7 0-6 6-4 7-5
c600e19ffb70,,matches_vs_tennisdata,fuzzy_name,0.7,"sackmann,tml",sack:90f23f536fc9+tml:90f23f536fc9,US Open,2004-08-30,R128,Philipp Kohlschreiber,Julien Benneteau,6-1 6-1 6-4,tennis_data,td:94a33af70bd6,US Open,2004-09-01,1st Round,Kohlschreiber P.,Benneteau A.,6-1 6-1 6-4
280cbfd2d7c8,,matches_vs_tennisdata,fuzzy_name,0.7,"sackmann,tml",sack:99645993629e+tml:99645993629e,US Open,2006-08-28,R128,Roger Federer,Jimmy Wang,6-4 6-1 6-0,tennis_data,td:23ddbae759f2,US Open,2006-08-30,1st Round,Federer R.,Wang Y.T.,6-4 6-1 6-0
93b95692c768,,matches_vs_tennisdata,fuzzy_name,0.7,"sackmann,tml",sack:675dd796ff95+tml:675dd796ff95,US Open,2010-08-30,R128,David Ferrer,Alexandr Dolgopolov,6-2 6-2 6-3,tennis_data,td:3a87137a0fc0,US Open,2010-08-31,1st Round,Ferrer D.,Dolgopolov O.,6-2 6-2 6-3
f1fad797e9b6,,matches_vs_tennisdata,fuzzy_name,0.7,"sackmann,tml",sack:e2a38617b763+tml:e2a38617b763,US Open,2011-08-29,R16,Novak Djokovic,Alexandr Dolgopolov,7-6(14) 6-4 6-2,tennis_data,td:1b6f2584b2ef,US Open,2011-09-05,4th Round,Djokovic N.,Dolgopolov O.,7-6 6-4 6-2
64a7fa74e3a8,,matches_vs_tennisdata,fuzzy_name,0.7,"sackmann,tml",sack:a6132052b38a+tml:a6132052b38a,US Open,2011-08-29,R32,Alexandr Dolgopolov,Ivo Karlovic,6-7(4) 6-2 6-4 6-4,tennis_data,td:efe45d5a1eb9,US Open,2011-09-03,3rd Round,Dolgopolov O.,Karlovic I.,6-7 6-2 6-4 6-4
fc3c7a2bfd8e,,matches_vs_tennisdata,fuzzy_name,0.7,"sackmann,tml",sack:52397360bf86+tml:52397360bf86,US Open,2011-08-29,R64,Alexandr Dolgopolov,Flavio Cipolla,6-0 7-5 2-6 5-7 6-4,tennis_data,td:6fd704edeff5,US Open,2011-09-01,2nd Round,Dolgopolov O.,Cipolla F.,6-0 7-5 2-6 5-7 6-4
984af0cd9712,,matches_vs_tennisdata,fuzzy_name,0.7,"sackmann,tml",sack:1b65d2c867c6+tml:29360c8bd770,US Open,2011-08-29,R128,Alexandr Dolgopolov,Frederico Gil,6-4 6-2 7-5,tennis_data,td:25150789e764,US Open,2011-08-29,1st Round,Dolgopolov O.,Gil F.,6-4 6-2 7-5
167ef1d68810,,matches_vs_tennisdata,fuzzy_name,0.7,"sackmann,tml",sack:61bcf3af9d9f+tml:61bcf3af9d9f,US Open,2012-08-27,R32,Stan Wawrinka,Alexandr Dolgopolov,6-4 6-4 6-2,tennis_data,td:15382b5a3bf8,US Open,2012-09-02,3rd Round,Wawrinka S.,Dolgopolov O.,6-4 6-4 6-2
c8ccc3db64fc,,matches_vs_tennisdata,fuzzy_name,0.7,"sackmann,tml",sack:69447f68ccdf+tml:69447f68ccdf,US Open,2012-08-27,R64,Alexandr Dolgopolov,Marcos Baghdatis,6-4 3-6 6-0 7-6(5),tennis_data,td:a8c26a3f8ee4,US Open,2012-08-31,2nd Round,Dolgopolov O.,Baghdatis M.,6-4 3-6 6-0 7-6
336f60c0d6a9,,matches_vs_tennisdata,fuzzy_name,0.7,"sackmann,tml",sack:3d7881542505+tml:3d7881542505,US Open,2012-08-27,R128,Alexandr Dolgopolov,Jesse Levine,3-6 4-6 6-4 6-1 6-2,tennis_data,td:2dd945a7045e,US Open,2012-08-29,1st Round,Dolgopolov O.,Levine J.,3-6 4-6 6-4 6-1 6-2
f5360cbf11e9,,matches_vs_tennisdata,fuzzy_name,0.7,"sackmann,tml",sack:738877eab2ee+tml:738877eab2ee,US Open,2013-08-26,R64,Mikhail Youzhny,Alexandr Dolgopolov,7-5 6-1 6-3,tennis_data,td:749ad89de40c,US Open,2013-08-30,2nd Round,Youzhny M.,Dolgopolov O.,7-5 6-1 6-3
fdd5ece36ff2,,matches_vs_tennisdata,fuzzy_name,0.7,"sackmann,tml",sack:8c81a6463c33+tml:8c81a6463c33,US Open,2013-08-26,R128,Alexandr Dolgopolov,David Goffin,6-2 6-4 6-4,tennis_data,td:7a083dfd2d47,US Open,2013-08-28,1st Round,Dolgopolov O.,Goffin D.,6-2 6-4 6-4
ad852d00a0c2,,matches_vs_tennisdata,fuzzy_name,0.7,"sackmann,tml",sack:dfb04cc1824e+tml:dfb04cc1824e,US Open,2015-08-31,R128,Sam Groth,Alexandr Dolgopolov,4-6 6-1 7-5 RET,tennis_data,td:b0aec6c15b2f,US Open,2015-09-01,1st Round,Groth S.,Dolgopolov O.,4-6 6-1 7-5 Retired
103ee95adb82,,matches_vs_tennisdata,fuzzy_name,0.7,"sackmann,tml",sack:7dd7304c0b70+tml:7dd7304c0b70,US Open,2016-08-29,R128,David Ferrer,Alexandr Dolgopolov,6-5 RET,tennis_data,td:62f343b56b15,US Open,2016-08-30,1st Round,Ferrer D.,Dolgopolov O.,6-5 Retired
2bef2bf40e6b,,matches_vs_tennisdata,fuzzy_name,0.7,"sackmann,tml",sack:67d6b8ded2ff+tml:67d6b8ded2ff,US Open,2017-08-28,R16,Rafael Nadal,Alexandr Dolgopolov,6-2 6-4 6-1,tennis_data,td:8a548f8302c9,US Open,2017-09-04,4th Round,Nadal R.,Dolgopolov O.,6-2 6-4 6-1
cc9e0dc26e89,,matches_vs_tennisdata,fuzzy_name,0.7,"sackmann,tml",sack:0f79dd538584+tml:0f79dd538584,US Open,2017-08-28,R32,Alexandr Dolgopolov,Viktor Troicki,6-1 6-0 6-4,tennis_data,td:63cae5199fcc,US Open,2017-09-02,3rd Round,Dolgopolov O.,Troicki V.,6-1 6-0 6-4
864dd29abd4e,,matches_vs_tennisdata,fuzzy_name,0.7,"sackmann,tml",sack:8b1492ae7b40+tml:8b1492ae7b40,US Open,2017-08-28,R64,Alexandr Dolgopolov,Tomas Berdych,3-6 6-1 7-6(5) 6-2,tennis_data,td:ece58659e16a,US Open,2017-08-31,2nd Round,Dolgopolov O.,Berdych T.,3-6 6-1 7-6 6-2
f8b5d64e8a43,,matches_vs_tennisdata,fuzzy_name,0.7,"sackmann,tml",sack:04f03bbcbf7d+tml:04f03bbcbf7d,US Open,2017-08-28,R128,Alexandr Dolgopolov,Jan Lennard Struff,3-6 6-3 6-2 1-6 6-3,tennis_data,td:c918dc2b9381,US Open,2017-08-30,1st Round,Dolgopolov O.,Struff J.L.,3-6 6-3 6-2 1-6 6-3
d3c11a8146df,,matches_vs_tennisdata,fuzzy_name,0.7,"sackmann,tml",sack:04cbbce70e4f+tml:04cbbce70e4f,Umag,2010-07-26,QF,Juan Carlos Ferrero,Alexandr Dolgopolov,6-1 6-2,tennis_data,td:f45b71cb1b19,Studena Croatia Open,2010-07-30,Quarterfinals,Ferrero J.C.,Dolgopolov O.,6-1 6-2
c777c0090b7a,,matches_vs_tennisdata,fuzzy_name,0.7,"sackmann,tml",sack:0894d92f4bde+tml:0894d92f4bde,Umag,2010-07-26,R16,Alexandr Dolgopolov,Franko Skugor,7-6(1) 6-3,tennis_data,td:5a805acebc61,Studena Croatia Open,2010-07-28,2nd Round,Dolgopolov O.,Skugor F.,7-6 6-3
6c57bc34f901,,matches_vs_tennisdata,fuzzy_name,0.7,"sackmann,tml",sack:425e0f665455+tml:425e0f665455,Umag,2010-07-26,R32,Alexandr Dolgopolov,Paolo Lorenzi,6-3 6-7(6) 7-6(3),tennis_data,td:8a2c10d0a997,Studena Croatia Open,2010-07-26,1st Round,Dolgopolov O.,Lorenzi P.,6-3 6-7 7-6
2001df5c3f56,,matches_vs_tennisdata,fuzzy_name,0.7,"sackmann,tml",sack:88888d9c07f7+tml:88888d9c07f7,Umag,2011-07-25,F,Alexandr Dolgopolov,Marin Cilic,6-4 3-6 6-3,tennis_data,td:f4436f7c7ecf,Studena Croatia Open,2011-07-31,The Final,Dolgopolov O.,Cilic M.,6-4 3-6 6-3
1e549933b72e,,matches_vs_tennisdata,fuzzy_name,0.7,"sackmann,tml",sack:70547babb5fd+tml:70547babb5fd,Umag,2011-07-25,SF,Alexandr Dolgopolov,Juan Carlos Ferrero,6-4 6-4,tennis_data,td:02daef2178e4,Studena Croatia Open,2011-07-30,Semifinals,Dolgopolov O.,Ferrero J.C.,6-4 6-4
4347847790be,,matches_vs_tennisdata,fuzzy_name,0.7,"sackmann,tml",sack:de1f64f52efb+tml:65817744a653,Umag,2011-07-25,QF,Alexandr Dolgopolov,Albert Ramos,6-3 7-5,tennis_data,td:f93d97cb657a,Studena Croatia Open,2011-07-29,Quarterfinals,Dolgopolov O.,Ramos A.,6-3 7-5
a8625e45a63e,,matches_vs_tennisdata,fuzzy_name,0.7,"sackmann,tml",sack:43ddda7488d9+tml:43ddda7488d9,Umag,2011-07-25,R16,Alexandr Dolgopolov,Filippo Volandri,6-1 6-2,tennis_data,td:be350a396239,Studena Croatia Open,2011-07-27,2nd Round,Dolgopolov O.,Volandri F.,6-1 6-2
1bb0e5332abb,,matches_vs_tennisdata,fuzzy_name,0.7,"sackmann,tml",sack:ad8a911b1199+tml:ad8a911b1199,Umag,2012-07-09,SF,Marin Cilic,Alexandr Dolgopolov,7-5 6-2,tennis_data,td:973cda11b11b,ATP Vegeta Croatia Open,2012-07-14,Semifinals,Cilic M.,Dolgopolov O.,7-5 6-2
8c3a5a903b34,,matches_vs_tennisdata,fuzzy_name,0.7,"sackmann,tml",sack:b57896b3c60c+tml:b57896b3c60c,Umag,2012-07-09,QF,Alexandr Dolgopolov,Carlos Berlocq,6-4 6-4,tennis_data,td:3e799ab6f6ea,ATP Vegeta Croatia Open,2012-07-13,Quarterfinals,Dolgopolov O.,Berlocq C.,6-4 6-4
b2ce5474d514,,matches_vs_tennisdata,fuzzy_name,0.7,"sackmann,tml",sack:6e2497dcde11+tml:6e2497dcde11,Umag,2012-07-09,R16,Alexandr Dolgopolov,Fabio Fognini,6-2 6-4,tennis_data,td:c4bad2e8efe5,ATP Vegeta Croatia Open,2012-07-12,2nd Round,Dolgopolov O.,Fognini F.,6-2 6-4
0c9f8bec6cea,,matches_vs_tennisdata,fuzzy_name,0.7,"sackmann,tml",sack:56e463fa5aca+tml:56e463fa5aca,Umag,2013-07-22,R16,Aljaz Bedene,Alexandr Dolgopolov,6-3 6-1,tennis_data,td:e21f8b3306dd,ATP Vegeta Croatia Open,2013-07-25,2nd Round,Bedene A.,Dolgopolov O.,6-3 6-1
523d9997b926,,matches_vs_tennisdata,fuzzy_name,0.68,"sackmann,tml",sack:0ec5fd4c61b6+tml:0ec5fd4c61b6,Umag,2024-07-22,QF,Jakub Mensik,Chun Hsin Tseng,6-0 6-4,tennis_data,td:da11a9152f69,Croatia Open,2024-07-25,Quarterfinals,Mensik J.,Tseng C. H.,6-0 6-4
7f30f7957e73,,matches_vs_tennisdata,fuzzy_name,0.68,"sackmann,tml",sack:27bf731e8f0d+tml:27bf731e8f0d,Umag,2024-07-22,R16,Chun Hsin Tseng,Fabio Fognini,6-1 6-0,tennis_data,td:36f2d0403619,Croatia Open,2024-07-24,2nd Round,Tseng C. H.,Fognini F.,6-1 6-0
569bfc75b938,,matches_vs_tennisdata,fuzzy_name,0.68,"sackmann,tml",sack:5a776c80bec0+tml:ddc5e3a2f974,Umag,2025-07-20,R32,Mariano Navone,Tomas Barrios Vera,6-1 6-2,tennis_data,td:7c02bbd88a55,Croatia Open,2025-07-21,1st Round,Navone M.,Barrios M.,6-1 6-2
0ad10b19cec8,,matches_vs_tennisdata,fuzzy_name,0.68,"sackmann,tml",sack:830ac1f78ba3+tml:7386fc8efb60,Us Open,2024-08-26,R128,Casper Ruud,Bu Yunchaokete,7-6(2) 6-2 6-2,tennis_data,td:a91c3fbadb48,US Open,2024-08-26,1st Round,Ruud C.,Bu Y.,7-6 6-2 6-2
ff8e78a9f25b,,matches_vs_tennisdata,fuzzy_name,0.68,"sackmann,tml",sack:3354e753efd4+tml:ef55b909e19b,Us Open,2025-08-25,R128,Valentin Royer,Bu Yunchaokete,6-1 6-4 7-6(1),tennis_data,td:dbc2a874a33f,US Open,2025-08-26,1st Round,Royer V.,Bu Y.,6-1 6-4 7-6
873132e3dcb5,,matches_vs_tennisdata,fuzzy_name,0.7,"sackmann,tml",sack:2819fb6b4701+tml:2819fb6b4701,Valencia,2011-10-31,R32,Marcel Granollers,Alexandr Dolgopolov,6-3 6-4,tennis_data,td:32f46a667b5f,Valencia Open 500,2011-11-01,1st Round,Granollers M.,Dolgopolov O.,6-3 6-4
c09c9d0a5cb4,,matches_vs_tennisdata,fuzzy_name,0.7,"sackmann,tml",sack:6b320255e61f+tml:6b320255e61f,Valencia,2012-10-21,F,David Ferrer,Alexandr Dolgopolov,6-1 3-6 6-4,tennis_data,td:82b52b20cfa7,Valencia Open 500,2012-10-28,The Final,Ferrer D.,Dolgopolov O.,6-1 3-6 6-4
47ac9b4032a5,,matches_vs_tennisdata,fuzzy_name,0.7,"sackmann,tml",sack:941074d5205b+tml:941074d5205b,Valencia,2012-10-21,SF,Alexandr Dolgopolov,Jurgen Melzer,6-4 6-2,tennis_data,td:11efd71f31e3,Valencia Open 500,2012-10-27,Semifinals,Dolgopolov O.,Melzer J.,6-4 6-2
b81dbbd85700,,matches_vs_tennisdata,fuzzy_name,0.7,"sackmann,tml",sack:68e5c3e0cd0d+tml:68e5c3e0cd0d,Valencia,2012-10-21,QF,Alexandr Dolgopolov,Marcel Granollers,6-0 6-2,tennis_data,td:e422dd818e01,Valencia Open 500,2012-10-26,Quarterfinals,Dolgopolov O.,Granollers M.,6-0 6-2
9b4d9a6b0a95,,matches_vs_tennisdata,fuzzy_name,0.7,"sackmann,tml",sack:dba1d791516b+tml:dba1d791516b,Valencia,2012-10-21,R16,Alexandr Dolgopolov,Gilles Muller,6-4 6-4,tennis_data,td:d7dc00913864,Valencia Open 500,2012-10-25,2nd Round,Dolgopolov O.,Muller G.,6-4 6-4
3715b1436140,,matches_vs_tennisdata,fuzzy_name,0.7,"sackmann,tml",sack:520fee51e60f+tml:520fee51e60f,Valencia,2012-10-21,R32,Alexandr Dolgopolov,Filippo Volandri,6-3 7-6(5),tennis_data,td:22dd68a4f27d,Valencia Open 500,2012-10-23,1st Round,Dolgopolov O.,Volandri F.,6-3 7-6
c11a515b44c1,,matches_vs_tennisdata,fuzzy_name,0.7,"sackmann,tml",sack:95c6250ddd64+tml:95c6250ddd64,Valencia,2014-10-20,R16,Jeremy Chardy,Alexandr Dolgopolov,3-6 7-6(4) 7-5,tennis_data,td:a30c84592848,Valencia Open 500,2014-10-23,2nd Round,Chardy J.,Dolgopolov O.,3-6 7-6 7-5
53734e7486c5,,matches_vs_tennisdata,fuzzy_name,0.7,"sackmann,tml",sack:873c324bf0ca+tml:873c324bf0ca,Valencia,2014-10-20,R32,Alexandr Dolgopolov,Gilles Simon,6-0 6-3,tennis_data,td:1b844706ca7e,Valencia Open 500,2014-10-21,1st Round,Dolgopolov O.,Simon G.,6-0 6-3
13dfc19e6859,,matches_vs_tennisdata,fuzzy_name,0.7,"sackmann,tml",sack:0319346eaea6+tml:0319346eaea6,Vienna,2015-10-19,R32,Steve Johnson,Alexandr Dolgopolov,6-3 4-6 6-2,tennis_data,td:ccdb6e104c72,Erste Bank Open,2015-10-20,1st Round,Johnson S.,Dolgopolov O.,6-3 4-6 6-2
312dd3054975,,matches_vs_tennisdata,swapped_winner_loser,1.0,"sackmann,tml",sack:767a27e7d49b+tml:b5fa0c70a3a9,Vina del Mar,2003-02-10,F,David Sanchez,Marcelo Rios,1-6 6-3 6-3,tennis_data,td:529c7443dea8,Bellsouth Open,2003-02-17,The Final,Rios M.,Sanchez D.,1-6 6-3 6-3
3a7112b7130f,,matches_vs_tennisdata,fuzzy_name,0.7,"sackmann,tml",sack:93c1c900faf2+tml:93c1c900faf2,Washington,2004-08-16,R32,Gilles Elseneer,Jimmy Wang,2-6 7-6(1) 6-4,tennis_data,td:33b1e83ba52b,Legg Mason Classic,2004-08-17,1st Round,Elseneer G.,Wang Y.T.,2-6 7-6 6-4
71ce48aae506,,matches_vs_tennisdata,fuzzy_name,0.7,"sackmann,tml",sack:5b7a0fd5f90c+tml:5b7a0fd5f90c,Washington,2012-07-30,F,Alexandr Dolgopolov,Tommy Haas,6-7(7) 6-4 6-1,tennis_data,td:36c6d71160c7,Citi Open,2012-08-05,The Final,Dolgopolov O.,Haas T.,6-7 6-4 6-1
d3253dead9b8,,matches_vs_tennisdata,fuzzy_name,0.7,"sackmann,tml",sack:77e26d40c362+tml:77e26d40c362,Washington,2012-07-30,SF,Alexandr Dolgopolov,Sam Querrey,6-4 6-4,tennis_data,td:4e307524620c,Citi Open,2012-08-05,Semifinals,Dolgopolov O.,Querrey S.,6-4 6-4
cd2d3db059a0,,matches_vs_tennisdata,fuzzy_name,0.7,"sackmann,tml",sack:736372dab5e3+tml:736372dab5e3,Washington,2012-07-30,QF,Alexandr Dolgopolov,James Blake,7-6(3) 6-4,tennis_data,td:e3844c3af3c8,Citi Open,2012-08-04,Quarterfinals,Dolgopolov O.,Blake J.,7-6 6-4
f3dc170fb45d,,matches_vs_tennisdata,fuzzy_name,0.7,"sackmann,tml",sack:be3a94904043+tml:be3a94904043,Washington,2012-07-30,R16,Alexandr Dolgopolov,Ruben Ramirez Hidalgo,6-1 6-3,tennis_data,td:6f5f08470d16,Citi Open,2012-08-02,2nd Round,Dolgopolov O.,Ramirez-Hidalgo R.,6-1 6-3
c5b64fdb5df3,,matches_vs_tennisdata,fuzzy_name,0.7,"sackmann,tml",sack:4c3f8db5217f+tml:4c3f8db5217f,Washington,2012-07-30,R32,Alexandr Dolgopolov,Flavio Cipolla,6-1 6-3,tennis_data,td:53197b67664a,Citi Open,2012-07-31,1st Round,Dolgopolov O.,Cipolla F.,6-1 6-3
f71b8f86da77,,matches_vs_tennisdata,fuzzy_name,0.7,"sackmann,tml",sack:d1b22bc954a7+tml:d1b22bc954a7,Washington,2013-07-29,R32,Somdev Devvarman,Alexandr Dolgopolov,6-3 7-6(4),tennis_data,td:41036adfc0bc,Citi Open,2013-07-30,2nd Round,Devvarman S.,Dolgopolov O.,6-3 7-6
d34a6efa9518,,matches_vs_tennisdata,fuzzy_name,0.7,"sackmann,tml",sack:bd08de1573ae+tml:bd08de1573ae,Washington,2015-08-03,R16,Alexander Zverev,Alexandr Dolgopolov,2-6 6-2 6-4,tennis_data,td:28a9a73d562a,Citi Open,2015-08-06,3rd Round,Zverev A.,Dolgopolov O.,2-6 6-2 6-4
537c7330b435,,matches_vs_tennisdata,fuzzy_name,0.7,"sackmann,tml",sack:f05cb3e7c559+tml:f05cb3e7c559,Washington,2015-08-03,R32,Alexandr Dolgopolov,Ivo Karlovic,6-4 7-6(2),tennis_data,td:068b4fbb6fbe,Citi Open,2015-08-06,2nd Round,Dolgopolov O.,Karlovic I.,6-4 7-6
3308e1c4ba83,,matches_vs_tennisdata,fuzzy_name,0.7,"sackmann,tml",sack:486d1091f27f+tml:486d1091f27f,Washington,2015-08-03,R64,Alexandr Dolgopolov,Tim Smyczek,6-4 6-2,tennis_data,td:9be046e5cf79,Citi Open,2015-08-05,1st Round,Dolgopolov O.,Smyczek T.,6-4 6-2
43f41f4c4ce8,,matches_vs_tennisdata,fuzzy_name,0.7,"sackmann,tml",sack:e822148931ed+tml:c5a56eb7f8a5,Washington,2016-07-18,R16,Sam Querrey,Alexandr Dolgopolov,7-6(5) 6-3,tennis_data,td:0e1ee85981f9,Citi Open,2016-07-22,3rd Round,Querrey S.,Dolgopolov O.,7-6 6-3
7e5dc25e906f,,matches_vs_tennisdata,fuzzy_name,0.7,"sackmann,tml",sack:26fdb0a281f1+tml:45a5dd497c1a,Washington,2016-07-18,R32,Alexandr Dolgopolov,Jordan Thompson,6-4 1-6 7-6(4),tennis_data,td:f5f4f6e55b99,Citi Open,2016-07-19,2nd Round,Dolgopolov O.,Thompson J.,6-4 1-6 7-6
07073ed87d74,,matches_vs_tennisdata,fuzzy_name,0.68,"sackmann,tml",sack:6e640612de15+tml:7dd811b37152,Washington,2025-07-21,R32,Alex De Minaur,Bu Yunchaokete,7-6(5) 6-2,tennis_data,td:1c748c87367e,Citi Open,2025-07-23,2nd Round,De Minaur A.,Bu Y.,7-6 6-2
b7d9699c82ca,,matches_vs_tennisdata,fuzzy_name,0.68,"sackmann,tml",sack:cd41db1ce38f+tml:c52d6c1c90f5,Washington,2025-07-21,R64,Bu Yunchaokete,David Goffin,6-4 7-5,tennis_data,td:9dc4068600f6,Citi Open,2025-07-22,1st Round,Bu Y.,Goffin D.,6-4 7-5
4b148b41e9b0,,matches_vs_tennisdata,fuzzy_name,0.7,"sackmann,tml",sack:4bd2e3df9b13+tml:4bd2e3df9b13,Wimbledon,2004-06-21,R128,Andy Roddick,Jimmy Wang,6-3 7-5 6-4,tennis_data,td:4d121ab6e452,Wimbledon,2004-06-24,1st Round,Roddick A.,Wang Y.T.,6-3 7-5 6-4
11ce8248391f,,matches_vs_tennisdata,fuzzy_name,0.7,"sackmann,tml",sack:65a052806b45+tml:65a052806b45,Wimbledon,2006-06-26,R64,James Blake,Jimmy Wang,6-4 6-2 4-6 6-2,tennis_data,td:04353b3f56d3,Wimbledon,2006-06-28,2nd Round,Blake J.,Wang Y.T.,6-4 6-2 4-6 6-2
449f136cc054,,matches_vs_tennisdata,fuzzy_name,0.7,"sackmann,tml",sack:383657e4712d+tml:383657e4712d,Wimbledon,2006-06-26,R128,Jimmy Wang,Oliver Marach,6-1 7-6(2) 6-0,tennis_data,td:f86ff3c16f12,Wimbledon,2006-06-27,1st Round,Wang Y.T.,Marach O.,6-1 7-6 6-0
380672f06711,,matches_vs_tennisdata,fuzzy_name,0.7,"sackmann,tml",sack:57e09c7b3300+tml:57e09c7b3300,Wimbledon,2007-06-25,R64,Nikolay Davydenko,Chris Guccione,3-6 5-7 7-6(5) 6-4 6-2,tennis_data,td:b02ff9f200c0,Wimbledon,2007-06-28,2nd Round,Davydenko N.,Guccione A.,3-6 5-7 7-6 6-4 6-2
4716fda4ac82,,matches_vs_tennisdata,fuzzy_name,0.7,"sackmann,tml",sack:d71b65d7574d+tml:d71b65d7574d,Wimbledon,2007-06-25,R64,Jonas Bjorkman,Jimmy Wang,6-0 6-3 6-7(8) 6-4,tennis_data,td:9a15c39d038b,Wimbledon,2007-06-28,2nd Round,Bjorkman J.,Wang Y.T.,6-0 6-3 6-7 6-4
f7b644b9e0ca,,matches_vs_tennisdata,fuzzy_name,0.7,"sackmann,tml",sack:0ab99947eea5+tml:0ab99947eea5,Wimbledon,2007-06-25,R128,Chris Guccione,Alex Bogdanovic,7-6(2) 6-4 6-4,tennis_data,td:24f87816971a,Wimbledon,2007-06-26,1st Round,Guccione A.,Bogdanovic A.,7-6 6-4 6-4
962b912dd69c,,matches_vs_tennisdata,fuzzy_name,0.7,"sackmann,tml",sack:227b492d4da3+tml:227b492d4da3,Wimbledon,2007-06-25,R128,Jimmy Wang,Igor Kunitsyn,6-3 6-4 6-7(5) 6-7(8) 6-2,tennis_data,td:a77e9d380764,Wimbledon,2007-06-26,1st Round,Wang Y.T.,Kunitsyn I.,6-3 6-4 6-7 6-7 6-2
80041e350694,,matches_vs_tennisdata,fuzzy_name,0.7,"sackmann,tml",sack:faa3f0bdd94d+tml:faa3f0bdd94d,Wimbledon,2010-06-21,R64,Jo-Wilfried Tsonga,Alexandr Dolgopolov,6-4 6-4 6-7(5) 5-7 10-8,tennis_data,td:3e820c3b0933,Wimbledon,2010-06-24,2nd Round,Tsonga J.W.,Dolgopolov O.,6-4 6-4 6-7 5-7 10-8
ea807d3a7855,,matches_vs_tennisdata,fuzzy_name,0.7,"sackmann,tml",sack:ae72982893af+tml:ae72982893af,Wimbledon,2010-06-21,R128,Alexandr Dolgopolov,Marco Chiudinelli,6-4 6-3 6-3,tennis_data,td:a39ed1ac4c45,Wimbledon,2010-06-22,1st Round,Dolgopolov O.,Chiudinelli M.,6-4 6-3 6-3
b29ba700d6c2,,matches_vs_tennisdata,fuzzy_name,0.7,"sackmann,tml",sack:51c641cacb1c+tml:51c641cacb1c,Wimbledon,2011-06-20,R128,Fernando Gonzalez,Alexandr Dolgopolov,6-3 6-7(6) 7-6(3) 6-4,tennis_data,td:bea6d49be42e,Wimbledon,2011-06-21,1st Round,Gonzalez F.,Dolgopolov O.,6-3 6-7 7-6 6-4
ddb56afe2ea5,,matches_vs_tennisdata,fuzzy_name,0.7,"sackmann,tml",sack:a340e190f1e4+tml:a340e190f1e4,Wimbledon,2012-06-25,R64,Benoit Paire,Alexandr Dolgopolov,7-6(2) 6-4 6-4,tennis_data,td:d14f7f1906db,Wimbledon,2012-06-28,2nd Round,Paire B.,Dolgopolov O.,7-6 6-4 6-4
dd0c6e786d39,,matches_vs_tennisdata,fuzzy_name,0.7,"sackmann,tml",sack:8d2ab82de11a+tml:8d2ab82de11a,Wimbledon,2012-06-25,R128,Alexandr Dolgopolov,Alex Bogomolov Jr,6-3 6-4 7-5,tennis_data,td:ac8aec82a457,Wimbledon,2012-06-26,1st Round,Dolgopolov O.,Bogomolov A.,6-3 6-4 7-5
8fb7c38971d4,,matches_vs_tennisdata,fuzzy_name,0.7,"sackmann,tml",sack:afe4be50085e+tml:afe4be50085e,Wimbledon,2013-06-24,R32,David Ferrer,Alexandr Dolgopolov,6-7(6) 7-6(2) 2-6 6-1 6-2,tennis_data,td:121d820082c9,Wimbledon,2013-06-29,3rd Round,Ferrer D.,Dolgopolov O.,6-7 7-6 2-6 6-1 6-2
899d801d5383,,matches_vs_tennisdata,fuzzy_name,0.7,"sackmann,tml",sack:975f7976632f+tml:975f7976632f,Wimbledon,2013-06-24,R64,Alexandr Dolgopolov,Santiago Giraldo,6-4 7-5 6-3,tennis_data,td:d3989c376a5c,Wimbledon,2013-06-28,2nd Round,Dolgopolov O.,Giraldo S.,6-4 7-5 6-3
1c59d21e5308,,matches_vs_tennisdata,fuzzy_name,0.7,"sackmann,tml",sack:9c98c695ea74+tml:9c98c695ea74,Wimbledon,2013-06-24,R128,Alexandr Dolgopolov,Gastao Elias,6-1 7-6(2) 6-2,tennis_data,td:7edf139ede8f,Wimbledon,2013-06-25,1st Round,Dolgopolov O.,Elias G.,6-1 7-6 6-2
2fc53d563dd4,,matches_vs_tennisdata,fuzzy_name,0.7,"sackmann,tml",sack:5be3b11d433a+tml:5be3b11d433a,Wimbledon,2014-06-23,R32,Grigor Dimitrov,Alexandr Dolgopolov,6-7(3) 6-4 2-6 6-4 6-1,tennis_data,td:ac5c3e72b7ba,Wimbledon,2014-06-27,3rd Round,Dimitrov G.,Dolgopolov O.,6-7 6-4 2-6 6-4 6-1
6814790fb048,,matches_vs_tennisdata,fuzzy_name,0.7,"sackmann,tml",sack:98956ba0a590+tml:98956ba0a590,Wimbledon,2014-06-23,R64,Alexandr Dolgopolov,Benjamin Becker,6-7(4) 7-6(0) 6-3 6-4,tennis_data,td:f3bcb484dce7,Wimbledon,2014-06-25,2nd Round,Dolgopolov O.,Becker B.,6-7 7-6 6-3 6-4
45337dc236a2,,matches_vs_tennisdata,fuzzy_name,0.7,"sackmann,tml",sack:baf8d94b542d+tml:baf8d94b542d,Wimbledon,2014-06-23,R128,Alexandr Dolgopolov,Sam Groth,7-5 7-6(2) 7-6(5),tennis_data,td:fc6af3e07b81,Wimbledon,2014-06-23,1st Round,Dolgopolov O.,Groth S.,7-5 7-6 7-6
6fb272b61206,,matches_vs_tennisdata,fuzzy_name,0.7,"sackmann,tml",sack:b105dfcc0504+tml:b105dfcc0504,Wimbledon,2015-06-29,R64,Ivo Karlovic,Alexandr Dolgopolov,5-7 6-3 6-4 6-7(4) 13-11,tennis_data,td:f84760ff547e,Wimbledon,2015-07-02,2nd Round,Karlovic I.,Dolgopolov O.,5-7 6-3 6-4 6-7 13-11
27c418ec0237,,matches_vs_tennisdata,fuzzy_name,0.7,"sackmann,tml",sack:0152fb8ae451+tml:0152fb8ae451,Wimbledon,2015-06-29,R128,Alexandr Dolgopolov,Kyle Edmund,7-6(4) 6-1 6-2,tennis_data,td:65705c5003a4,Wimbledon,2015-06-30,1st Round,Dolgopolov O.,Edmund K.,7-6 6-1 6-2
9db0128d1356,,matches_vs_tennisdata,fuzzy_name,0.7,"sackmann,tml",sack:fbc11859675d+tml:fbc11859675d,Wimbledon,2016-06-27,R64,Daniel Evans,Alexandr Dolgopolov,7-6(6) 6-4 6-1,tennis_data,td:a36af0c47705,Wimbledon,2016-06-30,2nd Round,Evans D.,Dolgopolov O.,7-6 6-4 6-1
c49adb325819,,matches_vs_tennisdata,fuzzy_name,0.7,"sackmann,tml",sack:20a909108081+tml:20a909108081,Wimbledon,2016-06-27,R128,Alexandr Dolgopolov,Evgeny Donskoy,6-2 6-4 3-6 7-6(3),tennis_data,td:9bff9c386518,Wimbledon,2016-06-27,1st Round,Dolgopolov O.,Donskoy E.,6-2 6-4 3-6 7-6
5c030834e156,,matches_vs_tennisdata,fuzzy_name,0.7,"sackmann,tml",sack:3c2c4d94eca5+tml:3c2c4d94eca5,Wimbledon,2017-07-03,R128,Roger Federer,Alexandr Dolgopolov,6-3 3-0 RET,tennis_data,td:cd5e9fdc28c9,Wimbledon,2017-07-04,1st Round,Federer R.,Dolgopolov O.,6-3 3-0 Retired
fb9164e0afa7,,matches_vs_tennisdata,fuzzy_name,0.68,"sackmann,tml",sack:e0d7fa6e6607+tml:e0d7fa6e6607,Wimbledon,2021-06-28,R128,Kevin Anderson,Tomas Barrios Vera,6-7(4) 6-4 6-4 7-6(4),tennis_data,td:bc0cb4a5ddd7,Wimbledon,2021-06-28,1st Round,Anderson K.,Barrios M.,6-7 6-4 6-4 7-6
98425cbe9716,,matches_vs_tennisdata,fuzzy_name,0.68,"sackmann,tml",sack:034e2e4354e3+tml:034e2e4354e3,Wimbledon,2023-07-03,R64,David Goffin,Tomas Barrios Vera,7-6(3) 5-7 6-2 6-0,tennis_data,td:5aff7be87e44,Wimbledon,2023-07-06,2nd Round,Goffin D.,Barrios M.,7-6 5-7 6-2 6-0
7e8ef7420a8c,,matches_vs_tennisdata,fuzzy_name,0.68,"sackmann,tml",sack:f00bcf99696a+tml:f00bcf99696a,Wimbledon,2023-07-03,R128,Tomas Barrios Vera,Sebastian Baez,7-6(7) 3-6 6-3 7-6(2),tennis_data,td:10478bff8454,Wimbledon,2023-07-03,1st Round,Barrios M.,Baez S.,7-6 3-6 6-3 7-6
16d5ecf9dfab,,matches_vs_tennisdata,fuzzy_name,0.68,"sackmann,tml",sack:8768fe784bed+tml:094e25cf522e,Wimbledon,2025-06-30,R128,Brandon Nakashima,Bu Yunchaokete,6-4 4-6 7-6(1) 6-4,tennis_data,td:49079cc1df59,Wimbledon,2025-07-02,1st Round,Nakashima B.,Bu Y.,6-4 4-6 7-6 6-4
8a4aa037e41c,,matches_vs_tennisdata,fuzzy_name,0.7,tml,tml:b402d1c6cb45,Wimbledon,2026-06-29,R128,Nicolas Mejia,Adolfo Daniel Vallejo,4-6 6-4 7-5 7-6(2),tennis_data,td:f69d069f7d4f,Wimbledon,2026-06-29,1st Round,Mejia N.,Vallejo D.,4-6 6-4 7-5 7-6
3f33ddc6c1fa,,matches_vs_tennisdata,fuzzy_name,0.7,"sackmann,tml",sack:06278353f357+tml:06278353f357,Winston-Salem,2011-08-21,QF,Robin Haase,Alexandr Dolgopolov,6-4 6-4,tennis_data,td:947e0632aefa,Winston-Salem Open at Wake Forest University,2011-08-26,Quarterfinals,Haase R.,Dolgopolov O.,6-4 6-4
d099fcdbde0d,,matches_vs_tennisdata,fuzzy_name,0.7,"sackmann,tml",sack:77c30909d04b+tml:77c30909d04b,Winston-Salem,2011-08-21,R16,Alexandr Dolgopolov,Grigor Dimitrov,6-4 1-6 7-6(7),tennis_data,td:997f11f96934,Winston-Salem Open at Wake Forest University,2011-08-24,3rd Round,Dolgopolov O.,Dimitrov G.,6-4 1-6 7-6
865948da735e,,matches_vs_tennisdata,fuzzy_name,0.7,"sackmann,tml",sack:cb2351ac6d33+tml:cb2351ac6d33,Winston-Salem,2011-08-21,R32,Alexandr Dolgopolov,Carlos Berlocq,6-4 6-4,tennis_data,td:a0284c7808bd,Winston-Salem Open at Wake Forest University,2011-08-23,2nd Round,Dolgopolov O.,Berlocq C.,6-4 6-4
7dd833f5d6a9,,matches_vs_tennisdata,fuzzy_name,0.7,"sackmann,tml",sack:c41d87d16678+tml:c41d87d16678,Winston-Salem,2012-08-19,QF,Sam Querrey,Alexandr Dolgopolov,7-5 4-6 7-6(3),tennis_data,td:0278604470bf,Winston-Salem Open at Wake Forest University,2012-08-23,Quarterfinals,Querrey S.,Dolgopolov O.,7-5 4-6 7-6
7a7af670a37a,,matches_vs_tennisdata,fuzzy_name,0.7,"sackmann,tml",sack:f5b24c78346a+tml:f5b24c78346a,Winston-Salem,2012-08-19,R16,Alexandr Dolgopolov,David Nalbandian,6-3 6-4,tennis_data,td:99f5ab8851a7,Winston-Salem Open at Wake Forest University,2012-08-22,3rd Round,Dolgopolov O.,Nalbandian D.,6-3 6-4
7c561cc67f3a,,matches_vs_tennisdata,fuzzy_name,0.7,"sackmann,tml",sack:32f555b9d014+tml:32f555b9d014,Winston-Salem,2012-08-19,R32,Alexandr Dolgopolov,Yen Hsun Lu,6-1 6-3,tennis_data,td:ae485a74a689,Winston-Salem Open at Wake Forest University,2012-08-21,2nd Round,Dolgopolov O.,Lu Y.H.,6-1 6-3
0c1a731385b9,,matches_vs_tennisdata,fuzzy_name,0.7,"sackmann,tml",sack:82a05c825f7d+tml:82a05c825f7d,Winston-Salem,2013-08-18,SF,Gael Monfils,Alexandr Dolgopolov,7-6(9) 6-3,tennis_data,td:b4db6cf6463f,Winston-Salem Open at Wake Forest University,2013-08-23,Semifinals,Monfils G.,Dolgopolov O.,7-6 6-3
015866db9e17,,matches_vs_tennisdata,fuzzy_name,0.7,"sackmann,tml",sack:5235165e0e32+tml:5235165e0e32,Winston-Salem,2013-08-18,QF,Alexandr Dolgopolov,Yen Hsun Lu,7-6(2) 6-3,tennis_data,td:b25f829cbe1d,Winston-Salem Open at Wake Forest University,2013-08-22,Quarterfinals,Dolgopolov O.,Lu Y.H.,7-6 6-3
c98d0aa30a26,,matches_vs_tennisdata,fuzzy_name,0.7,"sackmann,tml",sack:aca1ff8f3d43+tml:aca1ff8f3d43,Winston-Salem,2013-08-18,R16,Alexandr Dolgopolov,Juan Monaco,4-6 6-3 6-3,tennis_data,td:5bed1bb420cc,Winston-Salem Open at Wake Forest University,2013-08-21,3rd Round,Dolgopolov O.,Monaco J.,4-6 6-3 6-3
f8fb0acdd252,,matches_vs_tennisdata,fuzzy_name,0.7,"sackmann,tml",sack:33a33a8919a1+tml:33a33a8919a1,Winston-Salem,2013-08-18,R32,Alexandr Dolgopolov,Daniel Gimeno Traver,4-6 6-1 6-4,tennis_data,td:b544121cadc4,Winston-Salem Open at Wake Forest University,2013-08-20,2nd Round,Dolgopolov O.,Gimeno-Traver D.,4-6 6-1 6-4
49b0bd84d234,,matches_vs_tennisdata,fuzzy_name,0.7,"sackmann,tml",sack:01e34a61fbc9+tml:01e34a61fbc9,Winston-Salem,2015-08-23,R64,Thanasi Kokkinakis,Alexandr Dolgopolov,7-6(1) 7-6(5),tennis_data,td:a71ed0b86136,Winston-Salem Open at Wake Forest University,2015-08-24,1st Round,Kokkinakis T.,Dolgopolov O.,7-6 7-6
8da0607b1a23,,matches_vs_tennisdata,fuzzy_name,0.7,"sackmann,tml",sack:874244182e6e+tml:874244182e6e,Winston-Salem,2017-08-21,R64,Thiago Monteiro,Alexandr Dolgopolov,6-3 6-3,tennis_data,td:a3706634c4e3,Winston-Salem Open at Wake Forest University,2017-08-20,1st Round,Monteiro T.,Dolgopolov O.,6-3 6-3
1cce4c5d9794,,matches_vs_tennisdata,fuzzy_name,0.7,"sackmann,tml",sack:d12803d0b56e+tml:d12803d0b56e,Winston-Salem,2019-08-19,R64,Alexei Popyrin,Thiago Monteiro,5-7 6-4 7-6(7),tennis_data,td:b76c9f3c97d8,Winston-Salem Open at Wake Forest University,2019-08-20,1st Round,Popyrin A.,Monteiro J.,5-7 6-4 7-6
b01a449f5506,,matches_vs_tennisdata,fuzzy_name,0.68,"sackmann,tml",sack:909cc5ac16f2+tml:2572707c9140,Winston-Salem,2025-08-17,QF,Botic Van De Zandschulp,Bu Yunchaokete,6-3 5-7 6-3,tennis_data,td:2a97e8c5beae,Winston-Salem Open at Wake Forest University,2025-08-22,Quarterfinals,Van De Zandschulp B.,Bu Y.,6-3 5-7 6-3
05e9e3db1c13,,matches_vs_tennisdata,fuzzy_name,0.68,"sackmann,tml",sack:39e6473db276+tml:bc820b99b3e5,Winston-Salem,2025-08-17,R16,Bu Yunchaokete,Mariano Navone,6-4 6-4,tennis_data,td:1545b7de1016,Winston-Salem Open at Wake Forest University,2025-08-20,3rd Round,Bu Y.,Navone M.,6-4 6-4
3447b01c58a8,,matches_vs_tennisdata,fuzzy_name,0.68,"sackmann,tml",sack:4193e34a0815+tml:669e64a190d3,Winston-Salem,2025-08-17,R32,Bu Yunchaokete,Stefanos Tsitsipas,6-3 6-2,tennis_data,td:46e554f29271,Winston-Salem Open at Wake Forest University,2025-08-20,2nd Round,Bu Y.,Tsitsipas S.,6-3 6-2
4b9146540271,,matches_vs_tennisdata,fuzzy_name,0.68,"sackmann,tml",sack:2179db7d746e+tml:f79919468f1f,Winston-Salem,2025-08-17,R64,Bu Yunchaokete,Chun Hsin Tseng,6-7(2) 6-3 7-6(4),tennis_data,td:032feda30a22,Winston-Salem Open at Wake Forest University,2025-08-17,1st Round,Bu Y.,Tseng C.H.,6-7 6-3 7-6
8e6d3b8912ee,,matches_vs_tennisdata,fuzzy_name,0.7,tml,tml:9a9820bca38a,Winston-Salem,2026-08-24,R64,Adolfo Daniel Vallejo,Pablo Carreno Busta,6-4 3-0 RET,tennis_data,td:ad6a03f768f9,Winston-Salem Open at Wake Forest University,2026-08-23,1st Round,Vallejo D.,Carreno Busta P.,6-4 3-0 Retired
69dc42885f10,,matches_vs_tennisdata,fuzzy_name,0.7,tml,tml:e98b0e7479fd,Winston-Salem,2026-08-25,R32,Botic van de Zandschulp,Adolfo Daniel Vallejo,6-2 6-0,tennis_data,td:132d1fb68482,Winston-Salem Open at Wake Forest University,2026-08-25,2nd Round,Van De Zandschulp B.,Vallejo D.,6-2 6-0
4d103702a529,,matches_vs_tennisdata,fuzzy_name,0.7,"sackmann,tml",sack:60470a0b6344+tml:8e97e673076f,s Hertogenbosch,2017-06-12,R16,Vasek Pospisil,Alexandr Dolgopolov,7-6(2) 4-2 RET,tennis_data,td:1924b542648a,Ricoh Open,2017-06-15,2nd Round,Pospisil V.,Dolgopolov O.,7-6 4-2 Retired
4d23532952c6,,matches_vs_tennisdata,fuzzy_name,0.7,"sackmann,tml",sack:0387473b45f9+tml:c16d572ca1d0,s Hertogenbosch,2017-06-12,R32,Alexandr Dolgopolov,Steve Darcis,6-2 7-6(3),tennis_data,td:615bed178493,Ricoh Open,2017-06-13,1st Round,Dolgopolov O.,Darcis S.,6-2 7-6
dd944e147a50,,sackmann_vs_tml,fuzzy_name_low_confidence,0.629,sackmann,sack:28440901381a,Australian Open,1972-12-26,R64,Graeme Thomson,Thierry Bernasconi,7-6 7-6,tml,tml:d7b18435b2a1,Australian Open,1972-12-26,R64,Graeme Thomson,Andres Battad,7-6 7-6
ce415e1017b4,,sackmann_vs_tml,fuzzy_name_low_confidence,0.629,sackmann,sack:2b4297cb1c4d,Australian Open,1973-12-26,R64,John Alexander,Thierry Bernasconi,7-6 6-1,tml,tml:3ff43701c7aa,Australian Open,1973-12-26,R64,John Alexander,Andres Battad,7-6 6-1
24b97ae9f64b,,sackmann_vs_tml,fuzzy_name_low_confidence,0.625,sackmann,sack:2c693b6a90db,Australian Open,1983-11-29,R16,Eliot Teltscher,Richard Meyer,6-4 7-6 6-4,tml,tml:befb0183527b,Australian Open,1983-11-29,R16,Eliot Teltscher,Marty Davis,6-4 7-6 6-4
fef9c7abf08c,,sackmann_vs_tml,fuzzy_name_low_confidence,0.625,sackmann,sack:730eb6c82bf9,Australian Open,1983-11-29,R32,Richard Meyer,Mike Leach,6-4 7-6 6-4,tml,tml:42b10affa862,Australian Open,1983-11-29,R32,Marty Davis,Mike Leach,6-4 7-6 6-4
1d64084d9ec4,,sackmann_vs_tml,fuzzy_name_date_fallback_low_confidence,0.5,sackmann,sack:70acbe831e97,Bahia,1982-11-22,F,Jaime Fillol,Ricardo Acuna,7-6 6-4,tml,tml:3540c8a25929,Itaparica,1982-11-22,F,Jaime Fillol Sr.,Ricardo Acuna,7-6 6-4
e20fad095ad6,,sackmann_vs_tml,fuzzy_name_date_fallback_low_confidence,0.5,sackmann,sack:e0044d3e161a,Bahia,1982-11-22,QF,Ricardo Acuna,Rocky Royer,6-1 6-0,tml,tml:9469fb0dff9b,Itaparica,1982-11-22,QF,Ricardo Acuna,Rocky Royer,6-1 6-0
45d34c025e4d,,sackmann_vs_tml,fuzzy_name_date_fallback_low_confidence,0.5,sackmann,sack:a980f0d8f5a1,Bahia,1982-11-22,QF,Carlos Kirmayr,Jose Lopez Maeso,7-6 7-6,tml,tml:7a5989f0ac66,Itaparica,1982-11-22,QF,Carlos Kirmayr,Jose Lopez-Maeso,7-6 7-6
f2c76809f475,,sackmann_vs_tml,fuzzy_name_date_fallback_low_confidence,0.5,sackmann,sack:44e79d2091fd,Bahia,1982-11-22,QF,Andy Andrews,Andy Kohlberg,7-6 7-6,tml,tml:2b9afa06f1a2,Itaparica,1982-11-22,QF,Andy Andrews,Andy Kohlberg,7-6 7-6
06d30961e77c,,sackmann_vs_tml,fuzzy_name_date_fallback_low_confidence,0.5,sackmann,sack:cff530af9d5c,Bahia,1982-11-22,QF,Jaime Fillol,Egan Adams,6-4 6-1,tml,tml:cc600bc52a1a,Itaparica,1982-11-22,QF,Jaime Fillol Sr.,Egan Adams,6-4 6-1
aab95307cd95,,sackmann_vs_tml,fuzzy_name_date_fallback_low_confidence,0.5,sackmann,sack:57981da1e0a4,Bahia,1982-11-22,R16,Ricardo Acuna,Julio Goes,6-4 7-5,tml,tml:95ef853d1793,Itaparica,1982-11-22,R16,Ricardo Acuna,Julio Goes,6-4 7-5
cb98f900d87f,,sackmann_vs_tml,fuzzy_name_date_fallback_low_confidence,0.5,sackmann,sack:934d11fbdc02,Bahia,1982-11-22,R16,Rocky Royer,Givaldo Barbosa,7-6 6-7 7-6,tml,tml:31f2ae42e73b,Itaparica,1982-11-22,R16,Rocky Royer,Givaldo Barbosa,7-6 6-7 7-6
d06b23b33318,,sackmann_vs_tml,fuzzy_name_date_fallback_low_confidence,0.5,sackmann,sack:87781d20ad12,Bahia,1982-11-22,R16,Carlos Kirmayr,Gustavo Tiberti,6-3 6-4,tml,tml:d7007bd3abb1,Itaparica,1982-11-22,R16,Carlos Kirmayr,Gustavo Tiberti,6-3 6-4
39a48259577a,,sackmann_vs_tml,fuzzy_name_date_fallback_low_confidence,0.5,sackmann,sack:4d12db12a68c,Bahia,1982-11-22,R16,Jose Lopez Maeso,Javier Restrepo,6-3 6-4,tml,tml:e917a5eff3b6,Itaparica,1982-11-22,R16,Jose Lopez-Maeso,Javier Restrepo,6-3 6-4
446969293614,,sackmann_vs_tml,fuzzy_name_date_fallback_low_confidence,0.5,sackmann,sack:983b8d6e69d4,Bahia,1982-11-22,R16,Andy Kohlberg,Joao Soares,6-4 6-4,tml,tml:1887521beed8,Itaparica,1982-11-22,R16,Andy Kohlberg,Joao Soares,6-4 6-4
48254952a2de,,sackmann_vs_tml,fuzzy_name_date_fallback_low_confidence,0.5,sackmann,sack:1396a34ff1e9,Bahia,1982-11-22,R16,Andy Andrews,Fernando Roese,6-4 6-2,tml,tml:6758e92ba2bd,Itaparica,1982-11-22,R16,Andy Andrews,Fernando Roese,6-4 6-2
23f7cb4d8147,,sackmann_vs_tml,fuzzy_name_date_fallback_low_confidence,0.5,sackmann,sack:960761d34042,Bahia,1982-11-22,R16,Jaime Fillol,Alejandro Gattiker,6-4 6-2,tml,tml:37ab72e6c709,Itaparica,1982-11-22,R16,Jaime Fillol Sr.,Alejandro Gattiker,6-4 6-2
0cb845fb9496,,sackmann_vs_tml,fuzzy_name_date_fallback_low_confidence,0.5,sackmann,sack:9d11fdc0df1a,Bahia,1982-11-22,R16,Egan Adams,Herve Gauvain,7-6 6-1,tml,tml:abec5dd29a05,Itaparica,1982-11-22,R16,Egan Adams,Herve Gauvain,7-6 6-1
0c7a9a6d51d5,,sackmann_vs_tml,fuzzy_name_date_fallback_low_confidence,0.5,sackmann,sack:3cdcdea7d7a8,Bahia,1982-11-22,R32,Ricardo Acuna,Jairo Velasco,4-6 6-3 7-5,tml,tml:ea93313298eb,Itaparica,1982-11-22,R32,Ricardo Acuna,Jairo Velasco Sr,4-6 6-3 7-5
aec7a8a987c1,,sackmann_vs_tml,fuzzy_name_date_fallback_low_confidence,0.5,sackmann,sack:0e86e89f2ab8,Bahia,1982-11-22,R32,Julio Goes,Eleuterio Martins,6-4 6-3,tml,tml:656ced20ad48,Itaparica,1982-11-22,R32,Julio Goes,Eleuterio Martins,6-4 6-3
062b9bb3de1d,,sackmann_vs_tml,fuzzy_name_date_fallback_low_confidence,0.5,sackmann,sack:502cbf84db93,Bahia,1982-11-22,R32,Rocky Royer,Juan Aguilera,6-4 2-6 7-5,tml,tml:e7cea3ed9136,Itaparica,1982-11-22,R32,Rocky Royer,Juan Aguilera,6-4 2-6 7-5
cbcfb9247d97,,sackmann_vs_tml,fuzzy_name_date_fallback_low_confidence,0.5,sackmann,sack:44ddeee3a07a,Bahia,1982-11-22,R32,Givaldo Barbosa,Ney Keller,7-6 6-2,tml,tml:a4340c7fb410,Itaparica,1982-11-22,R32,Givaldo Barbosa,Ney Keller,7-6 6-2
d1b9edf83b59,,sackmann_vs_tml,fuzzy_name_date_fallback_low_confidence,0.5,sackmann,sack:c2d4fa0699cb,Bahia,1982-11-22,R32,Carlos Kirmayr,Thomaz Koch,7-6 6-4 6-3,tml,tml:6ea53b783a62,Itaparica,1982-11-22,R32,Carlos Kirmayr,Thomaz Koch,7-6 6-7 6-3
73e0a3874c7e,,sackmann_vs_tml,fuzzy_name_date_fallback_low_confidence,0.5,sackmann,sack:6ad91440b82b,Bahia,1982-11-22,R32,Gustavo Tiberti,Ricardo Ycaza,6-1 6-7 6-2,tml,tml:afdf1cd42b2e,Itaparica,1982-11-22,R32,Gustavo Tiberti,Ricardo Ycaza,6-1 6-7 6-2
5f2a50da3aea,,sackmann_vs_tml,fuzzy_name_date_fallback_low_confidence,0.5,sackmann,sack:ecfd2f4d19c1,Bahia,1982-11-22,R32,Javier Restrepo,Edvaldo Oliveira,6-3 6-7 6-4,tml,tml:fcccf6e6ebd8,Itaparica,1982-11-22,R32,Javier Restrepo,Edvaldo Oliveira,6-3 6-7 6-4
34962bf38c43,,sackmann_vs_tml,fuzzy_name_date_fallback_low_confidence,0.5,sackmann,sack:3c6f3479db27,Bahia,1982-11-22,R32,Jose Lopez Maeso,Loic Courteau,7-5 6-4,tml,tml:5be81bbf5331,Itaparica,1982-11-22,R32,Jose Lopez-Maeso,Loic Courteau,7-5 6-4
83f5d2bb8594,,sackmann_vs_tml,fuzzy_name_date_fallback_low_confidence,0.5,sackmann,sack:7e9b899aa0a6,Bahia,1982-11-22,R32,Joao Soares,Frank Hamonet,6-4 6-4,tml,tml:f200ccfa255f,Itaparica,1982-11-22,R32,Joao Soares,Frank Hamonet,6-4 6-4
e41c63ca8a99,,sackmann_vs_tml,fuzzy_name_date_fallback_low_confidence,0.5,sackmann,sack:8fb4099f557b,Bahia,1982-11-22,R32,Andy Kohlberg,Ivan Kley,6-2 4-6 6-1,tml,tml:0da2f5f19165,Itaparica,1982-11-22,R32,Andy Kohlberg,Ivan Kley,6-2 4-6 6-1
b1b80d783068,,sackmann_vs_tml,fuzzy_name_date_fallback_low_confidence,0.5,sackmann,sack:d12ac649b4a5,Bahia,1982-11-22,R32,Fernando Roese,Angel Gimenez,7-5 4-6 6-2,tml,tml:edebad5e3ebe,Itaparica,1982-11-22,R32,Fernando Roese,Angel Gimenez,7-5 4-6 6-2
46109c955da2,,sackmann_vs_tml,fuzzy_name_date_fallback_low_confidence,0.5,sackmann,sack:f4246ac426c9,Bahia,1982-11-22,R32,Andy Andrews,Cassio Motta,6-4 6-4,tml,tml:c3027d0ad935,Itaparica,1982-11-22,R32,Andy Andrews,Cassio Motta,6-4 6-4
61fbd9159981,,sackmann_vs_tml,fuzzy_name_date_fallback_low_confidence,0.5,sackmann,sack:8244559e2455,Bahia,1982-11-22,R32,Jaime Fillol,Ricardo Cano,6-3 6-2,tml,tml:b35239286a64,Itaparica,1982-11-22,R32,Jaime Fillol Sr.,Ricardo Cano,6-3 6-2
6a6ea824138e,,sackmann_vs_tml,fuzzy_name_date_fallback_low_confidence,0.5,sackmann,sack:45d05fc9ac90,Bahia,1982-11-22,R32,Alejandro Gattiker,Cesar Kist,6-3 1-6 6-2,tml,tml:b1f6ed0a010d,Itaparica,1982-11-22,R32,Alejandro Gattiker,Cesar Kist,6-3 1-6 6-2
a6ace28128a9,,sackmann_vs_tml,fuzzy_name_date_fallback_low_confidence,0.5,sackmann,sack:6bde614b3530,Bahia,1982-11-22,R32,Herve Gauvain,Ramiro Benavides,7-5 6-4,tml,tml:493fd6a5f3df,Itaparica,1982-11-22,R32,Herve Gauvain,Ramiro Benavides,7-6 6-4
67f2dea5207e,,sackmann_vs_tml,fuzzy_name_date_fallback_low_confidence,0.5,sackmann,sack:0a8028f87e62,Bahia,1982-11-22,R32,Egan Adams,Alejandro Ganzabal,6-4 7-6,tml,tml:873c8981091b,Itaparica,1982-11-22,R32,Egan Adams,Alejandro Ganzabal,6-4 7-6
c9a0a6909a91,,sackmann_vs_tml,fuzzy_name_date_fallback_low_confidence,0.5,sackmann,sack:bcb4fbe6f1cf,Bahia,1982-11-22,SF,Ricardo Acuna,Carlos Kirmayr,6-2 6-2,tml,tml:3f8526b47f3c,Itaparica,1982-11-22,SF,Ricardo Acuna,Carlos Kirmayr,6-2 6-2
48a86e33a869,,sackmann_vs_tml,fuzzy_name_date_fallback_low_confidence,0.5,sackmann,sack:eab437d56003,Bahia,1982-11-22,SF,Jaime Fillol,Andy Andrews,6-2 6-3,tml,tml:7d798d1fe728,Itaparica,1982-11-22,SF,Jaime Fillol Sr.,Andy Andrews,6-2 6-3
a16651f0b1d1,,sackmann_vs_tml,fuzzy_name_low_confidence,0.545,sackmann,sack:1e93a4ed4d1a,Barcelona,1969-05-12,R16,Martin Mulligan,U Unknown,UNK,tml,tml:1a9300835783,Barcelona-1,1969-05-12,R16,Martin Mulligan,Simon Partridge,6-0 6-2 6-3
a101ad1d6c7c,,sackmann_vs_tml,fuzzy_name_low_confidence,0.6,sackmann,sack:2488b6dc9649,Barcelona,1969-05-12,R32,Harald Elschenbroich,U Unknown,UNK,tml,tml:01a98fd7401b,Barcelona-1,1969-05-12,R32,Harald Elschenbroich,Jose Cordon,6-4 6-2 6-4
3bbdda590103,,sackmann_vs_tml,fuzzy_name_low_confidence,0.58,sackmann,sack:b6f672e28971,Barcelona,1969-05-12,R32,Martin Mulligan,U Unknown,UNK,tml,tml:a1d8eb36cab7,Barcelona-1,1969-05-12,R32,Martin Mulligan,Eleazar Davidman,6-4 6-2 7-5
6ec9bb636f55,,sackmann_vs_tml,fuzzy_name_low_confidence,0.577,sackmann,sack:a6f8aa441e83,Barcelona,1969-05-12,R32,Thomaz Koch,U Unknown,UNK,tml,tml:503bc558473d,Barcelona-1,1969-05-12,R32,Thomaz Koch,Zan Guerry,5-7 0-6 6-4 6-3 6-3
926d62da122b,,sackmann_vs_tml,fuzzy_name_low_confidence,0.553,sackmann,sack:af94f82b78be,Barcelona,1969-05-12,R32,Manuel Santana,U Unknown,UNK,tml,tml:6f685e5a46ef,Barcelona-1,1969-05-12,R32,Manuel Santana,Alberto Riba,6-1 6-1 6-3
f83e03617e3f,,sackmann_vs_tml,fuzzy_name_low_confidence,0.545,sackmann,sack:f00eb404340d,Barcelona,1969-05-12,R32,U Unknown,Jose Moreno,6-2 6-4 5-7 6-2,tml,tml:0be27f3c1ef6,Barcelona-1,1969-05-12,R32,Simon Partridge,Jose A. Moreno,6-2 6-4 5-7 6-2
d547d4a291b6,,sackmann_vs_tml,fuzzy_name_low_confidence,0.711,sackmann,sack:4ff85ea2c20f,Barcelona,1969-05-12,R64,Josef Stabholz,U Unknown,UNK,tml,tml:77c50305e000,Barcelona-1,1969-05-12,R64,Thomaz Koch,Unknown Unknown,W/O
fa9fd15a98c1,,sackmann_vs_tml,fuzzy_name_low_confidence,0.674,sackmann,sack:6409697a52ba,Barcelona,1969-05-12,R64,B Moreau,U Unknown,UNK,tml,tml:5522ff263c39,Barcelona-1,1969-05-12,R64,Daniel Moreau,Louis Maurizot,6-3 8-6 6-3
043059416fa8,,sackmann_vs_tml,fuzzy_name_low_confidence,0.667,sackmann,sack:7058d472b387,Barcelona,1969-05-12,R64,Ernie Mccabe,U Unknown,UNK,tml,tml:9a5aff76615a,Barcelona-1,1969-05-12,R64,Elwyn McCabe,Luiz Flor,9-7 11-9 6-2
9ed53200dbb5,,sackmann_vs_tml,fuzzy_name_low_confidence,0.654,sackmann,sack:d50e43a4b7a9,Barcelona,1969-05-12,R64,Barry Phillips Moore,U Unknown,UNK,tml,tml:717c8dedc844,Barcelona-1,1969-05-12,R64,Barry Phillips-Moore,Benjamin Anzola,6-2 6-2 6-4
f8e6200114e6,,sackmann_vs_tml,fuzzy_name_low_confidence,0.636,sackmann,sack:f3d4e2d1346f,Barcelona,1969-05-12,R64,John Cooper,U Unknown,UNK,tml,tml:50c0966e3ddb,Barcelona-1,1969-05-12,R64,John Cooper,Enrique Bruix,6-1 6-2 6-0
f6a6e5ac1ac8,,sackmann_vs_tml,fuzzy_name_low_confidence,0.618,sackmann,sack:d8609c659d6f,Barcelona,1969-05-12,R64,Antonio Munoz,U Unknown,UNK,tml,tml:66f688cfaaad,Barcelona-1,1969-05-12,R64,Antonio Munoz,Ian Froman,6-2 6-1 6-2
bbcbda1d2dbf,,sackmann_vs_tml,fuzzy_name_low_confidence,0.6,sackmann,sack:48dfe1e894f6,Barcelona,1969-05-12,R64,U Unknown,John Brown,W/O,tml,tml:94ce4b6125e6,Barcelona-1,1969-05-12,R64,Jose Cordon,John Brown,W/O
ca451f1adc55,,sackmann_vs_tml,fuzzy_name_low_confidence,0.591,sackmann,sack:c1869909af61,Barcelona,1969-05-12,R64,Jurgen Fassbender,Jim Mcmanus,6-4 6-3 0-6 4-6 6-4,tml,tml:42acc8f408a6,Barcelona-1,1969-05-12,R64,Jurgen Fassbender,Alfred Coco,6-4 6-3 0-6 4-6 6-4
946989269f4f,,sackmann_vs_tml,fuzzy_name_low_confidence,0.553,sackmann,sack:4b3643486503,Barcelona,1969-05-12,R64,Luis Felipe Tavares,U Unknown,UNK,tml,tml:825d1626ce66,Barcelona-1,1969-05-12,R64,Luis Felipe Tavares,Sixto Cambra,6-1 6-4 6-8 1-6 6-3
c6409dab3e12,,sackmann_vs_tml,fuzzy_name_low_confidence,0.553,sackmann,sack:adf7b78505b4,Barcelona,1969-05-12,R64,U Unknown,Hans Jurgen Pohmann,1-6 6-2 6-8 7-5 6-4,tml,tml:6dda8ea31b61,Barcelona-1,1969-05-12,R64,Alberto Riba,Hans-Jurgen Pohmann,1-6 6-2 6-8 7-5 6-4
2d88926c4cf6,,sackmann_vs_tml,fuzzy_name_low_confidence,0.55,sackmann,sack:9c4984316c69,Barcelona,1969-05-12,R64,Manuel Orantes,U Unknown,UNK,tml,tml:c75ff35588ca,Barcelona-1,1969-05-12,R64,Manuel Orantes,Jorge Gisbert,6-3 6-0 6-2
68deb76d3139,,sackmann_vs_tml,fuzzy_name_low_confidence,0.548,sackmann,sack:a786c5bee62b,Barcelona,1969-05-12,R64,Ray Keldie,U Unknown,UNK,tml,tml:06d59b2cbbf1,Barcelona-1,1969-05-12,R64,Ray Keldie,Pedro Farreras,6-4 6-3 3-6 6-4
bb099c4c0bbf,,sackmann_vs_tml,fuzzy_name_low_confidence,0.545,sackmann,sack:bdadae34f899,Barcelona,1969-05-12,R64,U Unknown,Jose Higueras,6-2 6-0 6-0,tml,tml:54bd1513eefd,Barcelona-1,1969-05-12,R64,Simon Partridge,Jose Higueras,6-2 6-0 6-0
c3ac4fc90a44,,sackmann_vs_tml,fuzzy_name_low_confidence,0.462,sackmann,sack:e87a72372819,Barcelona,1969-05-12,R64,Thomaz Koch,Zan Guerry,5-7 0-6 6-4 6-3 6-3,tml,tml:a32ad94964d5,Barcelona-1,1969-05-12,R64,Eleazar Davidman,Enrique Guerrero,W/O
6d2a9f57aab6,,sackmann_vs_tml,fuzzy_name_low_confidence,0.583,sackmann,sack:b64bf44b1d48,Barcelona,1970-10-03,R32,Rod Laver,U Unknown,6-2 6-3 6-2,tml,tml:81edebbb9e26,Barcelona,1970-10-19,R32,Rod Laver,Emilio Martinez,6-2 6-3 6-2
00ac1dd9ee75,,sackmann_vs_tml,fuzzy_name_low_confidence,0.553,sackmann,sack:e729c6c497d8,Barcelona,1970-10-03,R32,Antonio Munoz,U Unknown,1-6 6-1 6-3 6-3,tml,tml:a0e583f61945,Barcelona,1970-10-19,R32,Antonio Munoz,Bill Freer,1-6 6-1 6-3 6-3
20e49b134819,,sackmann_vs_tml,fuzzy_name_low_confidence,0.553,sackmann,sack:3a71e70f8c1e,Barcelona,1970-10-03,R32,Jan Kodes,U Unknown,6-1 6-2 6-2,tml,tml:dbfdd262de77,Barcelona,1970-10-19,R32,Jan Kodes,Elwyn McCabe,6-1 6-2 6-2
682fa1435394,,sackmann_vs_tml,fuzzy_name_low_confidence,0.545,sackmann,sack:262841cf88bb,Barcelona WCT,1971-10-18,R64,Tom Okker,U Unknown,7-6 6-0,tml,tml:fe80d703f5d6,Barcelona WCT,1971-10-18,R64,Tom Okker,Jose Maria Gisbert,7-6 6-0
7d13eb605494,,sackmann_vs_tml,fuzzy_name_low_confidence,0.667,sackmann,sack:2cf7902f20fc,Bastad,1980-07-14,R16,Kjell Johansson,Marcos Hocevar,7-6 6-4,tml,tml:61bf5f21a075,Bastad,1980-07-14,R16,Kjell Johansson,Shlomo Glickstein,7-6 6-4
6b575ea38a34,,sackmann_vs_tml,fuzzy_name_date_fallback_low_confidence,0.611,sackmann,sack:9d7af8e35972,Berlin,1979-06-18,SF,Patrice Dominguez,Balazs Taroczy,6-4 3-6 6-3 6-4,tml,tml:9a58c880060a,Berlin,1979-06-18,SF,Patrice Dominguez,Fernando Luna,6-4 3-6 6-3 6-4
c50e85e4c38e,,sackmann_vs_tml,fuzzy_name_low_confidence,0.692,sackmann,sack:b44363cef1cf,Birmingham,1980-01-14,QF,Jimmy Connors,Andrew Pattison,6-2 6-2,tml,tml:b106ad771b2d,Birmingham WCT,1980-01-14,QF,Jimmy Connors,Eddie Dibbs,6-2 6-2
08c7e4c07424,,sackmann_vs_tml,fuzzy_name_low_confidence,0.457,sackmann,sack:b5806764fe4e,Birmingham,1994-04-11,F,Jason Stoltenberg,Gabriel Markus,6-3 6-4,tml,tml:0717af98f4a8,Pinehurst,1994-05-02,F,Jared Palmer,Todd Martin,6-4 7-6(5)
bb2c2c85eb9e,,sackmann_vs_tml,fuzzy_name_low_confidence,0.491,sackmann,sack:6738e61dc201,Birmingham,1994-04-11,QF,Gabriel Markus,Daniel Orsanic,6-3 6-0,tml,tml:bbe6fa1633ca,Pinehurst,1994-05-02,QF,Todd Martin,Fabrice Santoro,6-3 6-2
08ab477660c8,,sackmann_vs_tml,fuzzy_name_low_confidence,0.629,sackmann,sack:32ab86df5cd3,Birmingham,1994-04-11,R16,Marcelo Filippini,Bryan Shelton,6-4 6-7(2) 7-5,tml,tml:a922c0d1fc1e,Pinehurst,1994-05-02,R16,Vincent Spadea,Bryan Shelton,7-6(6) 6-4
46bd82b8e9d1,,sackmann_vs_tml,fuzzy_name_low_confidence,0.625,sackmann,sack:af1f2c418f3d,Birmingham,1994-04-11,R16,Jared Palmer,Roberto Jabali,6-2 6-0,tml,tml:9691ae216ea4,Pinehurst,1994-05-02,R16,Jared Palmer,MaliVai Washington,6-2 6-1
39c6d3be9320,,sackmann_vs_tml,fuzzy_name_low_confidence,0.605,sackmann,sack:f77f28eab5ca,Birmingham,1994-04-11,R16,Gabriel Markus,Richey Reneberg,4-6 6-1 7-5,tml,tml:3951ce4db4eb,Pinehurst,1994-05-02,R16,Franco Davin,Richey Reneberg,4-6 6-1 6-4
5026e774b041,,sackmann_vs_tml,fuzzy_name_low_confidence,0.565,sackmann,sack:06d3377980f0,Birmingham,1994-04-11,R16,Jose Francisco Altur,Grant Stafford,6-3 1-6 6-2,tml,tml:391b71e5c156,Pinehurst,1994-05-02,R16,Francisco Clavet,Jakob Hlasek,6-2 6-2
82afcab38f04,,sackmann_vs_tml,fuzzy_name_low_confidence,0.474,sackmann,sack:c117563e4fb1,Birmingham,1994-04-11,R16,Daniel Orsanic,Christo Van Rensburg,6-4 6-2,tml,tml:ac0d5172743c,Pinehurst,1994-05-02,R16,Todd Martin,Christian Bergstrom,6-1 6-1
9ebbabcc98e4,,sackmann_vs_tml,fuzzy_name_low_confidence,0.461,sackmann,sack:5a8a06f0e6c6,Birmingham,1994-04-11,R16,Jason Stoltenberg,Alberto Mancini,4-6 6-4 7-5,tml,tml:c284d1da48ea,Pinehurst,1994-05-02,R16,Mats Wilander,Marcelo Filippini,6-1 1-6 6-3
0bcd8a883d0f,,sackmann_vs_tml,fuzzy_name_low_confidence,0.667,sackmann,sack:85b7e8725514,Birmingham,1994-04-11,R32,Mats Wilander,Brent Larkham,6-4 6-3,tml,tml:481b321e7ad4,Pinehurst,1994-05-02,R32,Mats Wilander,Steve Bryan,6-3 6-3
a4e92cdc4338,,sackmann_vs_tml,fuzzy_name_low_confidence,0.667,sackmann,sack:c17b554ac53d,Birmingham,1994-04-11,R32,Christo Van Rensburg,Doug Flach,1-6 7-6(10) 7-6(5),tml,tml:366e2784103b,Pinehurst,1994-05-02,R32,MaliVai Washington,Doug Flach,6-3 6-3
d5621562bf91,,sackmann_vs_tml,fuzzy_name_low_confidence,0.654,sackmann,sack:55a6d6f54594,Birmingham,1994-04-11,R32,Bryan Shelton,Robbie Weiss,6-3 6-4,tml,tml:1c27971f7472,Pinehurst,1994-05-02,R32,Bryan Shelton,Mikael Pernfors,6-1 6-2
582c8cadf17c,,sackmann_vs_tml,fuzzy_name_low_confidence,0.635,sackmann,sack:eb9e17bdba1c,Birmingham,1994-04-11,R32,Jose Francisco Altur,Nicolas Pereira,6-4 6-4,tml,tml:104ec075b205,Pinehurst,1994-05-02,R32,Francisco Clavet,Gaston Etlis,6-3 6-4
770639187573,,sackmann_vs_tml,fuzzy_name_low_confidence,0.625,sackmann,sack:878aa1f349ed,Birmingham,1994-04-11,R32,Jared Palmer,Todd Woodbridge,6-4 6-4,tml,tml:b5c06b62cb6d,Pinehurst,1994-05-02,R32,Franco Davin,Todd Woodbridge,6-4 6-1
fc5c7d316b03,,sackmann_vs_tml,fuzzy_name_low_confidence,0.58,sackmann,sack:e5683c28f5a1,Birmingham,1994-04-11,R32,Steve Bryan,Jaime Oncins,6-3 1-6 6-3,tml,tml:e7fe46ef1490,Pinehurst,1994-05-02,R32,Jamie Morgan,Alberto Mancini,7-6(8) 6-4
680617b92e4c,,sackmann_vs_tml,fuzzy_name_low_confidence,0.565,sackmann,sack:3529c6161a2d,Birmingham,1994-04-11,R32,Marcelo Filippini,Mauricio Hadad,6-0 6-4,tml,tml:83097452bba6,Pinehurst,1994-05-02,R32,Marcelo Filippini,Jason Stoltenberg,6-2 6-4
1a73005f8a3a,,sackmann_vs_tml,fuzzy_name_low_confidence,0.511,sackmann,sack:cd2dfc5f3bed,Birmingham,1994-04-11,R32,Gabriel Markus,Jimmy Arias,7-6(4) 6-2,tml,tml:e299f9abcccc,Pinehurst,1994-05-02,R32,Fabrice Santoro,Stephane Simian,7-6(3) 6-3
231e7d2c6744,,sackmann_vs_tml,fuzzy_name_low_confidence,0.481,sackmann,sack:9cefe6339660,Birmingham,1994-04-11,R32,Alberto Mancini,Martin Stringari,6-3 6-3,tml,tml:e87095a38f0c,Pinehurst,1994-05-02,R32,Christian Bergstrom,Juan Garat,6-1 1-6 7-6(3)
cbf41d09a0e3,,sackmann_vs_tml,fuzzy_name_low_confidence,0.462,sackmann,sack:98166bdc029a,Birmingham,1994-04-11,R32,Jacco Eltingh,Hendrik Dreekmann,7-6(8) 6-7(5) 6-3,tml,tml:9ccbc308b7e7,Pinehurst,1994-05-02,R32,Todd Martin,Brian Dunn,7-6(8) 6-2
82c8b53c285c,,sackmann_vs_tml,fuzzy_name_low_confidence,0.464,sackmann,sack:0b0508679564,Birmingham,1994-04-11,SF,Gabriel Markus,Jared Palmer,6-4 6-4,tml,tml:ff4b5481bb3d,Pinehurst,1994-05-02,SF,Todd Martin,Mats Wilander,6-3 2-6 6-4
7ad0aef3e0f2,,sackmann_vs_tml,fuzzy_name_low_confidence,0.63,sackmann,sack:fcc6dd4975e8,Bologna WCT,1971-11-14,R32,Ismail El Shafei,Ilie Nastase,UNK,tml,tml:6ca8ac0efbc7,Bologna WCT,1971-11-08,R32,Ismail El Shafei,Robert Maud,6-3 6-2
7bca9f2b9096,,sackmann_vs_tml,fuzzy_name_low_confidence,0.591,sackmann,sack:d4872dd40aec,Bologna WCT,1971-11-14,R64,Graham Stilwell,U Unknown,6-4 5-7 6-1,tml,tml:4a3e8d3b5dde,Bologna WCT,1971-11-08,R64,Graham Stilwell,Giordano Maioli,6-4 5-7 6-1
03efa3ff5bfb,,sackmann_vs_tml,fuzzy_name_low_confidence,0.672,sackmann,sack:31e8d149e45a,Buenos Aires,1969-11-11,R32,Patricio Cornejo,U Unknown,6-4 4-6 6-4 6-3,tml,tml:2df0da995ebf,Buenos Aires,1969-11-10,R32,Patricio Cornejo,Julio Van Kerckhoven,6-4 6-4 4-6 6-2
608717556a96,,sackmann_vs_tml,fuzzy_name_low_confidence,0.643,sackmann,sack:01538c372d1f,Buenos Aires,1969-11-11,R32,Jaime Pinto Bravo,U Unknown,6-1 6-3 6-4,tml,tml:01c09ebf44f2,Buenos Aires,1969-11-10,R32,Jaime Pinto-Bravo,Carlos Junquet,6-1 6-3 6-4
7d89bdb09e99,,sackmann_vs_tml,fuzzy_name_low_confidence,0.636,sackmann,sack:ebd7f735d942,Buenos Aires,1969-11-11,R32,Nicholas Kalogeropoulos,U Unknown,6-3 3-6 6-1 6-3,tml,tml:daa24e86114a,Buenos Aires,1969-11-10,R32,Nicholas Kalogeropoulos,Enrique Morea,6-3 3-6 6-1 6-3
4703469d1c22,,sackmann_vs_tml,fuzzy_name_low_confidence,0.587,sackmann,sack:6edd40832fe5,Buenos Aires,1969-11-11,R32,Jaime Fillol,U Unknown,6-2 6-2 6-2,tml,tml:e6d99a522786,Buenos Aires,1969-11-10,R32,Jaime Fillol Sr.,Jorge Martinez,6-2 6-2 6-2
203c18222349,,sackmann_vs_tml,fuzzy_name_low_confidence,0.58,sackmann,sack:bcea53b4f3c9,Buenos Aires,1969-11-11,R32,Cliff Richey,U Unknown,6-0 6-2 6-0,tml,tml:92e815640dbe,Buenos Aires,1969-11-10,R32,Cliff Richey,Oscar Valdivieso,6-0 6-2 6-0
68d2c5017133,,sackmann_vs_tml,fuzzy_name_low_confidence,0.672,sackmann,sack:d31540c2e57b,Buenos Aires,1971-12-01,R32,Guillermo Vilas,U Unknown,UNK,tml,tml:e4f1b8dcd137,Buenos Aires,1971-11-25,R32,Guillermo Vilas,Julio Van Kerckhoven,W/O
58e40f22816f,,sackmann_vs_tml,fuzzy_name_low_confidence,0.731,sackmann,sack:8358258e26e4,Buenos Aires,1980-11-17,QF,Rolf Gehring,Peter Elter,6-7 7-5 6-3,tml,tml:ed350c161704,Buenos Aires,1980-11-17,QF,Rolf Gehring,Klaus Eberhard,5-7 7-6 6-3
bb8371efaa23,,sackmann_vs_tml,fuzzy_name_low_confidence,0.7,sackmann,sack:e84c3a28e41e,Cairo,1981-03-09,R32,Dominique Bedel,Eric Fromm,4-6 6-1 10-8,tml,tml:03ab583c1b72,Cairo,1981-03-09,R32,Dominique Bedel,Zeljko Franulovic,4-6 6-1 10-8
eca277da8d28,,sackmann_vs_tml,fuzzy_name_low_confidence,0.6,sackmann,sack:7dafac26f168,Caracas,1972-03-17,R32,Luis Felipe Tavares,U Unknown,6-4 6-3,tml,tml:f89ce7e2e8eb,Caracas,1972-03-13,R32,Luis Felipe Tavares,Bobby Odasz,6-4 6-3
09749b74e62a,,sackmann_vs_tml,fuzzy_name_low_confidence,0.667,sackmann,sack:9af34350831b,Charleston,1973-03-12,QF,Jurgen Fassbender,Sandy Mayer,6-1 6-1,tml,tml:ca643780d255,Charleston,1973-03-12,QF,Jurgen Fassbender,Sherwood Stewart,6-1 6-1
e0b197136dcd,,sackmann_vs_tml,fuzzy_name_low_confidence,0.69,sackmann,sack:84251a6b306c,Cincinnati,1969-07-14,R128,U Unknown,Michael Sprenglemeyer,7-5 6-1,tml,tml:c88c67de4f94,Cincinnati,1969-07-14,R128,Juan Arredondo,Michael Sprenglemeyer,7-5 6-1
f9a9b915ada6,,sackmann_vs_tml,fuzzy_name_low_confidence,0.633,sackmann,sack:f53c977ffebb,Cincinnati,1969-07-14,R128,Tom Gorman,U Unknown,6-8 6-0 6-2,tml,tml:b1045e995e60,Cincinnati,1969-07-14,R128,Tom Gorman,Carlos Medranos,6-8 6-0 6-2
ef526f331671,,sackmann_vs_tml,fuzzy_name_low_confidence,0.633,sackmann,sack:707e467e26d2,Cincinnati,1969-07-14,R128,Bob Carmichael,U Unknown,W/O,tml,tml:018c2ffc8250,Cincinnati,1969-07-14,R128,Bob Carmichael,Carlos Medranos,W/O
ecbdbe660fd2,,sackmann_vs_tml,fuzzy_name_low_confidence,0.69,sackmann,sack:37c10036d0d5,Cincinnati,1969-07-14,R64,Charlie Pasarell,U Unknown,6-2 6-3,tml,tml:8cd56a6857a1,Cincinnati,1969-07-14,R64,Charlie Pasarell,Juan Arredondo,6-2 6-3
a698873ff527,,sackmann_vs_tml,fuzzy_name_low_confidence,0.688,sackmann,sack:1ac340ffb752,Durban,1969-04-14,R16,Bob Carmichael,Bill Freer,6-4 6-1 9-7,tml,tml:d75ecb238238,Durban,1969-04-14,R16,Bob Carmichael,Henry (Hank) Irvine,6-4 6-1 9-7
1865582fbcde,,sackmann_vs_tml,fuzzy_name_low_confidence,0.595,sackmann,sack:f7198b305441,Dusseldorf,1976-05-22,R64,Sashi Menon,Robert Rheinberger,2-6 6-3 6-3,tml,tml:fdf130414ab9,Dusseldorf,1976-05-24,R64,Sashi Menon,John James,2-6 6-3 6-3
ce6ef986b175,,sackmann_vs_tml,fuzzy_name_low_confidence,0.636,sackmann,sack:835dd7222274,Essen WCT,1972-10-29,R32,Mark Cox,U Unknown,7-6 1-6 6-0,tml,tml:36bc988f1e7d,Essen WCT,1972-10-23,R32,Mark Cox,Jeff Borowiak,7-6 1-6 6-1
c9d8e9c1fd58,,sackmann_vs_tml,fuzzy_name_low_confidence,0.667,sackmann,sack:6c0d8cbf6bbb,Fairfield,1975-02-24,R32,Roger Dowdeswell,Ian Fletcher,6-3 6-2,tml,tml:7764434cbeb4,Fairfield,1975-02-25,R32,Roger Dowdeswell,Janos Benyik,6-3 6-2
65f39d9d1978,,sackmann_vs_tml,fuzzy_name_low_confidence,0.63,sackmann,sack:6a40f9fb886f,Gstaad,1971-07-10,R32,Robert Maud,U Unknown,UNK,tml,tml:d37c6314ffbb,Gstaad,1971-07-05,R32,Robert Maud,Boro Jovanovic,W/O
a188586edc42,,sackmann_vs_tml,fuzzy_name_low_confidence,0.583,sackmann,sack:1c3652ea8a64,Hamburg,1970-08-17,R32,Nikola Pilic,U Unknown,6-4 6-4 6-4,tml,tml:fa96897dc026,Hamburg,1970-08-10,R32,Nikola Pilic,Adolf Kreinberg,6-4 6-4 6-4
9c2a6b12d9b2,,sackmann_vs_tml,fuzzy_name_low_confidence,0.583,sackmann,sack:02b13f548308,Hamburg,1970-08-17,R64,U Unknown,Byron Bertram,6-4 12-10 6-4,tml,tml:65892b7672df,Hamburg,1970-08-10,R64,Adolf Kreinberg,Byron Bertram,6-4 12-10 6-4
9b18cacc8e70,,sackmann_vs_tml,fuzzy_name_low_confidence,0.636,sackmann,sack:e81859b2ac84,Hilversum,1970-08-02,R64,Michele Leclercq,U Unknown,6-2 6-3,tml,tml:83030fbe53ec,Hilversum,1970-07-27,R64,Michel Leclercq,Huub Weyerman,6-2 6-3
0781b12d9038,,sackmann_vs_tml,fuzzy_name_low_confidence,0.591,sackmann,sack:550b1c851130,Hilversum,1970-08-02,R64,John Alexander,U Unknown,6-0 6-1,tml,tml:b0b957cf1f84,Hilversum,1970-07-27,R64,John Alexander,Peter Sigwart,6-0 6-1
c03a94bdbf54,,sackmann_vs_tml,fuzzy_name_low_confidence,0.583,sackmann,sack:0138b9b7bfdc,Hilversum,1970-08-02,R64,Byron Bertram,U Unknown,6-4 6-4,tml,tml:310ff1a8ef73,Hilversum,1970-07-27,R64,Byron Bertram,Tietje Dijkstra,6-4 6-4
1efcfe290885,,sackmann_vs_tml,fuzzy_name_low_confidence,0.591,sackmann,sack:b84e587a361b,Hilversum,1971-08-03,R32,Francois Jauffret,U Unknown,UNK,tml,tml:9cad7d83c75e,Hilversum,1971-07-26,R32,Francois Jauffret,Toshiro Sakai,6-4 6-2
b1fad9d81155,,sackmann_vs_tml,fuzzy_name_low_confidence,0.7,sackmann,sack:29785fd89582,Hilversum,1978-07-24,R32,Brad Drewett,Rick Fagel,6-4 7-5,tml,tml:3229eec36070,Hilversum,1978-07-24,R32,Brad Drewett,Charlie Fancutt,6-4 7-5
125742de634d,,sackmann_vs_tml,fuzzy_name_low_confidence,0.688,sackmann,sack:38c0e9b7d339,Hong Kong,1973-10-29,R32,Anand Amritraj,KS Leung,6-3 6-2,tml,tml:41e93d9bfd6c,Hong Kong,1973-10-29,R32,Anand Amritraj,Jeck Chu,6-3 6-2
1d78052d1a2c,,sackmann_vs_tml,fuzzy_name_low_confidence,0.676,sackmann,sack:beea9103cd09,Hong Kong,1973-10-29,R32,Fred Stolle,Jeck Chu,6-1 6-3,tml,tml:82f62afe48b5,Hong Kong,1973-10-29,R32,Fred Stolle,K.S. Leung,6-1 6-3
93d229b3bdb8,,sackmann_vs_tml,fuzzy_name_date_fallback_low_confidence,0.731,sackmann,sack:854f8ccd92b3,Indianapolis,1980-08-04,R32,Per Hjertquist,Vijay Amritraj,4-6 6-0 6-0,tml,tml:6c5a412fb4f7,Indianapolis,1980-08-04,R32,Per Hjertquist,Victor Amaya,4-6 6-0 6-0
64d46e854687,,sackmann_vs_tml,fuzzy_name_date_fallback_low_confidence,0.731,sackmann,sack:1373a66a4a25,Indianapolis,1980-08-04,R64,Vijay Amritraj,Charles Owens,6-3 7-5,tml,tml:2d2f5a2226f4,Indianapolis,1980-08-04,R64,Victor Amaya,Charles Owens,6-3 7-5
690f250e0421,,sackmann_vs_tml,fuzzy_name_date_fallback_low_confidence,0.712,sackmann,sack:d60ad9c797d6,Johannesburg,1975-11-17,R64,Arthur Ashe,Andre Zietsmann,6-2 6-2,tml,tml:7ddb23f0fb4d,Johannesburg-2,1975-11-17,R64,Arthur Ashe,Andre Zietsman,6-2 6-2
2d35931ae4f5,,sackmann_vs_tml,fuzzy_name_date_fallback_low_confidence,0.712,sackmann,sack:75ed2d2a5943,Johannesburg,1978-04-03,R16,Eric Deblicker,Andre Zietsmann,6-3 6-7 6-3,tml,tml:2ad684c0179f,Johannesburg-1,1978-04-03,R16,Eric Deblicker,Andre Zietsman,6-3 6-7 6-3
3f074a9c2fb1,,sackmann_vs_tml,fuzzy_name_date_fallback_low_confidence,0.712,sackmann,sack:db823545e11a,Johannesburg,1978-04-03,R32,Andre Zietsmann,Richard Lewis,2-6 6-4 7-5,tml,tml:08312fa3245e,Johannesburg-1,1978-04-03,R32,Andre Zietsman,Richard Lewis,2-6 6-4 7-5
85cdd9c11f5e,,sackmann_vs_tml,fuzzy_name_date_fallback_low_confidence,0.712,sackmann,sack:9bd8d3bfe881,Johannesburg,1979-04-16,R32,Carlos Kirmayr,Andre Zietsmann,6-2 6-0,tml,tml:e86943daeff0,Johannesburg-1,1979-04-16,R32,Carlos Kirmayr,Andre Zietsman,6-2 6-0
a0e997fe4ef9,,sackmann_vs_tml,fuzzy_name_date_fallback_low_confidence,0.712,sackmann,sack:ef7e26567b25,Johannesburg,1980-04-08,R32,Dominique Bedel,Andre Zietsmann,6-3 6-2,tml,tml:50617f95b9d7,Johannesburg-1,1980-04-08,R32,Dominique Bedel,Andre Zietsman,6-3 6-2
a46594afd122,,sackmann_vs_tml,fuzzy_name_low_confidence,0.667,sackmann,sack:181f8f3f5165,Johannesburg - WCT,1975-04-11,R16,Bob Hewitt,John Yuill,6-3 6-2,tml,tml:9a9af7b245aa,Johannesburg-2,1975-11-17,R16,Karl Meiler,John Yuill,6-0 6-3
d584cfd1218b,,sackmann_vs_tml,fuzzy_name_low_confidence,0.595,sackmann,sack:cce103efff41,Johannesburg - WCT,1975-04-11,R16,Onny Parun,Bob Giltinan,7-5 6-4,tml,tml:40b75883f892,Johannesburg-2,1975-11-17,R16,Onny Parun,Paul Avis,6-0 6-4
b52272930073,,sackmann_vs_tml,fuzzy_name_low_confidence,0.571,sackmann,sack:b926956bde61,Johannesburg - WCT,1975-04-11,R16,Frew Mcmillan,Hans Kary,5-7 6-4 6-3,tml,tml:5ba64814ecb3,Johannesburg-2,1975-11-17,R16,Frew McMillan,Eddie Dibbs,7-6 6-1
b6df35b74c42,,sackmann_vs_tml,fuzzy_name_low_confidence,0.49,sackmann,sack:a95ed8dff47a,Johannesburg - WCT,1975-04-11,R16,Bjorn Borg,Antonio Zugarelli,6-4 6-2,tml,tml:50f8f03a486b,Johannesburg-2,1975-11-17,R16,Brian Gottfried,Brian Fairlie,6-2 6-0
b3419c68f85c,,sackmann_vs_tml,fuzzy_name_low_confidence,0.742,sackmann,sack:44d3a416edac,Johannesburg - WCT,1975-04-11,R32,Corrado Barazzutti,Mike Styles,5-7 7-5 6-2,tml,tml:8fda0794a8b0,Johannesburg-2,1975-11-17,R32,Adriano Panatta,Mike Styles,6-3 7-6
7d9eb944140d,,sackmann_vs_tml,fuzzy_name_low_confidence,0.694,sackmann,sack:c5e44344769b,Johannesburg - WCT,1975-04-11,R32,Patrice Dominguez,Byron Bertram,3-6 6-2 7-5,tml,tml:9670a86aa992,Johannesburg-2,1975-11-17,R32,Harold Solomon,Byron Bertram,6-3 6-2
8bd044b1e487,,sackmann_vs_tml,fuzzy_name_low_confidence,0.667,sackmann,sack:8d29203ccb92,Johannesburg - WCT,1975-04-11,R32,John Yuill,John Lloyd,6-1 6-7(4) 7-5,tml,tml:1dce31411d70,Johannesburg-2,1975-11-17,R32,John Yuill,Barry Phillips-Moore,6-3 6-4
ecb9cb01a881,,sackmann_vs_tml,fuzzy_name_low_confidence,0.625,sackmann,sack:7809686e52d2,Johannesburg - WCT,1975-04-11,R32,Onny Parun,Steve Krulevitz,4-6 7-5 6-4,tml,tml:d9a8845ef261,Johannesburg-2,1975-11-17,R32,Onny Parun,Dennis Matthews,7-5 3-6 6-1
9f979a4d6a54,,sackmann_vs_tml,fuzzy_name_low_confidence,0.618,sackmann,sack:b7b116a129b8,Johannesburg - WCT,1975-04-11,R32,Frew Mcmillan,Jose Higueras,6-2 6-2,tml,tml:5fe33aadaaf7,Johannesburg-2,1975-11-17,R32,Frew McMillan,Rauty Krog,6-3 6-2
f03a65d3e327,,sackmann_vs_tml,fuzzy_name_low_confidence,0.595,sackmann,sack:76364c99ad20,Johannesburg - WCT,1975-04-11,R32,Bob Giltinan,Mike Myburg,4-6 6-4 6-3,tml,tml:0b147ab5046c,Johannesburg-2,1975-11-17,R32,Paul Avis,Mike Myburg,6-3 2-6 7-5
b2862aa4aa3a,,sackmann_vs_tml,fuzzy_name_low_confidence,0.58,sackmann,sack:9d12d77b306a,Johannesburg - WCT,1975-04-11,R32,Buster C Mottram,George Rudman,6-2 6-3,tml,tml:76b2908a649f,Johannesburg-2,1975-11-17,R32,Buster C. Mottram,Jaime Fillol Sr.,7-6 6-2
82910e25df13,,sackmann_vs_tml,fuzzy_name_low_confidence,0.464,sackmann,sack:21ed7b3928cb,Johannesburg - WCT,1975-04-11,R32,Bob Hewitt,Adriano Panatta,W/O,tml,tml:f0bbcf2ecea7,Johannesburg-2,1975-11-17,R32,Sherwood Stewart,Anthony Fawcett,5-3 RET
7242a72f283b,,sackmann_vs_tml,fuzzy_name_low_confidence,0.462,sackmann,sack:c46007f25076,Johannesburg WCT,1974-04-15,QF,Tom Gorman,Bernard Mitton,6-4 7-6,tml,tml:172815c5de0b,Johannesburg-2,1974-11-18,QF,Jimmy Connors,Andrew Pattison,7-5 6-3
940ac56c9fdf,,sackmann_vs_tml,fuzzy_name_low_confidence,0.658,sackmann,sack:c9049a6a7a28,Johannesburg WCT,1974-04-15,R16,Andrew Pattison,Tony Roche,6-1 7-6,tml,tml:c8097ec24eb7,Johannesburg-2,1974-11-18,R16,Andrew Pattison,Brian Gottfried,6-3 6-4
7644f104e050,,sackmann_vs_tml,fuzzy_name_low_confidence,0.617,sackmann,sack:ba301e4975e3,Johannesburg WCT,1974-04-15,R16,Tom Gorman,Colin Dowdeswell,6-1 6-2,tml,tml:6306d4da25fc,Johannesburg-2,1974-11-18,R16,Tom Okker,Frew McMillan,6-2 4-6 6-1
9d5d90b775ce,,sackmann_vs_tml,fuzzy_name_low_confidence,0.714,sackmann,sack:81b83a0e5442,Johannesburg WCT,1974-04-15,R32,Frew Mcmillan,Rauty Krog,6-4 6-4,tml,tml:ae17ce519e66,Johannesburg-2,1974-11-18,R32,Frew McMillan,Joaquin Loyo-Mayo,6-2 6-2
09ab25e145e0,,sackmann_vs_tml,fuzzy_name_low_confidence,0.685,sackmann,sack:7d85303d4b88,Johannesburg WCT,1974-04-15,R32,Tom Gorman,Jean Baptiste Chanfreau,6-4 6-4,tml,tml:c385e44c5d3c,Johannesburg-2,1974-11-18,R32,Tom Okker,Derek Schroder,1-6 6-1 6-4
1c7fbcc3bac6,,sackmann_vs_tml,fuzzy_name_low_confidence,0.654,sackmann,sack:aad4ebee20dd,Johannesburg WCT,1974-04-15,R32,John Yuill,Mike Estep,4-6 6-1 6-4,tml,tml:19197120c197,Johannesburg-2,1974-11-18,R32,John Yuill,Francois Jauffret,6-4 6-0
6b1fd6d9ddaf,,sackmann_vs_tml,fuzzy_name_low_confidence,0.618,sackmann,sack:4c3ef5f797c2,Johannesburg WCT,1974-04-15,R32,Bob Carmichael,Pat Cramer,6-4 6-3,tml,tml:2bea99dbb56e,Johannesburg-2,1974-11-18,R32,Jimmy Connors,Pat Cramer,5-7 6-1 6-0
97ed668e93f8,,sackmann_vs_tml,fuzzy_name_low_confidence,0.583,sackmann,sack:e77edf2d863f,Johannesburg WCT,1974-04-15,R32,Cliff Drysdale,Patrice Dominguez,6-3 6-2,tml,tml:7d8c5a25f7d4,Johannesburg-2,1974-11-18,R32,Onny Parun,Patrice Dominguez,6-4 6-4
ce310be646cc,,sackmann_vs_tml,fuzzy_name_low_confidence,0.574,sackmann,sack:75642b1a71de,Johannesburg WCT,1974-04-15,R32,Andrew Pattison,Jim Mcmanus,6-1 6-2,tml,tml:296589e26ba1,Johannesburg-2,1974-11-18,R32,Andrew Pattison,Sherwood Stewart,6-2 6-1
fc772d14bb8d,,sackmann_vs_tml,fuzzy_name_low_confidence,0.561,sackmann,sack:234d047ba3b3,Johannesburg WCT,1974-04-15,R32,Deon Joubert,Hans Jurgen Pohmann,6-4 6-4,tml,tml:e08e310a01e0,Johannesburg-2,1974-11-18,R32,Arthur Ashe,Jurgen Fassbender,7-5 6-4
07eed4dbce37,,sackmann_vs_tml,fuzzy_name_low_confidence,0.478,sackmann,sack:ca20d3883e0d,Johannesburg WCT,1974-04-15,R32,Tony Roche,Erik Van Dillen,6-1 6-7 6-1,tml,tml:27c9d64e4bf2,Johannesburg-2,1974-11-18,R32,Ross Case,Dick Crealy,W/O
f605574ec789,,sackmann_vs_tml,fuzzy_name_low_confidence,0.456,sackmann,sack:3e684ff41423,Johannesburg WCT,1974-04-15,R32,Robert Maud,David Schneider,6-3 6-0,tml,tml:294c50ac0cc7,Johannesburg-2,1974-11-18,R32,Juan Gisbert Sr,Armistead Neely,4-6 7-6 6-1
dc62a504d7bf,,sackmann_vs_tml,fuzzy_name_low_confidence,0.45,sackmann,sack:2718f162ab3f,Johannesburg WCT,1974-04-15,R32,Georges Goven,Allan Stone,6-3 6-2,tml,tml:7984ee7aa2da,Johannesburg-2,1974-11-18,R32,Marty Riessen,Barry Phillips-Moore,6-2 6-0
4033bf290ce3,,sackmann_vs_tml,fuzzy_name_low_confidence,0.674,sackmann,sack:cce9754f1ae1,Kitzbuhel,1978-07-24,R32,Guillermo Vilas,Carlos Kirmayr,6-4 6-2,tml,tml:f04aa488a1bb,Kitzbuhel,1978-07-24,R32,Guillermo Vilas,Jan Kukal,6-4 6-2
0eca76805cdd,,sackmann_vs_tml,fuzzy_name_low_confidence,0.607,sackmann,sack:078232ece743,Kitzbuhel,1984-07-23,R64,Eric Jelen,Patrizio Parrini,6-4 6-3,tml,tml:c7c8f11e9aa9,Kitzbuhel,1984-07-23,R64,Eric Jelen,Henri De Wet,6-4 6-3
da05d8073756,,sackmann_vs_tml,fuzzy_name_low_confidence,0.717,sackmann,sack:f91d86a3d06f,London,1971-03-22,QF,Tony Roche,Roger Taylor,2-6 6-3 6-4,tml,tml:c8e7a25cea3c,London-1,1971-02-26,QF,Marty Riessen,Roger Taylor,7-5 6-2
fb22c92332cd,,sackmann_vs_tml,fuzzy_name_low_confidence,0.717,sackmann,sack:7e98daf5359d,London,1971-03-22,QF,Marty Riessen,Roy Emerson,7-5 6-2,tml,tml:e356b7d26383,London-1,1971-02-26,QF,Tony Roche,Roy Emerson,2-6 6-3 6-4
f21dbe509655,,sackmann_vs_tml,fuzzy_name_low_confidence,0.674,sackmann,sack:d12d9aaab947,London,1971-03-22,QF,Rod Laver,John Newcombe,6-0 6-1,tml,tml:e348ac71c1e1,London-1,1971-02-26,QF,Rod Laver,Bob Hewitt,6-0 6-1
3a451bb7dc36,,sackmann_vs_tml,fuzzy_name_low_confidence,0.674,sackmann,sack:31dc35fd155e,London,1971-03-22,QF,Nikola Pilic,Bob Hewitt,6-3 7-6,tml,tml:e76930b80898,London-1,1971-02-26,QF,Nikola Pilic,John Newcombe,6-3 7-6
ee86136f3b73,,sackmann_vs_tml,fuzzy_name_low_confidence,0.727,sackmann,sack:b54543c46e18,Louisville,1978-07-30,R32,Nick Saviano,John James,6-2 6-2,tml,tml:f2459459b61f,Louisville,1978-07-24,R32,Nick Saviano,Deon Joubert,6-2 6-2
19befa773219,,sackmann_vs_tml,fuzzy_name_date_fallback_low_confidence,0.667,sackmann,sack:7b5c9023fdd9,Melbourne Indoor,1982-10-04,F,Vitas Gerulaitis,Eliot Teltscher,2-6 6-2 6-2,tml,tml:af67192a71ae,Melbourne-1,1982-10-04,F,Vitas Gerulaitis,Eliot Teltscher,2-6 6-2 6-2
fae2f93f64c1,,sackmann_vs_tml,fuzzy_name_date_fallback_low_confidence,0.667,sackmann,sack:cd1e66fe35db,Melbourne Indoor,1982-10-04,QF,Vitas Gerulaitis,Paul Mcnamee,6-2 6-4,tml,tml:4b9905c8cdf1,Melbourne-1,1982-10-04,QF,Vitas Gerulaitis,Paul McNamee,6-2 6-4
4be88bff875f,,sackmann_vs_tml,fuzzy_name_date_fallback_low_confidence,0.667,sackmann,sack:0026bc5d07bc,Melbourne Indoor,1982-10-04,QF,Steve Denton,John Alexander,6-7 7-6 6-4,tml,tml:1d3d75a09959,Melbourne-1,1982-10-04,QF,Steve Denton,John Alexander,6-7 7-6 6-4
e0618ac99a63,,sackmann_vs_tml,fuzzy_name_date_fallback_low_confidence,0.667,sackmann,sack:287ef2bbe007,Melbourne Indoor,1982-10-04,QF,Eliot Teltscher,David Carter,6-4 6-3,tml,tml:61fce8f8807d,Melbourne-1,1982-10-04,QF,Eliot Teltscher,David Carter,6-4 6-3
1ba1b5aff2ed,,sackmann_vs_tml,fuzzy_name_date_fallback_low_confidence,0.667,sackmann,sack:63db00322c21,Melbourne Indoor,1982-10-04,QF,Pat Cash,Matt Mitchell,3-6 7-5 6-0,tml,tml:20f43f569a0c,Melbourne-1,1982-10-04,QF,Pat Cash,Matt Mitchell,3-6 7-5 6-0
438f8abb4a4e,,sackmann_vs_tml,fuzzy_name_date_fallback_low_confidence,0.667,sackmann,sack:07497d65796f,Melbourne Indoor,1982-10-04,R16,Vitas Gerulaitis,John Frawley,3-6 6-2 6-2,tml,tml:3f9e9480ee94,Melbourne-1,1982-10-04,R16,Vitas Gerulaitis,John Frawley,3-6 6-2 6-2
3f8c50afc5ac,,sackmann_vs_tml,fuzzy_name_date_fallback_low_confidence,0.667,sackmann,sack:7a79ea606af8,Melbourne Indoor,1982-10-04,R16,Paul Mcnamee,Ross Case,6-4 6-4,tml,tml:ade70663f354,Melbourne-1,1982-10-04,R16,Paul McNamee,Ross Case,6-4 6-4
20ad3f01e5b9,,sackmann_vs_tml,fuzzy_name_date_fallback_low_confidence,0.667,sackmann,sack:283aa87e6e09,Melbourne Indoor,1982-10-04,R16,Steve Denton,Trey Waltke,6-4 7-5,tml,tml:1bc64b4d90b0,Melbourne-1,1982-10-04,R16,Steve Denton,Trey Waltke,6-4 7-5
e992d0f8cb54,,sackmann_vs_tml,fuzzy_name_date_fallback_low_confidence,0.667,sackmann,sack:39463ddd2069,Melbourne Indoor,1982-10-04,R16,John Alexander,John Fitzgerald,6-3 7-6,tml,tml:94a19f1df9b3,Melbourne-1,1982-10-04,R16,John Alexander,John Fitzgerald,6-3 7-6
5c95f7847490,,sackmann_vs_tml,fuzzy_name_date_fallback_low_confidence,0.667,sackmann,sack:b0dc2bb1e6c9,Melbourne Indoor,1982-10-04,R16,David Carter,Greg Whitecross,6-2 4-6 6-2,tml,tml:ae33d44316e8,Melbourne-1,1982-10-04,R16,David Carter,Greg Whitecross,6-2 4-6 6-2
39011461ccd4,,sackmann_vs_tml,fuzzy_name_date_fallback_low_confidence,0.667,sackmann,sack:de11a01d3087,Melbourne Indoor,1982-10-04,R16,Eliot Teltscher,Craig A Miller,6-2 6-4,tml,tml:90152a1149f6,Melbourne-1,1982-10-04,R16,Eliot Teltscher,Craig A Miller,6-2 6-4
74922e801147,,sackmann_vs_tml,fuzzy_name_date_fallback_low_confidence,0.667,sackmann,sack:7c8fff66a468,Melbourne Indoor,1982-10-04,R16,Matt Mitchell,Chris Mayotte,6-2 6-2,tml,tml:2debaf2a46cb,Melbourne-1,1982-10-04,R16,Matt Mitchell,Chris Mayotte,6-2 6-2
4f0cf055dc00,,sackmann_vs_tml,fuzzy_name_date_fallback_low_confidence,0.667,sackmann,sack:4a3772db9c42,Melbourne Indoor,1982-10-04,R16,Pat Cash,Brad Drewett,7-6 6-7 6-2,tml,tml:8336e7cb1fd2,Melbourne-1,1982-10-04,R16,Pat Cash,Brad Drewett,7-6 6-7 6-2
077e678f61ab,,sackmann_vs_tml,fuzzy_name_date_fallback_low_confidence,0.667,sackmann,sack:38d062aac6d9,Melbourne Indoor,1982-10-04,R32,Vitas Gerulaitis,Wally Masur,6-0 6-2,tml,tml:e8bd391463cd,Melbourne-1,1982-10-04,R32,Vitas Gerulaitis,Wally Masur,6-0 6-2
18464f05ffec,,sackmann_vs_tml,fuzzy_name_date_fallback_low_confidence,0.667,sackmann,sack:e2f0f747aa05,Melbourne Indoor,1982-10-04,R32,John Frawley,Chris Johnstone,4-6 6-3 7-6,tml,tml:c89876c01c70,Melbourne-1,1982-10-04,R32,John Frawley,Chris Johnstone,4-6 6-3 7-6
32ef415af8f3,,sackmann_vs_tml,fuzzy_name_date_fallback_low_confidence,0.667,sackmann,sack:0e16fc68902c,Melbourne Indoor,1982-10-04,R32,Ross Case,Wayne Hampson,6-3 3-6 6-4,tml,tml:c7174bfa854d,Melbourne-1,1982-10-04,R32,Ross Case,Wayne Hampson,6-3 3-6 6-4
00e5d0fb5b08,,sackmann_vs_tml,fuzzy_name_date_fallback_low_confidence,0.667,sackmann,sack:7bbaed480dcf,Melbourne Indoor,1982-10-04,R32,Paul Mcnamee,Broderick Dyke,4-6 6-2 6-1,tml,tml:df9791d24c6f,Melbourne-1,1982-10-04,R32,Paul McNamee,Broderick Dyke,4-6 6-2 6-1
8a37c493b9f2,,sackmann_vs_tml,fuzzy_name_date_fallback_low_confidence,0.667,sackmann,sack:db0782a26d19,Melbourne Indoor,1982-10-04,R32,Steve Denton,John Mccurdy,6-1 6-4,tml,tml:f7a0ba599d32,Melbourne-1,1982-10-04,R32,Steve Denton,John McCurdy,6-1 6-4
54229432aa84,,sackmann_vs_tml,fuzzy_name_date_fallback_low_confidence,0.667,sackmann,sack:f9602609bf05,Melbourne Indoor,1982-10-04,R32,Trey Waltke,Rocky Royer,6-3 6-2,tml,tml:7d36457b2a19,Melbourne-1,1982-10-04,R32,Trey Waltke,Rocky Royer,6-3 6-2
89b34765407f,,sackmann_vs_tml,fuzzy_name_date_fallback_low_confidence,0.667,sackmann,sack:69bb41eee08b,Melbourne Indoor,1982-10-04,R32,John Fitzgerald,Dale Collings,6-3 6-2,tml,tml:5e805742c90f,Melbourne-1,1982-10-04,R32,John Fitzgerald,Dale Collings,6-3 6-2
8029ad5a7ca6,,sackmann_vs_tml,fuzzy_name_date_fallback_low_confidence,0.667,sackmann,sack:7d936ac72ee4,Melbourne Indoor,1982-10-04,R32,John Alexander,Wayne Pascoe,6-7 6-3 6-4,tml,tml:5219b84ae785,Melbourne-1,1982-10-04,R32,John Alexander,Wayne Pascoe,6-7 6-3 6-4
1ee3960e41b5,,sackmann_vs_tml,fuzzy_name_date_fallback_low_confidence,0.667,sackmann,sack:a8e543260975,Melbourne Indoor,1982-10-04,R32,Greg Whitecross,Rod Frawley,6-3 6-3,tml,tml:114e2752791e,Melbourne-1,1982-10-04,R32,Greg Whitecross,Rod Frawley,6-3 6-3
532da38912e2,,sackmann_vs_tml,fuzzy_name_date_fallback_low_confidence,0.667,sackmann,sack:14ca786e3676,Melbourne Indoor,1982-10-04,R32,David Carter,Peter Johnston,6-4 6-2,tml,tml:273e477260a5,Melbourne-1,1982-10-04,R32,David Carter,Peter Johnston,6-4 6-2
eef5d16b548e,,sackmann_vs_tml,fuzzy_name_date_fallback_low_confidence,0.667,sackmann,sack:ada442e6bff8,Melbourne Indoor,1982-10-04,R32,Craig A Miller,Jeff Turpin,7-6 6-4,tml,tml:54eacfa668de,Melbourne-1,1982-10-04,R32,Craig A Miller,Jeff Turpin,7-6 6-4
84efbdd6975c,,sackmann_vs_tml,fuzzy_name_date_fallback_low_confidence,0.667,sackmann,sack:e7faea010d1f,Melbourne Indoor,1982-10-04,R32,Eliot Teltscher,Hans Hansson,6-4 7-6,tml,tml:973a638dd403,Melbourne-1,1982-10-04,R32,Eliot Teltscher,Hans Hansson,6-4 7-6
fa86a6628e68,,sackmann_vs_tml,fuzzy_name_date_fallback_low_confidence,0.667,sackmann,sack:60f752cae5aa,Melbourne Indoor,1982-10-04,R32,Matt Mitchell,Mark Edmondson,6-4 6-3,tml,tml:a0a3625ea9bb,Melbourne-1,1982-10-04,R32,Matt Mitchell,Mark Edmondson,6-4 6-3
96f3538d8530,,sackmann_vs_tml,fuzzy_name_date_fallback_low_confidence,0.667,sackmann,sack:b5b3c34d66a3,Melbourne Indoor,1982-10-04,R32,Chris Mayotte,Cliff Letcher,6-2 6-3,tml,tml:8c1aa245fea9,Melbourne-1,1982-10-04,R32,Chris Mayotte,Cliff Letcher,6-2 6-3
7af7332de05b,,sackmann_vs_tml,fuzzy_name_date_fallback_low_confidence,0.667,sackmann,sack:bb70a1f77fcf,Melbourne Indoor,1982-10-04,R32,Pat Cash,Cary Leeds,6-2 6-4,tml,tml:8c6a35b88a85,Melbourne-1,1982-10-04,R32,Pat Cash,Cary Leeds,6-2 6-4
7fe284b99db5,,sackmann_vs_tml,fuzzy_name_date_fallback_low_confidence,0.667,sackmann,sack:969b304fa2aa,Melbourne Indoor,1982-10-04,R32,Brad Drewett,Charlie Fancutt,6-3 6-3,tml,tml:8aac858e9b47,Melbourne-1,1982-10-04,R32,Brad Drewett,Charlie Fancutt,6-3 6-3
0d693eb9d2a0,,sackmann_vs_tml,fuzzy_name_date_fallback_low_confidence,0.667,sackmann,sack:26f23c7aed4e,Melbourne Indoor,1982-10-04,SF,Vitas Gerulaitis,Steve Denton,6-3 7-6,tml,tml:b7808214f12b,Melbourne-1,1982-10-04,SF,Vitas Gerulaitis,Steve Denton,6-3 7-6
323158fff1fd,,sackmann_vs_tml,fuzzy_name_date_fallback_low_confidence,0.667,sackmann,sack:66e3d896acd1,Melbourne Indoor,1982-10-04,SF,Eliot Teltscher,Pat Cash,6-2 6-4,tml,tml:ec7b67ccd4b8,Melbourne-1,1982-10-04,SF,Eliot Teltscher,Pat Cash,6-2 6-4
de9e88bfce92,,sackmann_vs_tml,fuzzy_name_date_fallback_low_confidence,0.667,sackmann,sack:1165dcb61840,Melbourne Indoor,1984-10-15,F,Matt Mitchell,Pat Cash,6-4 3-6 6-2,tml,tml:0e123c694b5e,Melbourne-1,1984-10-15,F,Matt Mitchell,Pat Cash,6-4 3-6 6-2
b34933b2aaa9,,sackmann_vs_tml,fuzzy_name_date_fallback_low_confidence,0.667,sackmann,sack:78cb1a3be7f4,Melbourne Indoor,1984-10-15,QF,Matt Mitchell,Brad Drewett,6-2 6-4,tml,tml:3f34d6bc157e,Melbourne-1,1984-10-15,QF,Matt Mitchell,Brad Drewett,6-2 6-4
25cffc0dcdbf,,sackmann_vs_tml,fuzzy_name_date_fallback_low_confidence,0.667,sackmann,sack:2ce32ee5f487,Melbourne Indoor,1984-10-15,QF,Mike Bauer,Marcel Freeman,7-6 7-6,tml,tml:c63cf84b3c23,Melbourne-1,1984-10-15,QF,Mike Bauer,Marcel Freeman,7-6 7-6
520092d82117,,sackmann_vs_tml,fuzzy_name_date_fallback_low_confidence,0.667,sackmann,sack:4f2e350b521e,Melbourne Indoor,1984-10-15,QF,Chip Hooper,Mike Leach,7-6 7-6,tml,tml:9d6d78d73e3a,Melbourne-1,1984-10-15,QF,Chip Hooper,Mike Leach,7-6 7-6
64e1e92c78da,,sackmann_vs_tml,fuzzy_name_date_fallback_low_confidence,0.667,sackmann,sack:3be231f5e085,Melbourne Indoor,1984-10-15,QF,Pat Cash,Wally Masur,6-1 6-7 6-3,tml,tml:c6df8f179369,Melbourne-1,1984-10-15,QF,Pat Cash,Wally Masur,6-1 6-7 6-3
ea15ee858385,,sackmann_vs_tml,fuzzy_name_date_fallback_low_confidence,0.667,sackmann,sack:9f6dd1371a73,Melbourne Indoor,1984-10-15,R16,Matt Mitchell,Eliot Teltscher,2-6 6-2 6-1,tml,tml:5c01c967be4d,Melbourne-1,1984-10-15,R16,Matt Mitchell,Eliot Teltscher,2-6 6-2 6-1
4634e6f5529c,,sackmann_vs_tml,fuzzy_name_date_fallback_low_confidence,0.667,sackmann,sack:3607b69410a9,Melbourne Indoor,1984-10-15,R16,Brad Drewett,Rod Frawley,6-3 7-6,tml,tml:12224e17f803,Melbourne-1,1984-10-15,R16,Brad Drewett,Rod Frawley,6-3 7-6
7101422aaf86,,sackmann_vs_tml,fuzzy_name_date_fallback_low_confidence,0.667,sackmann,sack:2085474e6347,Melbourne Indoor,1984-10-15,R16,Mike Bauer,Lloyd Bourne,7-6 6-7 7-6,tml,tml:a74681c11db1,Melbourne-1,1984-10-15,R16,Mike Bauer,Lloyd Bourne,7-6 6-7 7-6
7b2562d7f689,,sackmann_vs_tml,fuzzy_name_date_fallback_low_confidence,0.667,sackmann,sack:9e97a770b378,Melbourne Indoor,1984-10-15,R16,Marcel Freeman,John Frawley,7-5 6-4,tml,tml:629a9c2d68b7,Melbourne-1,1984-10-15,R16,Marcel Freeman,John Frawley,7-5 6-4
22d3c308eae1,,sackmann_vs_tml,fuzzy_name_date_fallback_low_confidence,0.667,sackmann,sack:1b843863f780,Melbourne Indoor,1984-10-15,R16,Chip Hooper,Danny Saltz,7-6 6-3,tml,tml:8b1218a88739,Melbourne-1,1984-10-15,R16,Chip Hooper,Danny Saltz,7-6 6-3
3b8357346607,,sackmann_vs_tml,fuzzy_name_date_fallback_low_confidence,0.667,sackmann,sack:00507a83cb3d,Melbourne Indoor,1984-10-15,R16,Mike Leach,John Alexander,6-3 6-3,tml,tml:f3ed47eb602f,Melbourne-1,1984-10-15,R16,Mike Leach,John Alexander,6-3 6-3
9fbfd11d21e9,,sackmann_vs_tml,fuzzy_name_date_fallback_low_confidence,0.667,sackmann,sack:ad523a10acba,Melbourne Indoor,1984-10-15,R16,Wally Masur,Craig A Miller,4-6 6-3 6-3,tml,tml:93b12ed9f489,Melbourne-1,1984-10-15,R16,Wally Masur,Craig A Miller,4-6 6-3 6-3
420ef68736c4,,sackmann_vs_tml,fuzzy_name_date_fallback_low_confidence,0.667,sackmann,sack:c019806e592c,Melbourne Indoor,1984-10-15,R16,Pat Cash,Kim Warwick,6-4 5-7 6-1,tml,tml:ad7a225520b2,Melbourne-1,1984-10-15,R16,Pat Cash,Kim Warwick,6-4 5-7 6-1
aacef8368e09,,sackmann_vs_tml,fuzzy_name_date_fallback_low_confidence,0.667,sackmann,sack:a6dcfc138c71,Melbourne Indoor,1984-10-15,R32,Eliot Teltscher,Glenn Layendecker,6-2 7-5,tml,tml:b8b19f26248d,Melbourne-1,1984-10-15,R32,Eliot Teltscher,Glenn Layendecker,6-2 7-5
be03f74c4d1d,,sackmann_vs_tml,fuzzy_name_date_fallback_low_confidence,0.667,sackmann,sack:7800e2e91d46,Melbourne Indoor,1984-10-15,R32,Matt Mitchell,Chris Johnstone,6-3 6-1,tml,tml:01cdd9277262,Melbourne-1,1984-10-15,R32,Matt Mitchell,Chris Johnstone,6-3 6-1
3ba9455612ed,,sackmann_vs_tml,fuzzy_name_date_fallback_low_confidence,0.667,sackmann,sack:1086e29327a7,Melbourne Indoor,1984-10-15,R32,Rod Frawley,Steve Shaw,6-4 6-4,tml,tml:5d63685b8575,Melbourne-1,1984-10-15,R32,Rod Frawley,Steve Shaw,6-4 6-4
12397cf4ffb9,,sackmann_vs_tml,fuzzy_name_date_fallback_low_confidence,0.667,sackmann,sack:7214298c1fb2,Melbourne Indoor,1984-10-15,R32,Brad Drewett,Darren Cahill,6-3 6-2,tml,tml:a430347b3ef9,Melbourne-1,1984-10-15,R32,Brad Drewett,Darren Cahill,6-3 6-2
6e5d90d3b89b,,sackmann_vs_tml,fuzzy_name_date_fallback_low_confidence,0.667,sackmann,sack:76cbaf1546a6,Melbourne Indoor,1984-10-15,R32,Mike Bauer,Craig Campbell,5-7 6-7 6-1,tml,tml:b32f135ec1d9,Melbourne-1,1984-10-15,R32,Mike Bauer,Craig Campbell,5-7 6-7 6-1
230b21222fb9,,sackmann_vs_tml,fuzzy_name_date_fallback_low_confidence,0.667,sackmann,sack:01582e986e3c,Melbourne Indoor,1984-10-15,R32,Lloyd Bourne,Jonathan Canter,6-2 7-5,tml,tml:1e70537d7269,Melbourne-1,1984-10-15,R32,Lloyd Bourne,Jonathan Canter,6-2 7-5
472218e07251,,sackmann_vs_tml,fuzzy_name_date_fallback_low_confidence,0.667,sackmann,sack:337dc7049138,Melbourne Indoor,1984-10-15,R32,Marcel Freeman,Steve Guy,7-6 6-4,tml,tml:de9c048843c0,Melbourne-1,1984-10-15,R32,Marcel Freeman,Steve Guy,7-6 6-4
19846e13d976,,sackmann_vs_tml,fuzzy_name_date_fallback_low_confidence,0.667,sackmann,sack:d10c8e9c4e8b,Melbourne Indoor,1984-10-15,R32,John Frawley,Peter Fleming,0-6 6-3 7-6,tml,tml:b4196a937876,Melbourne-1,1984-10-15,R32,John Frawley,Peter Fleming,0-6 6-3 7-6
d9a8c1ca54f0,,sackmann_vs_tml,fuzzy_name_date_fallback_low_confidence,0.667,sackmann,sack:e620ad960e07,Melbourne Indoor,1984-10-15,R32,Chip Hooper,John Mattke,3-6 6-3 7-6,tml,tml:baee510c8543,Melbourne-1,1984-10-15,R32,Chip Hooper,John Mattke,3-6 6-3 7-6
912da957336f,,sackmann_vs_tml,fuzzy_name_date_fallback_low_confidence,0.667,sackmann,sack:e03b3226f7d3,Melbourne Indoor,1984-10-15,R32,Danny Saltz,Simon Youl,7-6 6-4,tml,tml:0717c82cec35,Melbourne-1,1984-10-15,R32,Danny Saltz,Simon Youl,7-6 6-4
c271203825d4,,sackmann_vs_tml,fuzzy_name_date_fallback_low_confidence,0.667,sackmann,sack:f5fe4f1cc4ec,Melbourne Indoor,1984-10-15,R32,John Alexander,David Mustard,6-4 6-7 7-6,tml,tml:7fd676317621,Melbourne-1,1984-10-15,R32,John Alexander,David Mustard,6-4 6-7 7-6
6ee97b917225,,sackmann_vs_tml,fuzzy_name_date_fallback_low_confidence,0.667,sackmann,sack:f3df1bbb7a88,Melbourne Indoor,1984-10-15,R32,Mike Leach,Paul Mcnamee,6-1 6-3,tml,tml:a81c7e15b008,Melbourne-1,1984-10-15,R32,Mike Leach,Paul McNamee,6-1 6-3
6917a0f12e73,,sackmann_vs_tml,fuzzy_name_date_fallback_low_confidence,0.667,sackmann,sack:04635a7e38a6,Melbourne Indoor,1984-10-15,R32,Wally Masur,Roger Knapp,6-2 7-5,tml,tml:401c2cf14052,Melbourne-1,1984-10-15,R32,Wally Masur,Roger Knapp,6-2 7-5
79b80e2ce404,,sackmann_vs_tml,fuzzy_name_date_fallback_low_confidence,0.667,sackmann,sack:2f079e2aec72,Melbourne Indoor,1984-10-15,R32,Craig A Miller,Howard Sands,7-6 6-4,tml,tml:c5769482114e,Melbourne-1,1984-10-15,R32,Craig A Miller,Howard Sands,7-6 6-4
5e50a9d368ba,,sackmann_vs_tml,fuzzy_name_date_fallback_low_confidence,0.667,sackmann,sack:9a63d67a1a45,Melbourne Indoor,1984-10-15,R32,Kim Warwick,Russell Simpson,6-4 3-6 6-1,tml,tml:a9c52bcd05bc,Melbourne-1,1984-10-15,R32,Kim Warwick,Russell Simpson,6-4 3-6 6-1
5815136cbb8f,,sackmann_vs_tml,fuzzy_name_date_fallback_low_confidence,0.667,sackmann,sack:0f471bc256a4,Melbourne Indoor,1984-10-15,R32,Pat Cash,Mike De Palmer,6-3 6-4,tml,tml:a1a9c83a34cc,Melbourne-1,1984-10-15,R32,Pat Cash,Mike De Palmer,6-3 6-4
f896ef2b50c7,,sackmann_vs_tml,fuzzy_name_date_fallback_low_confidence,0.667,sackmann,sack:dbaf159c547e,Melbourne Indoor,1984-10-15,SF,Matt Mitchell,Mike Bauer,7-5 6-2,tml,tml:8aa25eaf6e87,Melbourne-1,1984-10-15,SF,Matt Mitchell,Mike Bauer,7-5 6-2
ceec14df4cd4,,sackmann_vs_tml,fuzzy_name_date_fallback_low_confidence,0.667,sackmann,sack:2712010be706,Melbourne Indoor,1984-10-15,SF,Pat Cash,Chip Hooper,7-6 6-4,tml,tml:90289b89fa2d,Melbourne-1,1984-10-15,SF,Pat Cash,Chip Hooper,7-6 6-4
6bf6ba63261e,,sackmann_vs_tml,fuzzy_name_date_fallback_low_confidence,0.667,sackmann,sack:e2eb70252624,Melbourne Indoor,1985-10-21,F,Marty Davis,Paul Annacone,6-4 6-4,tml,tml:4a4faee0a148,Melbourne-1,1985-10-21,F,Marty Davis,Paul Annacone,6-4 6-4
83edb52256ba,,sackmann_vs_tml,fuzzy_name_date_fallback_low_confidence,0.667,sackmann,sack:e12ea2afc378,Melbourne Indoor,1985-10-21,QF,Paul Annacone,Wally Masur,4-6 6-3 7-6,tml,tml:1d8e623ecc57,Melbourne-1,1985-10-21,QF,Paul Annacone,Wally Masur,4-6 6-3 7-6
c0fe1dae436c,,sackmann_vs_tml,fuzzy_name_date_fallback_low_confidence,0.667,sackmann,sack:27285d7f6d92,Melbourne Indoor,1985-10-21,QF,Christo Van Rensburg,Mark Woodforde,3-6 7-6 6-1,tml,tml:4e8645abb15f,Melbourne-1,1985-10-21,QF,Christo Van Rensburg,Mark Woodforde,3-6 7-6 6-1
a9d264964283,,sackmann_vs_tml,fuzzy_name_date_fallback_low_confidence,0.667,sackmann,sack:eedbd6b18f7a,Melbourne Indoor,1985-10-21,QF,Marty Davis,Broderick Dyke,7-6 6-4,tml,tml:12001a792cb5,Melbourne-1,1985-10-21,QF,Marty Davis,Broderick Dyke,7-6 6-4
74282f2505d9,,sackmann_vs_tml,fuzzy_name_date_fallback_low_confidence,0.667,sackmann,sack:002891c986b0,Melbourne Indoor,1985-10-21,QF,Ben Testerman,Peter Mcnamara,7-6 4-6 7-5,tml,tml:ef1ddcbec9d1,Melbourne-1,1985-10-21,QF,Ben Testerman,Peter McNamara,7-6 4-6 7-5
207d397af619,,sackmann_vs_tml,fuzzy_name_date_fallback_low_confidence,0.667,sackmann,sack:9f308452d7ba,Melbourne Indoor,1985-10-21,R16,Paul Annacone,Tom Cain,6-2 6-4,tml,tml:63c1318edf44,Melbourne-1,1985-10-21,R16,Paul Annacone,Tom Cain,6-2 6-4
8bcf56d6c70d,,sackmann_vs_tml,fuzzy_name_date_fallback_low_confidence,0.667,sackmann,sack:65cd2ab4f076,Melbourne Indoor,1985-10-21,R16,Wally Masur,Marcel Freeman,6-3 6-7 6-3,tml,tml:97f99a325cb4,Melbourne-1,1985-10-21,R16,Wally Masur,Marcel Freeman,6-3 6-7 6-3
e0487e431427,,sackmann_vs_tml,fuzzy_name_date_fallback_low_confidence,0.667,sackmann,sack:a29c5fef84aa,Melbourne Indoor,1985-10-21,R16,Mark Woodforde,Brian Teacher,4-6 7-5 7-6,tml,tml:ad43828efe78,Melbourne-1,1985-10-21,R16,Mark Woodforde,Brian Teacher,4-6 7-5 7-6
db91fee46cd1,,sackmann_vs_tml,fuzzy_name_date_fallback_low_confidence,0.667,sackmann,sack:8eb185ca042e,Melbourne Indoor,1985-10-21,R16,Christo Van Rensburg,Nduka Odizor,5-7 7-5 6-4,tml,tml:cfc7381ee81f,Melbourne-1,1985-10-21,R16,Christo Van Rensburg,Nduka Odizor,5-7 7-5 6-4
daa3404c7c85,,sackmann_vs_tml,fuzzy_name_date_fallback_low_confidence,0.667,sackmann,sack:d685824592b5,Melbourne Indoor,1985-10-21,R16,Marty Davis,Brad Drewett,6-3 6-3,tml,tml:9d771b7f14b7,Melbourne-1,1985-10-21,R16,Marty Davis,Brad Drewett,6-3 6-3
2650982d6e80,,sackmann_vs_tml,fuzzy_name_date_fallback_low_confidence,0.667,sackmann,sack:04197eb2d566,Melbourne Indoor,1985-10-21,R16,Broderick Dyke,Matt Mitchell,6-3 6-3,tml,tml:332ee4ff1624,Melbourne-1,1985-10-21,R16,Broderick Dyke,Matt Mitchell,6-3 6-3
cc32e0d1a167,,sackmann_vs_tml,fuzzy_name_date_fallback_low_confidence,0.667,sackmann,sack:b74abbba4d5e,Melbourne Indoor,1985-10-21,R16,Peter Mcnamara,Craig A Miller,6-3 5-7 6-2,tml,tml:4aa71def3c56,Melbourne-1,1985-10-21,R16,Peter McNamara,Craig A Miller,6-3 5-7 6-2
bab1beed813c,,sackmann_vs_tml,fuzzy_name_date_fallback_low_confidence,0.667,sackmann,sack:d9f13688a100,Melbourne Indoor,1985-10-21,R16,Ben Testerman,Lloyd Bourne,7-6 4-6 7-5,tml,tml:065a8d199fb0,Melbourne-1,1985-10-21,R16,Ben Testerman,Lloyd Bourne,7-6 4-6 7-5
0fa346e47e35,,sackmann_vs_tml,fuzzy_name_date_fallback_low_confidence,0.667,sackmann,sack:486ca032a067,Melbourne Indoor,1985-10-21,R32,Paul Annacone,Stuart Bale,6-3 7-5,tml,tml:d0b0b611e26b,Melbourne-1,1985-10-21,R32,Paul Annacone,Stuart Bale,6-3 7-5
9df7c2daf6ce,,sackmann_vs_tml,fuzzy_name_date_fallback_low_confidence,0.667,sackmann,sack:e2f9b76164c1,Melbourne Indoor,1985-10-21,R32,Tom Cain,Todd Nelson,6-3 7-6,tml,tml:54eaec216b69,Melbourne-1,1985-10-21,R32,Tom Cain,Todd Nelson,6-3 7-6
bd9f347c0708,,sackmann_vs_tml,fuzzy_name_date_fallback_low_confidence,0.667,sackmann,sack:4e9928f89b02,Melbourne Indoor,1985-10-21,R32,Marcel Freeman,Laurie Warder,6-3 4-6 6-4,tml,tml:f35cf275b01c,Melbourne-1,1985-10-21,R32,Marcel Freeman,Laurie Warder,6-3 4-6 6-1
79e2495b341a,,sackmann_vs_tml,fuzzy_name_date_fallback_low_confidence,0.667,sackmann,sack:fd5eb7be92e5,Melbourne Indoor,1985-10-21,R32,Wally Masur,Terry Moor,6-2 6-3,tml,tml:78132cd63a8c,Melbourne-1,1985-10-21,R32,Wally Masur,Terry Moor,6-2 6-3
8c755f02da72,,sackmann_vs_tml,fuzzy_name_date_fallback_low_confidence,0.667,sackmann,sack:8e3faedba1d5,Melbourne Indoor,1985-10-21,R32,Brian Teacher,Francisco Gonzalez,6-2 6-2,tml,tml:5403d8bb91c6,Melbourne-1,1985-10-21,R32,Brian Teacher,Francisco Gonzalez,6-2 6-2
7e1148a4d260,,sackmann_vs_tml,fuzzy_name_date_fallback_low_confidence,0.667,sackmann,sack:85eabcdfa071,Melbourne Indoor,1985-10-21,R32,Mark Woodforde,Darren Cahill,7-5 6-4,tml,tml:3fb0eaac1377,Melbourne-1,1985-10-21,R32,Mark Woodforde,Darren Cahill,7-5 6-4
d8c9a9784f7d,,sackmann_vs_tml,fuzzy_name_date_fallback_low_confidence,0.667,sackmann,sack:4c62e2e7571f,Melbourne Indoor,1985-10-21,R32,Christo Van Rensburg,Simon Youl,6-4 6-1,tml,tml:336d61052a42,Melbourne-1,1985-10-21,R32,Christo Van Rensburg,Simon Youl,6-4 6-1
568c788c835e,,sackmann_vs_tml,fuzzy_name_date_fallback_low_confidence,0.667,sackmann,sack:f1ec73bcdf0f,Melbourne Indoor,1985-10-21,R32,Nduka Odizor,Glenn Layendecker,7-6 7-6,tml,tml:d3bbf8e3c3e9,Melbourne-1,1985-10-21,R32,Nduka Odizor,Glenn Layendecker,7-6 7-6
eb541ac2d230,,sackmann_vs_tml,fuzzy_name_date_fallback_low_confidence,0.667,sackmann,sack:b51b6b1122fb,Melbourne Indoor,1985-10-21,R32,Marty Davis,Mike Bauer,6-4 6-7 6-3,tml,tml:aea58d8bb90e,Melbourne-1,1985-10-21,R32,Marty Davis,Mike Bauer,6-4 6-7 6-3
f59193e38eb4,,sackmann_vs_tml,fuzzy_name_date_fallback_low_confidence,0.667,sackmann,sack:406068191436,Melbourne Indoor,1985-10-21,R32,Brad Drewett,Mark Kratzmann,6-3 6-4,tml,tml:eb668820ddcf,Melbourne-1,1985-10-21,R32,Brad Drewett,Mark Kratzmann,6-3 6-4
db28c35c26ef,,sackmann_vs_tml,fuzzy_name_date_fallback_low_confidence,0.667,sackmann,sack:56f5a31d58d8,Melbourne Indoor,1985-10-21,R32,Broderick Dyke,Thomas Hogstedt,0-6 6-2 6-3,tml,tml:3f6968102794,Melbourne-1,1985-10-21,R32,Broderick Dyke,Thomas Hogstedt,0-6 6-2 6-3
8679de52386e,,sackmann_vs_tml,fuzzy_name_date_fallback_low_confidence,0.667,sackmann,sack:31bcefc036b8,Melbourne Indoor,1985-10-21,R32,Matt Mitchell,Brett Dickinson,6-7 7-6 6-3,tml,tml:f9a1a905fcdd,Melbourne-1,1985-10-21,R32,Matt Mitchell,Brett Dickinson,6-7 7-6 6-3
5dfb751b32e0,,sackmann_vs_tml,fuzzy_name_date_fallback_low_confidence,0.667,sackmann,sack:621b60ae57a1,Melbourne Indoor,1985-10-21,R32,Craig A Miller,Kelly Evernden,6-4 6-4,tml,tml:179f89303590,Melbourne-1,1985-10-21,R32,Craig A Miller,Kelly Evernden,6-4 6-4
d7eb0f85944e,,sackmann_vs_tml,fuzzy_name_date_fallback_low_confidence,0.667,sackmann,sack:5fc11d84e364,Melbourne Indoor,1985-10-21,R32,Peter Mcnamara,Peter Carter,6-2 6-3,tml,tml:0e51f88da2cb,Melbourne-1,1985-10-21,R32,Peter McNamara,Peter Carter,6-2 6-3
8e5b68146016,,sackmann_vs_tml,fuzzy_name_date_fallback_low_confidence,0.667,sackmann,sack:efe2ddce2b0f,Melbourne Indoor,1985-10-21,R32,Lloyd Bourne,David Mustard,7-6 6-1,tml,tml:a337f650be0d,Melbourne-1,1985-10-21,R32,Lloyd Bourne,David Mustard,7-6 6-1
a2ec73ade53c,,sackmann_vs_tml,fuzzy_name_date_fallback_low_confidence,0.667,sackmann,sack:d457328b6540,Melbourne Indoor,1985-10-21,R32,Ben Testerman,Dan Cassidy,6-2 6-4,tml,tml:23cab2fd043a,Melbourne-1,1985-10-21,R32,Ben Testerman,Dan Cassidy,6-2 6-4
120255d4df9b,,sackmann_vs_tml,fuzzy_name_date_fallback_low_confidence,0.667,sackmann,sack:c53554083a26,Melbourne Indoor,1985-10-21,SF,Paul Annacone,Christo Van Rensburg,6-7 6-4 6-3,tml,tml:56985e66c97d,Melbourne-1,1985-10-21,SF,Paul Annacone,Christo Van Rensburg,6-7 6-4 6-3
eea578b9ef59,,sackmann_vs_tml,fuzzy_name_date_fallback_low_confidence,0.667,sackmann,sack:468055316b6f,Melbourne Indoor,1985-10-21,SF,Marty Davis,Ben Testerman,6-4 6-7 6-4,tml,tml:59dfc19f5e99,Melbourne-1,1985-10-21,SF,Marty Davis,Ben Testerman,6-4 6-7 6-4
cc0d2caf24f1,,sackmann_vs_tml,fuzzy_name_low_confidence,0.63,sackmann,sack:e472b7efa30e,Merion,1972-08-27,R64,Vic Seixas,James Smith,6-4 6-7 7-5,tml,tml:c499034e53d7,Haverford,1972-08-21,R64,E. Victor Seixas,Luis Baraldi,6-4 6-7 7-5
3c69698c2471,,sackmann_vs_tml,fuzzy_name_low_confidence,0.667,sackmann,sack:f6f9bbb5f450,Miami WCT,1971-04-04,R16,John Newcombe,Allan Stone,6-4 6-4,tml,tml:332a93ca5991,Miami WCT,1971-03-29,R16,John Newcombe,Marty Riessen,6-4 6-4
473bca26287b,,sackmann_vs_tml,fuzzy_name_low_confidence,0.674,sackmann,sack:3cf4ec143f37,Monte Carlo,1970-04-13,R64,Karl Meiler,U Unknown,UNK,tml,tml:ef2b52a29736,Monte-Carlo,1970-04-13,R64,Karl Meiler,Earl Butch Buchholz,W/O
576eb701c51c,,sackmann_vs_tml,fuzzy_name_low_confidence,0.735,sackmann,sack:a06103e8f8a1,Munich,1980-05-20,R32,Chris Lewis,Robert Baumgartner,6-2 6-4,tml,tml:3340c3d06de2,Munich,1980-05-20,R32,Chris Lewis,Hans-Dieter Beutel,6-2 6-4
8fcb030c38a8,,sackmann_vs_tml,fuzzy_name_low_confidence,0.548,sackmann,sack:1a34cfdd38b0,New York,1972-02-28,R32,Dick Stockton,Tom Gorman,7-6 5-7 7-6,tml,tml:eb6a77876004,New York-1,1972-02-21,R32,Dick Stockton,Eddie Dibbs,7-5 6-1
b6e57868fc8f,,sackmann_vs_tml,fuzzy_name_low_confidence,0.548,sackmann,sack:d784df22a329,New York,1972-02-28,R64,Dick Stockton,Eddie Dibbs,7-5 6-1,tml,tml:c6647e85bd8d,New York-1,1972-02-21,R64,Dick Stockton,Tom Gorman,7-6 5-7 7-6
4e1464224a91,,sackmann_vs_tml,fuzzy_name_low_confidence,0.65,sackmann,sack:0d66c64c29b7,Palm Harbor,1980-03-31,R16,Byron Bertram,John James,6-2 5-7 7-6,tml,tml:5f7dc225a71a,Indianapolis,1980-08-04,R16,Jose Higueras,John Hayes,7-5 3-6 6-1
ecfae9330f63,,sackmann_vs_tml,fuzzy_name_low_confidence,0.473,sackmann,sack:1b443a8d4418,Palm Harbor,1980-03-31,R16,Mike Cahill,Tom Gullikson,6-3 6-4,tml,tml:1b9b073dd59e,Indianapolis,1980-08-04,R16,Mel Purcell,Harold Solomon,4-6 6-0 6-2
014d9044a10e,,sackmann_vs_tml,fuzzy_name_low_confidence,0.464,sackmann,sack:e4d842569590,Palm Harbor,1980-03-31,R16,Bernard Mitton,Jimmy Arias,6-4 6-1,tml,tml:c0d76fb2ff7f,Indianapolis,1980-08-04,R16,Mario Martinez,Jose Luis Damiani,6-2 6-2
1eabe1e0e5b7,,sackmann_vs_tml,fuzzy_name_low_confidence,0.7,sackmann,sack:9d8c313c09c7,Palm Harbor,1980-03-31,R32,Paul Mcnamee,Paul Kronk,6-4 6-1,tml,tml:a0401871bdc8,Indianapolis,1980-08-04,R32,Mario Martinez,Paul Kronk,6-3 6-0
9549b2e8d1aa,,sackmann_vs_tml,fuzzy_name_low_confidence,0.571,sackmann,sack:20cdb9c12077,Palm Harbor,1980-03-31,R32,Alvaro Fillol,David Carter,7-5 5-7 7-5,tml,tml:1e6f15853e50,Indianapolis,1980-08-04,R32,Jose Higueras,David Carter,2-6 6-2 6-0
a76017ee3f15,,sackmann_vs_tml,fuzzy_name_low_confidence,0.568,sackmann,sack:793b3453252f,Palm Harbor,1980-03-31,R32,John James,Francisco Gonzalez,7-6 6-4,tml,tml:bf41123e30ee,Indianapolis,1980-08-04,R32,John Hayes,Roberto Vizcaino,7-6 6-2
27991833ab66,,sackmann_vs_tml,fuzzy_name_low_confidence,0.53,sackmann,sack:229d1e5c6fee,Palm Harbor,1980-03-31,R32,Steve Krulevitz,Greg Halder,4-6 7-6 6-4,tml,tml:ba4c1f3fc475,Indianapolis,1980-08-04,R32,Zeljko Franulovic,Phil Dent,3-6 6-4 6-0
76476f91c1ae,,sackmann_vs_tml,fuzzy_name_low_confidence,0.503,sackmann,sack:4ce31f2a227f,Palm Harbor,1980-03-31,R32,Jimmy Arias,Warren Maher,7-6 6-1,tml,tml:26fb8c9d977a,Indianapolis,1980-08-04,R32,Kim Warwick,Fernando Maynetto,7-6 3-6 7-5
6e2f6e20d491,,sackmann_vs_tml,fuzzy_name_low_confidence,0.495,sackmann,sack:f8cc95543787,Palm Harbor,1980-03-31,R32,Mike Cahill,Steve Rogul,6-2 6-2,tml,tml:e282c256b49c,Indianapolis,1980-08-04,R32,Mel Purcell,Henry Pfister,6-4 6-0
abf10d88d0e3,,sackmann_vs_tml,fuzzy_name_low_confidence,0.486,sackmann,sack:879d42998d22,Palm Harbor,1980-03-31,R32,Howard Schoenfield,M Harner,6-3 6-2,tml,tml:8de58a385614,Indianapolis,1980-08-04,R32,Eliot Teltscher,Billy Martin,6-2 6-3
b1c26ee79854,,sackmann_vs_tml,fuzzy_name_date_fallback_low_confidence,0.5,sackmann,sack:f779411c6543,Palm Harbor,1980-03-31,F,Paul Mcnamee,Stan Smith,6-4 6-3,tml,tml:eeebd0ee01f1,Tampa,1980-03-31,F,Paul McNamee,Stan Smith,6-4 6-3
361c3d4a68ea,,sackmann_vs_tml,fuzzy_name_date_fallback_low_confidence,0.5,sackmann,sack:1aa63d566f4a,Palm Harbor,1980-03-31,QF,Paul Mcnamee,Steve Krulevitz,7-5 6-3,tml,tml:1de74c9f758c,Tampa,1980-03-31,QF,Paul McNamee,Steve Krulevitz,7-5 6-3
677d04d2aa08,,sackmann_vs_tml,fuzzy_name_date_fallback_low_confidence,0.5,sackmann,sack:e0a03a0851fe,Palm Harbor,1980-03-31,QF,Bernard Mitton,George Hardie,6-2 6-4,tml,tml:4da74d40fe02,Tampa,1980-03-31,QF,Bernard Mitton,George Hardie,6-2 6-4
fec77603ee19,,sackmann_vs_tml,fuzzy_name_date_fallback_low_confidence,0.5,sackmann,sack:e2b66ae585ad,Palm Harbor,1980-03-31,QF,Mike Cahill,Steve Docherty,6-2 6-2,tml,tml:a3599c22c0bc,Tampa,1980-03-31,QF,Mike Cahill,Steve Docherty,6-2 6-2
e83170a446b0,,sackmann_vs_tml,fuzzy_name_date_fallback_low_confidence,0.5,sackmann,sack:9cbf5417beef,Palm Harbor,1980-03-31,QF,Stan Smith,Byron Bertram,6-2 6-2,tml,tml:f28f3a4bddd6,Tampa,1980-03-31,QF,Stan Smith,Byron Bertram,6-2 6-2
45d7d4b8b242,,sackmann_vs_tml,fuzzy_name_date_fallback_low_confidence,0.5,sackmann,sack:e9d738366ec2,Palm Harbor,1980-03-31,R16,Steve Krulevitz,Russell Simpson,6-2 7-6,tml,tml:eeec469a7e74,Tampa,1980-03-31,R16,Steve Krulevitz,Russell Simpson,6-2 7-6
58685ddf6d4c,,sackmann_vs_tml,fuzzy_name_date_fallback_low_confidence,0.5,sackmann,sack:7363c7b3a56d,Palm Harbor,1980-03-31,R16,Paul Mcnamee,Van Winitsky,6-3 6-4,tml,tml:76ef96182811,Tampa,1980-03-31,R16,Paul McNamee,Van Winitsky,6-3 6-4
fbd624155ecd,,sackmann_vs_tml,fuzzy_name_date_fallback_low_confidence,0.5,sackmann,sack:42f9e0f11abe,Palm Harbor,1980-03-31,R16,George Hardie,Alvaro Fillol,2-6 6-3 2-3 RET,tml,tml:462a803fd701,Tampa,1980-03-31,R16,George Hardie,Alvaro Fillol,2-6 6-3 2-3 RET
137535868e3c,,sackmann_vs_tml,fuzzy_name_date_fallback_low_confidence,0.5,sackmann,sack:e89f5f27ce08,Palm Harbor,1980-03-31,R16,Steve Docherty,Matt Mitchell,6-4 6-4,tml,tml:64740223cbe7,Tampa,1980-03-31,R16,Steve Docherty,Matt Mitchell,6-4 6-4
3375b1e59820,,sackmann_vs_tml,fuzzy_name_date_fallback_low_confidence,0.5,sackmann,sack:e827a7661237,Palm Harbor,1980-03-31,R16,Stan Smith,Howard Schoenfield,6-1 7-5,tml,tml:5c0e5433aed0,Tampa,1980-03-31,R16,Stan Smith,Howard Schoenfield,6-1 7-5
04f46b7b7530,,sackmann_vs_tml,fuzzy_name_date_fallback_low_confidence,0.5,sackmann,sack:257214337438,Palm Harbor,1980-03-31,R32,Russell Simpson,Harold Solomon,6-4 6-1,tml,tml:2f7a3a44bd01,Tampa,1980-03-31,R32,Russell Simpson,Harold Solomon,6-4 6-1
35917fe1e307,,sackmann_vs_tml,fuzzy_name_date_fallback_low_confidence,0.5,sackmann,sack:1fe8f631f518,Palm Harbor,1980-03-31,R32,Van Winitsky,John Whitlinger,6-4 6-3,tml,tml:d98661cbc4a3,Tampa,1980-03-31,R32,Van Winitsky,John Whitlinger,6-4 6-3
e1488ca22d2c,,sackmann_vs_tml,fuzzy_name_date_fallback_low_confidence,0.5,sackmann,sack:ff93d708540e,Palm Harbor,1980-03-31,R32,Bernard Mitton,Jim Hodges,6-3 6-2,tml,tml:0e6c1fc77f24,Tampa,1980-03-31,R32,Bernard Mitton,Jim Hodges,6-3 6-2
5c2262d6bb25,,sackmann_vs_tml,fuzzy_name_date_fallback_low_confidence,0.5,sackmann,sack:be1048a0b7f1,Palm Harbor,1980-03-31,R32,George Hardie,Larry Davidson,6-3 6-2,tml,tml:4b4e37abb602,Tampa,1980-03-31,R32,George Hardie,Larry Davidson,6-3 6-2
a37493887478,,sackmann_vs_tml,fuzzy_name_date_fallback_low_confidence,0.5,sackmann,sack:0450bf9ff5f2,Palm Harbor,1980-03-31,R32,Tom Gullikson,Nick Saviano,6-4 7-5,tml,tml:20838581b8de,Tampa,1980-03-31,R32,Tom Gullikson,Nick Saviano,6-4 7-5
6939649f3c46,,sackmann_vs_tml,fuzzy_name_date_fallback_low_confidence,0.5,sackmann,sack:ecf6809c723b,Palm Harbor,1980-03-31,R32,Steve Docherty,Roger Mckee,6-3 6-2,tml,tml:551ee2088962,Tampa,1980-03-31,R32,Steve Docherty,Roger McKee,6-3 6-2
dd740871deb9,,sackmann_vs_tml,fuzzy_name_date_fallback_low_confidence,0.5,sackmann,sack:5e292afbf877,Palm Harbor,1980-03-31,R32,Matt Mitchell,Joe Globisch,6-3 6-2,tml,tml:33558a1e904b,Tampa,1980-03-31,R32,Matt Mitchell,Joe Globisch,6-3 6-2
410b04c0c82c,,sackmann_vs_tml,fuzzy_name_date_fallback_low_confidence,0.5,sackmann,sack:346613dad85b,Palm Harbor,1980-03-31,R32,Byron Bertram,Jaime Fillol,6-4 7-6,tml,tml:74147590e5de,Tampa,1980-03-31,R32,Byron Bertram,Jaime Fillol Sr.,6-4 7-6
494378baf2eb,,sackmann_vs_tml,fuzzy_name_date_fallback_low_confidence,0.5,sackmann,sack:2f649fb9da69,Palm Harbor,1980-03-31,R32,Stan Smith,John Austin,7-6 6-4,tml,tml:2ab962fea2b7,Tampa,1980-03-31,R32,Stan Smith,John Austin,7-6 6-4
85db4ea4e06c,,sackmann_vs_tml,fuzzy_name_date_fallback_low_confidence,0.5,sackmann,sack:d95ec9ceb274,Palm Harbor,1980-03-31,SF,Paul Mcnamee,Bernard Mitton,7-5 7-6,tml,tml:6213a1479e45,Tampa,1980-03-31,SF,Paul McNamee,Bernard Mitton,7-5 7-6
e6e7d1cd2a39,,sackmann_vs_tml,fuzzy_name_date_fallback_low_confidence,0.5,sackmann,sack:c190ad9a66b9,Palm Harbor,1980-03-31,SF,Stan Smith,Mike Cahill,6-3 6-1,tml,tml:852fcc9230d5,Tampa,1980-03-31,SF,Stan Smith,Mike Cahill,6-3 6-1
b765629aa880,,sackmann_vs_tml,fuzzy_name_date_fallback_low_confidence,0.712,sackmann,sack:4a5581b2d145,Paris Indoor,1970-11-09,QF,Marty Riessen,Richard Gonzalez,7-6 6-0,tml,tml:ebfc7fa78890,Paris,1970-11-09,QF,Marty Riessen,Richard Pancho Gonzales,7-6 6-0
01adc61781d9,,sackmann_vs_tml,fuzzy_name_date_fallback_low_confidence,0.712,sackmann,sack:6bd7fd59abc6,Paris Indoor,1970-11-09,R16,Richard Gonzalez,Zeljko Franulovic,6-1 6-3,tml,tml:f7ebdb5b8df0,Paris,1970-11-09,R16,Richard Pancho Gonzales,Zeljko Franulovic,6-1 6-3
2869a9fce585,,sackmann_vs_tml,fuzzy_name_date_fallback_low_confidence,0.712,sackmann,sack:4936f9236eaa,Paris Indoor,1970-11-09,R32,Richard Gonzalez,Michele Leclercq,6-4 3-6 6-3,tml,tml:a61d10b2bff3,Paris,1970-11-09,R32,Richard Pancho Gonzales,Michel Leclercq,6-4 3-6 6-3
4c1a44014f59,,sackmann_vs_tml,fuzzy_name_date_fallback_low_confidence,0.667,sackmann,sack:fdb61cf77847,Paris Indoor,1977-10-31,F,Corrado Barazzutti,Brian Gottfried,7-6 7-6 6-7 3-6 6-4,tml,tml:62f580290dbf,Paris-2,1977-10-31,F,Corrado Barazzutti,Brian Gottfried,7-6 7-6 6-7 3-6 6-4
4b55cf5a4d83,,sackmann_vs_tml,fuzzy_name_date_fallback_low_confidence,0.667,sackmann,sack:9b22193b888b,Paris Indoor,1977-10-31,QF,Brian Gottfried,Bob Lutz,6-4 7-5,tml,tml:e18efea4c926,Paris-2,1977-10-31,QF,Brian Gottfried,Robert Lutz,6-4 7-5
450588661649,,sackmann_vs_tml,fuzzy_name_date_fallback_low_confidence,0.667,sackmann,sack:344890409157,Paris Indoor,1977-10-31,QF,Mark Cox,Pierre Barthes,7-5 6-2,tml,tml:1086d659c175,Paris-2,1977-10-31,QF,Mark Cox,Pierre Barthes,7-5 6-2
3619086aa3bf,,sackmann_vs_tml,fuzzy_name_date_fallback_low_confidence,0.667,sackmann,sack:0f005c13af70,Paris Indoor,1977-10-31,QF,Corrado Barazzutti,Christopher Sylvan,6-2 6-3,tml,tml:4a5de185c864,Paris-2,1977-10-31,QF,Corrado Barazzutti,Christopher Sylvan,6-2 6-3
4db6496ef460,,sackmann_vs_tml,fuzzy_name_date_fallback_low_confidence,0.667,sackmann,sack:130e68cb8945,Paris Indoor,1977-10-31,QF,Jeff Borowiak,Byron Bertram,6-4 6-4,tml,tml:ef42d945f250,Paris-2,1977-10-31,QF,Jeff Borowiak,Byron Bertram,6-4 6-4
d87b03f80eae,,sackmann_vs_tml,fuzzy_name_date_fallback_low_confidence,0.667,sackmann,sack:11940d0daa64,Paris Indoor,1977-10-31,R16,Brian Gottfried,Brian Teacher,6-3 6-2,tml,tml:e0c9fa64b062,Paris-2,1977-10-31,R16,Brian Gottfried,Brian Teacher,6-3 6-2
c080f0064c57,,sackmann_vs_tml,fuzzy_name_date_fallback_low_confidence,0.667,sackmann,sack:cee4c1444155,Paris Indoor,1977-10-31,R16,Bob Lutz,Mike Machette,6-4 6-2,tml,tml:fab4da482899,Paris-2,1977-10-31,R16,Robert Lutz,Mike Machette,6-4 6-2
055bed5491d8,,sackmann_vs_tml,fuzzy_name_date_fallback_low_confidence,0.667,sackmann,sack:76f0296d4949,Paris Indoor,1977-10-31,R16,Mark Cox,Roger Taylor,6-3 6-4,tml,tml:11ea30fc8fce,Paris-2,1977-10-31,R16,Mark Cox,Roger Taylor,6-3 6-4
8e45e6c02d59,,sackmann_vs_tml,fuzzy_name_date_fallback_low_confidence,0.667,sackmann,sack:a5cdd2ca29f4,Paris Indoor,1977-10-31,R16,Pierre Barthes,Patrick Proisy,7-5 6-3,tml,tml:ce283cc3a3cb,Paris-2,1977-10-31,R16,Pierre Barthes,Patrick Proisy,7-5 6-3
627cd5e98a62,,sackmann_vs_tml,fuzzy_name_date_fallback_low_confidence,0.667,sackmann,sack:387acc97fde5,Paris Indoor,1977-10-31,R16,Christopher Sylvan,Ove Bengtson,6-4 6-0,tml,tml:60bfa89f9ee7,Paris-2,1977-10-31,R16,Christopher Sylvan,Ove Nils Bengtson,6-4 6-0
1639cab364fc,,sackmann_vs_tml,fuzzy_name_date_fallback_low_confidence,0.667,sackmann,sack:bf1d0c0ce518,Paris Indoor,1977-10-31,R16,Corrado Barazzutti,John Lloyd,3-6 6-4 6-0,tml,tml:6147169c2594,Paris-2,1977-10-31,R16,Corrado Barazzutti,John Lloyd,3-6 6-4 6-0
8e70fd4605eb,,sackmann_vs_tml,fuzzy_name_date_fallback_low_confidence,0.667,sackmann,sack:e90bb7558b02,Paris Indoor,1977-10-31,R16,Jeff Borowiak,Rick Fisher,6-2 6-3,tml,tml:beb9f530e8ef,Paris-2,1977-10-31,R16,Jeff Borowiak,Rick Fisher,6-2 6-3
3919bfc13691,,sackmann_vs_tml,fuzzy_name_date_fallback_low_confidence,0.667,sackmann,sack:4831aefe9ae1,Paris Indoor,1977-10-31,R16,Byron Bertram,Lars Elvstrom,6-1 6-4,tml,tml:38ff2f483fa8,Paris-2,1977-10-31,R16,Byron Bertram,Lars Elvstrom,6-1 6-4
45a4c4cdeb35,,sackmann_vs_tml,fuzzy_name_date_fallback_low_confidence,0.667,sackmann,sack:39fa0add00ce,Paris Indoor,1977-10-31,R32,Brian Gottfried,Peter Szoke,6-1 6-7 6-2,tml,tml:ef0fa49f3df5,Paris-2,1977-10-31,R32,Brian Gottfried,Peter Szoke,6-1 6-7 6-2
700ecae28cbb,,sackmann_vs_tml,fuzzy_name_date_fallback_low_confidence,0.667,sackmann,sack:3738a64eda3e,Paris Indoor,1977-10-31,R32,Brian Teacher,Tom Leonard,7-5 7-5,tml,tml:aed0b2854a36,Paris-2,1977-10-31,R32,Brian Teacher,Tom Leonard,7-5 7-5
bcaeed2ce58f,,sackmann_vs_tml,fuzzy_name_date_fallback_low_confidence,0.667,sackmann,sack:0bf6c45dbfef,Paris Indoor,1977-10-31,R32,Mike Machette,Pascal Portes,4-6 6-3 6-4,tml,tml:8ebe42b07632,Paris-2,1977-10-31,R32,Mike Machette,Pascal Portes,4-6 6-3 6-4
06639cd99635,,sackmann_vs_tml,fuzzy_name_date_fallback_low_confidence,0.667,sackmann,sack:9e3f37c7340c,Paris Indoor,1977-10-31,R32,Bob Lutz,Bernard Mitton,6-3 6-4,tml,tml:11af88b3bc45,Paris-2,1977-10-31,R32,Robert Lutz,Bernard Mitton,6-3 6-4
82f6a90df68c,,sackmann_vs_tml,fuzzy_name_date_fallback_low_confidence,0.667,sackmann,sack:192709b64fb0,Paris Indoor,1977-10-31,R32,Mark Cox,Georges Goven,6-1 6-3,tml,tml:fbac02c8a46d,Paris-2,1977-10-31,R32,Mark Cox,Georges Goven,6-1 6-3
15392ab13796,,sackmann_vs_tml,fuzzy_name_date_fallback_low_confidence,0.667,sackmann,sack:c89de57fa0f7,Paris Indoor,1977-10-31,R32,Roger Taylor,Jean Louis Haillet,7-6 2-6 8-6,tml,tml:3bec384023ea,Paris-2,1977-10-31,R32,Roger Taylor,Jean-Louis Haillet,7-6 2-6 8-6
66638ef30306,,sackmann_vs_tml,fuzzy_name_date_fallback_low_confidence,0.667,sackmann,sack:b902e209fb8b,Paris Indoor,1977-10-31,R32,Pierre Barthes,Eric Friedler,6-2 2-6 6-4,tml,tml:6ba7a81fcea0,Paris-2,1977-10-31,R32,Pierre Barthes,Eric Friedler,6-2 2-6 6-4
8e5e5808cfed,,sackmann_vs_tml,fuzzy_name_date_fallback_low_confidence,0.667,sackmann,sack:33c4f811f8f9,Paris Indoor,1977-10-31,R32,Patrick Proisy,Paolo Bertolucci,6-1 3-6 6-3,tml,tml:c09de74f9e3f,Paris-2,1977-10-31,R32,Patrick Proisy,Paolo Bertolucci,6-1 3-6 6-3
095d6e46fcbd,,sackmann_vs_tml,fuzzy_name_date_fallback_low_confidence,0.667,sackmann,sack:c0c6dd1bf90c,Paris Indoor,1977-10-31,R32,Christopher Sylvan,Barry Phillips Moore,6-3 6-4,tml,tml:f8d308d722e3,Paris-2,1977-10-31,R32,Christopher Sylvan,Barry Phillips-Moore,6-3 6-4
8e92012dcc7e,,sackmann_vs_tml,fuzzy_name_date_fallback_low_confidence,0.667,sackmann,sack:0bf815abafc0,Paris Indoor,1977-10-31,R32,Ove Bengtson,Jan Norback,6-1 6-4,tml,tml:3be1d4db4efe,Paris-2,1977-10-31,R32,Ove Nils Bengtson,Jan Norback,6-1 6-4
aa7e3683e9f2,,sackmann_vs_tml,fuzzy_name_date_fallback_low_confidence,0.667,sackmann,sack:5939ee9364ca,Paris Indoor,1977-10-31,R32,John Lloyd,Raymond Moore,2-6 7-6 6-3,tml,tml:1f8a29fc0118,Paris-2,1977-10-31,R32,John Lloyd,Raymond Moore,2-6 7-6 6-3
6ff7ce5d6e13,,sackmann_vs_tml,fuzzy_name_date_fallback_low_confidence,0.667,sackmann,sack:8957302b1024,Paris Indoor,1977-10-31,R32,Corrado Barazzutti,Christophe Roger Vasselin,6-1 6-2,tml,tml:e880d1f88995,Paris-2,1977-10-31,R32,Corrado Barazzutti,Christophe Roger-Vasselin,6-1 6-2
4e3d56febaf9,,sackmann_vs_tml,fuzzy_name_date_fallback_low_confidence,0.667,sackmann,sack:6db3f2429d03,Paris Indoor,1977-10-31,R32,Jeff Borowiak,Douglas Palm,1-6 6-3 6-2,tml,tml:ea7f96302652,Paris-2,1977-10-31,R32,Jeff Borowiak,Douglas Palm,1-6 6-3 6-2
36c824b4c0b1,,sackmann_vs_tml,fuzzy_name_date_fallback_low_confidence,0.667,sackmann,sack:3367cd3cc319,Paris Indoor,1977-10-31,R32,Rick Fisher,Eric Deblicker,6-4 6-3,tml,tml:e11969e9da41,Paris-2,1977-10-31,R32,Rick Fisher,Eric Deblicker,6-4 6-3
d48726f6c4ab,,sackmann_vs_tml,fuzzy_name_date_fallback_low_confidence,0.667,sackmann,sack:86a36ef1f776,Paris Indoor,1977-10-31,R32,Lars Elvstrom,Gerard Toulon,6-2 6-3,tml,tml:2fe9f3b82dc9,Paris-2,1977-10-31,R32,Lars Elvstrom,Gerard Toulon,6-2 6-3
728d155295c2,,sackmann_vs_tml,fuzzy_name_date_fallback_low_confidence,0.667,sackmann,sack:b74a8f98d93c,Paris Indoor,1977-10-31,R32,Byron Bertram,Raul Ramirez,7-6 6-2,tml,tml:7a7c1b89bcda,Paris-2,1977-10-31,R32,Byron Bertram,Raul Ramirez,7-6 6-2
8b355e1c6710,,sackmann_vs_tml,fuzzy_name_date_fallback_low_confidence,0.667,sackmann,sack:9ed5d96512f2,Paris Indoor,1977-10-31,SF,Brian Gottfried,Mark Cox,6-4 7-6 6-1,tml,tml:9eaf04086ae1,Paris-2,1977-10-31,SF,Brian Gottfried,Mark Cox,6-4 7-6 6-1
f249e643ae63,,sackmann_vs_tml,fuzzy_name_date_fallback_low_confidence,0.667,sackmann,sack:e35a29662229,Paris Indoor,1977-10-31,SF,Corrado Barazzutti,Jeff Borowiak,6-4 7-6 6-1,tml,tml:a700db6774cb,Paris-2,1977-10-31,SF,Corrado Barazzutti,Jeff Borowiak,6-4 7-6 6-1
177d4332ace2,,sackmann_vs_tml,fuzzy_name_low_confidence,0.69,sackmann,sack:8ab970678b21,Philadelphia WCT,1968-02-08,R16,Thomaz Koch,Manuel Orantes,W/O,tml,tml:e0e6cbb9fa20,Philadelphia,1968-02-08,R16,Thomaz Koch,John Alexander,10-8 5-7 6-0
515a9e635ab5,,sackmann_vs_tml,fuzzy_name_low_confidence,0.667,sackmann,sack:903bd3f7cffe,Philadelphia WCT,1968-02-08,R16,Cliff Richey,U Unknown,7-9 7-5 6-4,tml,tml:2895974e3485,Philadelphia,1968-02-08,R16,Cliff Richey,Rafael Osuna,7-9 7-5 6-4
0f26dc02af66,,sackmann_vs_tml,fuzzy_name_low_confidence,0.464,sackmann,sack:3619391297c3,Pinehurst,1994-05-02,QF,Todd Martin,Fabrice Santoro,6-3 6-2,tml,tml:d4fcfbf810e1,Birmingham,1994-04-11,QF,Gabriel Markus,Daniel Orsanic,6-3 6-0
2822488587ff,,sackmann_vs_tml,fuzzy_name_low_confidence,0.625,sackmann,sack:08f4651111e2,Pinehurst,1994-05-02,R16,Jared Palmer,Malivai Washington,6-2 6-1,tml,tml:c1a9f97c96a1,Birmingham,1994-04-11,R16,Jared Palmer,Roberto Jabali,6-2 6-0
bafed38284eb,,sackmann_vs_tml,fuzzy_name_low_confidence,0.605,sackmann,sack:6cee986cf6a0,Pinehurst,1994-05-02,R16,Franco Davin,Richey Reneberg,4-6 6-1 6-4,tml,tml:7bb0e4f45af6,Birmingham,1994-04-11,R16,Gabriel Markus,Richey Reneberg,4-6 6-1 7-5
28ea325fcf21,,sackmann_vs_tml,fuzzy_name_low_confidence,0.587,sackmann,sack:74d5e174b140,Pinehurst,1994-05-02,R16,Vincent Spadea,Bryan Shelton,7-6(6) 6-4,tml,tml:8ae827a836e8,Birmingham,1994-04-11,R16,Marcelo Filippini,Bryan Shelton,6-4 6-7(2) 7-5
2a8f673b4f2f,,sackmann_vs_tml,fuzzy_name_low_confidence,0.55,sackmann,sack:be2a22ba9e8e,Pinehurst,1994-05-02,R16,Francisco Clavet,Jakob Hlasek,6-2 6-2,tml,tml:786e5c57bb4f,Birmingham,1994-04-11,R16,Jose Francisco Altur,Grant Stafford,6-3 1-6 6-2
55e4bfe9f8b5,,sackmann_vs_tml,fuzzy_name_low_confidence,0.474,sackmann,sack:e82ab3bac4f3,Pinehurst,1994-05-02,R16,Todd Martin,Christian Bergstrom,6-1 6-1,tml,tml:11825a78339f,Birmingham,1994-04-11,R16,Daniel Orsanic,Christo Van Rensburg,6-4 6-2
018f166bfdc2,,sackmann_vs_tml,fuzzy_name_low_confidence,0.461,sackmann,sack:7a03b22666c8,Pinehurst,1994-05-02,R16,Mats Wilander,Marcelo Filippini,6-1 1-6 6-3,tml,tml:d8ea6a1123ab,Birmingham,1994-04-11,R16,Jason Stoltenberg,Alberto Mancini,4-6 6-4 7-5
d151cb6a5f25,,sackmann_vs_tml,fuzzy_name_low_confidence,0.685,sackmann,sack:fc21494c7a93,Pinehurst,1994-05-02,R32,Bryan Shelton,Mikael Pernfors,6-1 6-2,tml,tml:aa2412655848,Birmingham,1994-04-11,R32,Bryan Shelton,Robbie Weiss,6-3 6-4
6ed7ddac47ed,,sackmann_vs_tml,fuzzy_name_low_confidence,0.667,sackmann,sack:1e64dc4ecd55,Pinehurst,1994-05-02,R32,Mats Wilander,Steve Bryan,6-3 6-3,tml,tml:a7389b577960,Birmingham,1994-04-11,R32,Mats Wilander,Brent Larkham,6-4 6-3
03f626027ba9,,sackmann_vs_tml,fuzzy_name_low_confidence,0.667,sackmann,sack:fc861ce35d02,Pinehurst,1994-05-02,R32,Malivai Washington,Doug Flach,6-3 6-3,tml,tml:a8135ce5820e,Birmingham,1994-04-11,R32,Christo Van Rensburg,Doug Flach,1-6 7-6(10) 7-6(5)
9ede4d4ec4fb,,sackmann_vs_tml,fuzzy_name_low_confidence,0.635,sackmann,sack:cdb89334bcc1,Pinehurst,1994-05-02,R32,Francisco Clavet,Gaston Etlis,6-3 6-4,tml,tml:0ce734b7f7c0,Birmingham,1994-04-11,R32,Jose Francisco Altur,Nicolas Pereira,6-4 6-4
f4b1aee289e2,,sackmann_vs_tml,fuzzy_name_low_confidence,0.618,sackmann,sack:927e60b1ce9b,Pinehurst,1994-05-02,R32,Franco Davin,Todd Woodbridge,6-4 6-1,tml,tml:2f305b2c46ae,Birmingham,1994-04-11,R32,Jared Palmer,Todd Woodbridge,6-4 6-4
51cbc2b9a600,,sackmann_vs_tml,fuzzy_name_low_confidence,0.597,sackmann,sack:7e6bd70bb94d,Pinehurst,1994-05-02,R32,Marcelo Filippini,Jason Stoltenberg,6-2 6-4,tml,tml:8157ea4be148,Birmingham,1994-04-11,R32,Marcelo Filippini,Mauricio Hadad,6-0 6-4
2d5b074a2a55,,sackmann_vs_tml,fuzzy_name_low_confidence,0.58,sackmann,sack:c71cecb79176,Pinehurst,1994-05-02,R32,Jamie Morgan,Alberto Mancini,7-6(8) 6-4,tml,tml:5190da9e7bfe,Birmingham,1994-04-11,R32,Steve Bryan,Jaime Oncins,6-3 1-6 6-3
ea74cd22cb7d,,sackmann_vs_tml,fuzzy_name_low_confidence,0.481,sackmann,sack:3fa720a42096,Pinehurst,1994-05-02,R32,Christian Bergstrom,Juan Garat,6-1 1-6 7-6(3),tml,tml:8449a14a546b,Birmingham,1994-04-11,R32,Alberto Mancini,Martin Stringari,6-3 6-3
29ba96afcc43,,sackmann_vs_tml,fuzzy_name_low_confidence,0.477,sackmann,sack:221bfa72ce93,Pinehurst,1994-05-02,R32,Fabrice Santoro,Stephane Simian,7-6(3) 6-3,tml,tml:fb40c271e47c,Birmingham,1994-04-11,R32,Gabriel Markus,Jimmy Arias,7-6(4) 6-2
c09bc25694d7,,sackmann_vs_tml,fuzzy_name_low_confidence,0.462,sackmann,sack:d806b30d4a44,Pinehurst,1994-05-02,R32,Todd Martin,Brian Dunn,7-6(8) 6-2,tml,tml:df032fb62edb,Birmingham,1994-04-11,R32,Jacco Eltingh,Hendrik Dreekmann,7-6(8) 6-7(5) 6-3
a7bd4698beeb,,sackmann_vs_tml,fuzzy_name_low_confidence,0.464,sackmann,sack:d6ce6ee819d1,Pinehurst,1994-05-02,SF,Todd Martin,Mats Wilander,6-3 2-6 6-4,tml,tml:e7840d4b11ec,Birmingham,1994-04-11,SF,Gabriel Markus,Jared Palmer,6-4 6-4
1bf4caa20d63,,sackmann_vs_tml,fuzzy_name_low_confidence,0.658,sackmann,sack:2df5b04ef2fa,Queen's Club,1981-06-08,R64,Scott Mccain,Raul Ramirez,6-4 6-4,tml,tml:bce1f5fcdb5c,Queen's Club,1981-06-08,R64,Scott McCain,Craig Wittus,6-4 6-4
04cc4518fd37,,sackmann_vs_tml,fuzzy_name_low_confidence,0.711,sackmann,sack:2b44b0a3e9b9,Roland Garros,1971-05-21,R128,Brian Fairlie,Jan Kukal,10-8 6-0 6-3,tml,tml:f31f5c2fdc6b,Roland Garros,1971-05-24,R128,Brian Fairlie,John Paish,10-8 6-0 6-3
4d637ec2a9fc,,sackmann_vs_tml,fuzzy_name_low_confidence,0.682,sackmann,sack:3ada4c2c631a,Roland Garros,1971-05-21,R128,Peter Pokorny,Bob Giltinan,6-3 6-3 1-6 6-1,tml,tml:6179ddf2c21c,Roland Garros,1971-05-24,R128,Peter Pokorny,Paul Van Min,6-3 6-3 1-6 6-1
c875fb212237,,sackmann_vs_tml,fuzzy_name_low_confidence,0.654,sackmann,sack:7de6ba802ead,Roland Garros,1973-05-21,R128,Tom Okker,Neil Golden,6-1 6-1,tml,tml:e466c8c7c714,Roland Garros,1973-05-21,R128,Tom Okker,Julian Ganzabal,6-1 6-1
efef38a1d218,,sackmann_vs_tml,fuzzy_name_low_confidence,0.7,sackmann,sack:ddd23ec64b12,Roland Garros,1982-05-24,R128,Chris Lewis,Brent Pirow,6-3 6-3 6-3,tml,tml:41237afa06eb,Roland Garros,1982-05-24,R128,Chris Lewis,Onny Parun,6-3 6-3 6-3
6f9f735b40d2,,sackmann_vs_tml,fuzzy_name_low_confidence,0.636,sackmann,sack:5cfad92edc3e,Sacramento,1972-09-17,R16,Andrew Pattison,Raul Ramirez,6-4 7-5,tml,tml:835789a30e2b,Sacramento,1972-09-11,R16,Andrew Pattison,Bjorn Borg,6-4 7-5
c3553a44fdc0,,sackmann_vs_tml,fuzzy_name_low_confidence,0.6,sackmann,sack:5401e3ef4452,Santiago,1976-12-04,QF,Carlos Kirmayr,Patricio Cornejo,6-4 6-3,tml,tml:b11b3e7ee1fa,Santiago,1976-11-30,QF,Carlos Kirmayr,Hans Kary,6-4 6-3
12b7f3e76ddb,,sackmann_vs_tml,fuzzy_name_date_fallback_low_confidence,0.5,sackmann,sack:e44a6389edd7,Santiago,2012-01-30,F,Juan Monaco,Carlos Berlocq,6-3 6-7(1) 6-1,tml,tml:9c06ca86fcde,Vina del Mar,2012-01-30,F,Juan Monaco,Carlos Berlocq,6-3 6-7(1) 6-1
20f63278741a,,sackmann_vs_tml,fuzzy_name_date_fallback_low_confidence,0.5,sackmann,sack:d54736dcd601,Santiago,2012-01-30,QF,Juan Monaco,Albert Montanes,3-6 6-1 6-1,tml,tml:661c1c2c837e,Vina del Mar,2012-01-30,QF,Juan Monaco,Albert Montanes,3-6 6-1 6-1
1fe965dc3253,,sackmann_vs_tml,fuzzy_name_date_fallback_low_confidence,0.5,sackmann,sack:3d361d4bc879,Santiago,2012-01-30,QF,Jeremy Chardy,Frederico Gil,6-2 7-6(5),tml,tml:e0684fc8b2dc,Vina del Mar,2012-01-30,QF,Jeremy Chardy,Fred Gil,6-2 7-6(5)
be20e73b191b,,sackmann_vs_tml,fuzzy_name_date_fallback_low_confidence,0.5,sackmann,sack:b0e2caa82cbe,Santiago,2012-01-30,QF,Carlos Berlocq,Federico Delbonis,6-3 6-4,tml,tml:29157721ab90,Vina del Mar,2012-01-30,QF,Carlos Berlocq,Federico Delbonis,6-3 6-4
fedb51ab111e,,sackmann_vs_tml,fuzzy_name_date_fallback_low_confidence,0.5,sackmann,sack:b4722d48dcf8,Santiago,2012-01-30,QF,Juan Ignacio Chela,Joao Souza,5-7 7-6(6) 6-1,tml,tml:c3acd1be41fb,Vina del Mar,2012-01-30,QF,Juan Ignacio Chela,Joao Souza,5-7 7-6(6) 6-1
1f7dcf31dc6e,,sackmann_vs_tml,fuzzy_name_date_fallback_low_confidence,0.5,sackmann,sack:2fe26956d6ed,Santiago,2012-01-30,R16,Juan Monaco,Igor Andreev,6-2 6-1,tml,tml:9d48f7049ad9,Vina del Mar,2012-01-30,R16,Juan Monaco,Igor Andreev,6-2 6-1
aeb638c4e29f,,sackmann_vs_tml,fuzzy_name_date_fallback_low_confidence,0.5,sackmann,sack:516b262b10b9,Santiago,2012-01-30,R16,Albert Montanes,Rogerio Dutra Silva,7-5 6-2,tml,tml:43f3b9c53511,Vina del Mar,2012-01-30,R16,Albert Montanes,Rogerio Dutra Silva,7-5 6-2
6ee55118381a,,sackmann_vs_tml,fuzzy_name_date_fallback_low_confidence,0.5,sackmann,sack:0cd13a0a29e9,Santiago,2012-01-30,R16,Frederico Gil,Pablo Andujar,6-2 6-1,tml,tml:d3f917034790,Vina del Mar,2012-01-30,R16,Fred Gil,Pablo Andujar,6-2 6-1
6f74b7ee0518,,sackmann_vs_tml,fuzzy_name_date_fallback_low_confidence,0.5,sackmann,sack:b2b2abd4fa8f,Santiago,2012-01-30,R16,Jeremy Chardy,Leonardo Mayer,7-5 6-2,tml,tml:30774464241a,Vina del Mar,2012-01-30,R16,Jeremy Chardy,Leonardo Mayer,7-5 6-2
6fc44b653f48,,sackmann_vs_tml,fuzzy_name_date_fallback_low_confidence,0.5,sackmann,sack:14e43a9f1b9d,Santiago,2012-01-30,R16,Carlos Berlocq,Diego Junqueira,6-1 6-0,tml,tml:79b06d2167d3,Vina del Mar,2012-01-30,R16,Carlos Berlocq,Diego Junqueira,6-1 6-0
624de58b7b1a,,sackmann_vs_tml,fuzzy_name_date_fallback_low_confidence,0.5,sackmann,sack:ca61a18cc179,Santiago,2012-01-30,R16,Federico Delbonis,Thomaz Bellucci,6-2 7-5,tml,tml:4aaffab9f717,Vina del Mar,2012-01-30,R16,Federico Delbonis,Thomaz Bellucci,6-2 7-5
534c0d7d0479,,sackmann_vs_tml,fuzzy_name_date_fallback_low_confidence,0.5,sackmann,sack:1e02a52c1f49,Santiago,2012-01-30,R16,Joao Souza,Fernando Gonzalez,6-3 7-6(6),tml,tml:5e0f482f587e,Vina del Mar,2012-01-30,R16,Joao Souza,Fernando Gonzalez,6-3 7-6(6)
7aedc0858655,,sackmann_vs_tml,fuzzy_name_date_fallback_low_confidence,0.5,sackmann,sack:445c6b24d678,Santiago,2012-01-30,R16,Juan Ignacio Chela,Horacio Zeballos,6-4 7-6(2),tml,tml:c1e120e5e6a9,Vina del Mar,2012-01-30,R16,Juan Ignacio Chela,Horacio Zeballos,6-4 7-6(2)
bc88cae6c3a9,,sackmann_vs_tml,fuzzy_name_date_fallback_low_confidence,0.5,sackmann,sack:c20301397d58,Santiago,2012-01-30,R32,Igor Andreev,Paul Capdeville,3-6 6-3 6-4,tml,tml:cc8859db7ce5,Vina del Mar,2012-01-30,R32,Igor Andreev,Paul Capdeville,3-6 6-3 6-4
b3394f76c492,,sackmann_vs_tml,fuzzy_name_date_fallback_low_confidence,0.5,sackmann,sack:52ac037298d0,Santiago,2012-01-30,R32,Rogerio Dutra Silva,Maximo Gonzalez,0-6 7-6(3) 6-3,tml,tml:613f25ea289d,Vina del Mar,2012-01-30,R32,Rogerio Dutra Silva,Maximo Gonzalez,0-6 7-6(3) 6-3
0ae75bda5a7a,,sackmann_vs_tml,fuzzy_name_date_fallback_low_confidence,0.5,sackmann,sack:65ae537e624d,Santiago,2012-01-30,R32,Albert Montanes,Ruben Ramirez Hidalgo,6-2 6-4,tml,tml:2f78967ec1ce,Vina del Mar,2012-01-30,R32,Albert Montanes,Ruben Ramirez Hidalgo,6-2 6-4
f4bdca624062,,sackmann_vs_tml,fuzzy_name_date_fallback_low_confidence,0.5,sackmann,sack:da58ca90d312,Santiago,2012-01-30,R32,Frederico Gil,Paolo Lorenzi,6-3 5-7 6-1,tml,tml:ab2139dcfb57,Vina del Mar,2012-01-30,R32,Fred Gil,Paolo Lorenzi,6-3 5-7 6-1
059063042aad,,sackmann_vs_tml,fuzzy_name_date_fallback_low_confidence,0.5,sackmann,sack:9847384a3dbe,Santiago,2012-01-30,R32,Jeremy Chardy,Eric Prodon,6-4 6-3,tml,tml:b35957d4867a,Vina del Mar,2012-01-30,R32,Jeremy Chardy,Eric Prodon,6-4 6-3
0e217a44f9a9,,sackmann_vs_tml,fuzzy_name_date_fallback_low_confidence,0.5,sackmann,sack:52fab64ec00b,Santiago,2012-01-30,R32,Leonardo Mayer,Santiago Giraldo,7-6(5) 6-1,tml,tml:a87583804b97,Vina del Mar,2012-01-30,R32,Leonardo Mayer,Santiago Giraldo,7-6(5) 6-1
ac162a53d1ff,,sackmann_vs_tml,fuzzy_name_date_fallback_low_confidence,0.5,sackmann,sack:b354c11e1419,Santiago,2012-01-30,R32,Carlos Berlocq,Daniel Gimeno Traver,7-5 6-0,tml,tml:9943ecded2af,Vina del Mar,2012-01-30,R32,Carlos Berlocq,Daniel Gimeno-Traver,7-5 6-0
6b112f411d22,,sackmann_vs_tml,fuzzy_name_date_fallback_low_confidence,0.5,sackmann,sack:5b3781613d6e,Santiago,2012-01-30,R32,Diego Junqueira,Ricardo Mello,6-4 6-2,tml,tml:671bfade7d84,Vina del Mar,2012-01-30,R32,Diego Junqueira,Ricardo Mello,6-4 6-2
18ae267c8174,,sackmann_vs_tml,fuzzy_name_date_fallback_low_confidence,0.5,sackmann,sack:fb537425a66f,Santiago,2012-01-30,R32,Federico Delbonis,Nicolas Massu,6-0 6-3,tml,tml:ac76e7e755b3,Vina del Mar,2012-01-30,R32,Federico Delbonis,Nicolas Massu,6-0 6-3
c9afd7b669bc,,sackmann_vs_tml,fuzzy_name_date_fallback_low_confidence,0.5,sackmann,sack:be5b17e0510b,Santiago,2012-01-30,R32,Joao Souza,Filippo Volandri,1-6 7-5 7-6(5),tml,tml:4518e719de7a,Vina del Mar,2012-01-30,R32,Joao Souza,Filippo Volandri,1-6 7-5 7-6(5)
2b3f6f776964,,sackmann_vs_tml,fuzzy_name_date_fallback_low_confidence,0.5,sackmann,sack:27dbc6533c6c,Santiago,2012-01-30,R32,Fernando Gonzalez,Pere Riba,6-4 6-4,tml,tml:4db926f7ed72,Vina del Mar,2012-01-30,R32,Fernando Gonzalez,Pere Riba,6-4 6-4
63fc04db7c9d,,sackmann_vs_tml,fuzzy_name_date_fallback_low_confidence,0.5,sackmann,sack:03444abfccac,Santiago,2012-01-30,R32,Horacio Zeballos,Adrian Ungur,6-0 7-5,tml,tml:983409fa55ed,Vina del Mar,2012-01-30,R32,Horacio Zeballos,Adrian Ungur,6-0 7-5
2afb5e613fe0,,sackmann_vs_tml,fuzzy_name_date_fallback_low_confidence,0.5,sackmann,sack:4502d72b50c4,Santiago,2012-01-30,SF,Juan Monaco,Jeremy Chardy,6-1 6-4,tml,tml:2412e00aea00,Vina del Mar,2012-01-30,SF,Juan Monaco,Jeremy Chardy,6-1 6-4
29231c44509c,,sackmann_vs_tml,fuzzy_name_date_fallback_low_confidence,0.5,sackmann,sack:99a3af3f85b8,Santiago,2012-01-30,SF,Carlos Berlocq,Juan Ignacio Chela,6-3 4-6 6-0,tml,tml:433ecb2a2fd4,Vina del Mar,2012-01-30,SF,Carlos Berlocq,Juan Ignacio Chela,6-3 4-6 6-0
3420bf481d83,,sackmann_vs_tml,fuzzy_name_date_fallback_low_confidence,0.5,sackmann,sack:abae472ac2c5,Santiago,2013-02-04,F,Horacio Zeballos,Rafael Nadal,6-7(2) 7-6(6) 6-4,tml,tml:aa876706a5d3,Vina del Mar,2013-02-04,F,Horacio Zeballos,Rafael Nadal,6-7(2) 7-6(6) 6-4
423a59d4cd08,,sackmann_vs_tml,fuzzy_name_date_fallback_low_confidence,0.5,sackmann,sack:c38a96ab9edd,Santiago,2013-02-04,QF,Rafael Nadal,Daniel Gimeno Traver,6-1 6-4,tml,tml:84912e12d731,Vina del Mar,2013-02-04,QF,Rafael Nadal,Daniel Gimeno-Traver,6-1 6-4
79897785dbf3,,sackmann_vs_tml,fuzzy_name_date_fallback_low_confidence,0.5,sackmann,sack:25bb39b1abd9,Santiago,2013-02-04,QF,Jeremy Chardy,Paolo Lorenzi,6-2 6-3,tml,tml:6fce65a49433,Vina del Mar,2013-02-04,QF,Jeremy Chardy,Paolo Lorenzi,6-2 6-3
a5cd2372800b,,sackmann_vs_tml,fuzzy_name_date_fallback_low_confidence,0.5,sackmann,sack:26c990c10af6,Santiago,2013-02-04,QF,Carlos Berlocq,Guillaume Rufin,W/O,tml,tml:bcbe25e55094,Vina del Mar,2013-02-04,QF,Carlos Berlocq,Guillaume Rufin,W/O
944521c2a93c,,sackmann_vs_tml,fuzzy_name_date_fallback_low_confidence,0.475,sackmann,sack:fc691c2467d9,Santiago,2013-02-04,QF,Horacio Zeballos,Albert Ramos,6-1 5-7 7-6(6),tml,tml:d9f6a89f863f,Vina del Mar,2013-02-04,QF,Horacio Zeballos,Albert Ramos-Vinolas,6-1 5-7 7-6(6)
086518c2fbba,,sackmann_vs_tml,fuzzy_name_date_fallback_low_confidence,0.5,sackmann,sack:83be2804c6a2,Santiago,2013-02-04,R16,Rafael Nadal,Federico Delbonis,6-3 6-2,tml,tml:2d15bd2877b9,Vina del Mar,2013-02-04,R16,Rafael Nadal,Federico Delbonis,6-3 6-2
029078506a7d,,sackmann_vs_tml,fuzzy_name_date_fallback_low_confidence,0.5,sackmann,sack:69bcffea00cd,Santiago,2013-02-04,R16,Daniel Gimeno Traver,Albert Montanes,6-4 6-4,tml,tml:516003a9692f,Vina del Mar,2013-02-04,R16,Daniel Gimeno-Traver,Albert Montanes,6-4 6-4
eb880d695594,,sackmann_vs_tml,fuzzy_name_date_fallback_low_confidence,0.5,sackmann,sack:d1c8e854efd6,Santiago,2013-02-04,R16,Jeremy Chardy,Cristian Garin,4-6 6-3 6-2,tml,tml:8650729fc776,Vina del Mar,2013-02-04,R16,Jeremy Chardy,Cristian Garin,4-6 6-3 6-2
53012eb36975,,sackmann_vs_tml,fuzzy_name_date_fallback_low_confidence,0.5,sackmann,sack:0b00987361d9,Santiago,2013-02-04,R16,Paolo Lorenzi,Tommy Robredo,6-4 6-4,tml,tml:11e028fa24a8,Vina del Mar,2013-02-04,R16,Paolo Lorenzi,Tommy Robredo,6-4 6-4
e63069bd0f92,,sackmann_vs_tml,fuzzy_name_date_fallback_low_confidence,0.5,sackmann,sack:a8c01dee5199,Santiago,2013-02-04,R16,Horacio Zeballos,Pablo Andujar,6-3 6-3,tml,tml:d775132fd835,Vina del Mar,2013-02-04,R16,Horacio Zeballos,Pablo Andujar,6-3 6-3
9be787e6a84e,,sackmann_vs_tml,fuzzy_name_date_fallback_low_confidence,0.5,sackmann,sack:cf02c55a698c,Santiago,2013-02-04,R16,Carlos Berlocq,Santiago Giraldo,7-5 4-6 6-4,tml,tml:c3d90de9870d,Vina del Mar,2013-02-04,R16,Carlos Berlocq,Santiago Giraldo,7-5 4-6 6-4
a9d528719ff2,,sackmann_vs_tml,fuzzy_name_date_fallback_low_confidence,0.5,sackmann,sack:ac2e634c12e5,Santiago,2013-02-04,R16,Guillaume Rufin,Juan Monaco,7-6(3) 6-4,tml,tml:36a1cf28a2cd,Vina del Mar,2013-02-04,R16,Guillaume Rufin,Juan Monaco,7-6(3) 6-4
cc18fd581865,,sackmann_vs_tml,fuzzy_name_date_fallback_low_confidence,0.475,sackmann,sack:020f7031659a,Santiago,2013-02-04,R16,Albert Ramos,Filippo Volandri,6-7(5) 6-3 7-5,tml,tml:56761f8d328e,Vina del Mar,2013-02-04,R16,Albert Ramos-Vinolas,Filippo Volandri,6-7(5) 6-3 7-5
50421bcfce4c,,sackmann_vs_tml,fuzzy_name_date_fallback_low_confidence,0.5,sackmann,sack:64cd23b71001,Santiago,2013-02-04,R32,Federico Delbonis,Guido Pella,2-6 7-6(4) 7-6(1),tml,tml:f07a5c517443,Vina del Mar,2013-02-04,R32,Federico Delbonis,Guido Pella,2-6 7-6(4) 7-6(1)
a9b3bb394fab,,sackmann_vs_tml,fuzzy_name_date_fallback_low_confidence,0.5,sackmann,sack:20fa7b4d85c8,Santiago,2013-02-04,R32,Albert Montanes,Nicolas Massu,6-7(6) 6-3 6-4,tml,tml:07601a933580,Vina del Mar,2013-02-04,R32,Albert Montanes,Nicolas Massu,6-7(6) 6-3 6-4
735d91cc4256,,sackmann_vs_tml,fuzzy_name_date_fallback_low_confidence,0.5,sackmann,sack:29f3cfb58e85,Santiago,2013-02-04,R32,Daniel Gimeno Traver,Joao Sousa,6-4 4-6 6-1,tml,tml:2143e65bdf4a,Vina del Mar,2013-02-04,R32,Daniel Gimeno-Traver,Joao Sousa,6-4 4-6 6-1
7cd395f2decd,,sackmann_vs_tml,fuzzy_name_date_fallback_low_confidence,0.5,sackmann,sack:159bf4aaf519,Santiago,2013-02-04,R32,Cristian Garin,Dusan Lajovic,6-3 6-4,tml,tml:e0597a3aad62,Vina del Mar,2013-02-04,R32,Cristian Garin,Dusan Lajovic,6-3 6-4
0cc0b0798298,,sackmann_vs_tml,fuzzy_name_date_fallback_low_confidence,0.5,sackmann,sack:567c9cd96592,Santiago,2013-02-04,R32,Tommy Robredo,Pere Riba,6-2 6-2,tml,tml:19f39a8d3a70,Vina del Mar,2013-02-04,R32,Tommy Robredo,Pere Riba,6-2 6-2
41e7ec01ca1a,,sackmann_vs_tml,fuzzy_name_date_fallback_low_confidence,0.5,sackmann,sack:ade05129c309,Santiago,2013-02-04,R32,Paolo Lorenzi,Gianluca Naso,6-1 6-4,tml,tml:21c4c9d8c47d,Vina del Mar,2013-02-04,R32,Paolo Lorenzi,Gianluca Naso,6-1 6-4
88a6174e518e,,sackmann_vs_tml,fuzzy_name_date_fallback_low_confidence,0.5,sackmann,sack:3c3bc6b99bd3,Santiago,2013-02-04,R32,Filippo Volandri,Leonardo Mayer,6-2 6-1,tml,tml:138e8bc51d4f,Vina del Mar,2013-02-04,R32,Filippo Volandri,Leonardo Mayer,6-2 6-1
ac6a07e72aa7,,sackmann_vs_tml,fuzzy_name_date_fallback_low_confidence,0.5,sackmann,sack:a1b23646e459,Santiago,2013-02-04,R32,Horacio Zeballos,Diego Schwartzman,1-6 6-2 6-2,tml,tml:2bfd8bccd6a6,Vina del Mar,2013-02-04,R32,Horacio Zeballos,Diego Schwartzman,1-6 6-2 6-2
a4a531adba0c,,sackmann_vs_tml,fuzzy_name_date_fallback_low_confidence,0.5,sackmann,sack:40e609de698a,Santiago,2013-02-04,R32,Carlos Berlocq,Andrey Kuznetsov,6-2 6-1,tml,tml:826fbba63b22,Vina del Mar,2013-02-04,R32,Carlos Berlocq,Andrey Kuznetsov,6-2 6-1
fd20405d69da,,sackmann_vs_tml,fuzzy_name_date_fallback_low_confidence,0.5,sackmann,sack:4d87fef1f269,Santiago,2013-02-04,R32,Santiago Giraldo,Martin Alund,4-6 7-5 6-3,tml,tml:b611ce4f7e7d,Vina del Mar,2013-02-04,R32,Santiago Giraldo,Martin Alund,4-6 7-5 6-3
7706ec333828,,sackmann_vs_tml,fuzzy_name_date_fallback_low_confidence,0.5,sackmann,sack:2f919eefff1b,Santiago,2013-02-04,R32,Guillaume Rufin,Ruben Ramirez Hidalgo,6-3 6-4,tml,tml:b310a6246ff6,Vina del Mar,2013-02-04,R32,Guillaume Rufin,Ruben Ramirez Hidalgo,6-3 6-4
f3b277dd5133,,sackmann_vs_tml,fuzzy_name_date_fallback_low_confidence,0.475,sackmann,sack:28071874a558,Santiago,2013-02-04,R32,Albert Ramos,Rogerio Dutra Silva,6-4 6-1,tml,tml:7e67e89df39d,Vina del Mar,2013-02-04,R32,Albert Ramos-Vinolas,Rogerio Dutra Silva,6-4 6-1
7036ab45e151,,sackmann_vs_tml,fuzzy_name_date_fallback_low_confidence,0.5,sackmann,sack:8dcd344a3ff9,Santiago,2013-02-04,SF,Rafael Nadal,Jeremy Chardy,6-2 6-2,tml,tml:f263bd5aa988,Vina del Mar,2013-02-04,SF,Rafael Nadal,Jeremy Chardy,6-2 6-2
6dd6318f4a85,,sackmann_vs_tml,fuzzy_name_date_fallback_low_confidence,0.5,sackmann,sack:271c3abecf59,Santiago,2013-02-04,SF,Horacio Zeballos,Carlos Berlocq,6-3 7-6(4),tml,tml:6dd23f09656b,Vina del Mar,2013-02-04,SF,Horacio Zeballos,Carlos Berlocq,6-3 7-6(4)
98eaf6c3c3c4,,sackmann_vs_tml,fuzzy_name_low_confidence,0.615,sackmann,sack:de0740037c95,Sofia,1980-12-15,QF,Vadim Borisov,Andrei Dirzu,6-4 5-7 6-2,tml,tml:09428694a04b,Sofia,1980-12-15,QF,Vadim Borisov,Thomas Emmrich,6-4 5-7 6-2
d624fa211681,,sackmann_vs_tml,fuzzy_name_low_confidence,0.727,sackmann,sack:d01fd0492c91,St. Louis WCT,1972-07-01,R32,Allan Stone,Fred Stolle,6-3 1-6 6-0,tml,tml:c1a3dca7a76b,St. Louis WCT,1972-06-26,R32,Fred Stolle,Doug Stone,6-3 1-6 6-0
7fa0a338028a,,sackmann_vs_tml,fuzzy_name_low_confidence,0.667,sackmann,sack:38d3a69e5584,Stowe,1981-08-10,R16,Gilles Moretton,Morris Skip Strode,7-6 6-7 7-6,tml,tml:7d2a54a93a89,Stowe,1981-08-10,R16,Gilles Moretton,Lloyd Bourne,7-6 6-7 7-6
c108fb75e377,,sackmann_vs_tml,fuzzy_name_low_confidence,0.48,sackmann,sack:7ecd04b019ba,Tampa,1991-04-29,QF,Pablo Arraya,Kelly Evernden,6-7(3) 6-4 6-1,tml,tml:a3b78d26f26f,Charlotte,1991-05-06,QF,Jimmy Arias,Richey Reneberg,6-4 6-2
72a86a27c771,,sackmann_vs_tml,fuzzy_name_low_confidence,0.46,sackmann,sack:f89a70464afc,Tampa,1991-04-29,QF,Chris Garner,Javier Frana,4-6 7-6(5) 7-6(5),tml,tml:0da56b096d6e,Charlotte,1991-05-06,QF,Javier Frana,Pablo Arraya,6-4 RET
ee5add3d37ac,,sackmann_vs_tml,fuzzy_name_low_confidence,0.733,sackmann,sack:d8c7f4f6a3f4,Tampa,1991-04-29,R16,Malivai Washington,Bryan Shelton,7-6(3) 7-6(4),tml,tml:58626afa4703,Charlotte,1991-05-06,R16,MaliVai Washington,Christian Saceanu,6-3 6-4
e6de76f4cadc,,sackmann_vs_tml,fuzzy_name_low_confidence,0.7,sackmann,sack:f0e0c09c9e68,Tampa,1991-04-29,R16,Pablo Arraya,Nicklas Kroon,5-7 6-4 7-6(0),tml,tml:e3fc9291e11f,Charlotte,1991-05-06,R16,Pablo Arraya,Diego Nargiso,2-6 6-4 7-6(3)
333df7a61e5a,,sackmann_vs_tml,fuzzy_name_low_confidence,0.63,sackmann,sack:e5b0735a0054,Tampa,1991-04-29,R16,Richey Reneberg,Bruno Oresar,6-3 6-4,tml,tml:a45ee6123d50,Charlotte,1991-05-06,R16,Richey Reneberg,Martin Wostenholme,4-6 6-0 6-3
0fdcf7bfb41e,,sackmann_vs_tml,fuzzy_name_low_confidence,0.483,sackmann,sack:f53e8f516f48,Tampa,1991-04-29,R16,Mikael Pernfors,Christian Saceanu,6-4 6-2,tml,tml:8f61ae2e9923,Charlotte,1991-05-06,R16,Michael Chang,Bryan Shelton,6-7(5) 6-4 7-5
6f4d91f95048,,sackmann_vs_tml,fuzzy_name_low_confidence,0.714,sackmann,sack:c7f178571dbd,Tampa,1991-04-29,R32,Mikael Pernfors,David Pate,6-3 6-2,tml,tml:18b77fabb61f,Charlotte,1991-05-06,R32,Brad Pearce,David Pate,3-6 6-3 7-6(3)
2f6ddb83fb7e,,sackmann_vs_tml,fuzzy_name_low_confidence,0.714,sackmann,sack:b4f0d20f9930,Tampa,1991-04-29,R32,Javier Frana,Danilo Marcelino,6-4 6-1,tml,tml:de7e11990a8e,Charlotte,1991-05-06,R32,Javier Frana,Brian Garrow,7-6(3) 6-3
3ba9f9ed6bb2,,sackmann_vs_tml,fuzzy_name_low_confidence,0.667,sackmann,sack:317d153c7693,Tampa,1991-04-29,R32,Petr Korda,Rick Leach,6-3 6-2,tml,tml:f6c011c88b21,Charlotte,1991-05-06,R32,Petr Korda,Jim Pugh,6-1 6-3
b6aeab5b2821,,sackmann_vs_tml,fuzzy_name_low_confidence,0.661,sackmann,sack:f8fb8af9e1bc,Tampa,1991-04-29,R32,Richey Reneberg,Lawson Duncan,7-6(3) 6-2,tml,tml:bc9d5cab8c47,Charlotte,1991-05-06,R32,Richey Reneberg,Raul Antonio Viver,6-4 7-5
8986df451958,,sackmann_vs_tml,fuzzy_name_low_confidence,0.633,sackmann,sack:5841b3e5c25d,Tampa,1991-04-29,R32,Jimmy Brown,Pedro Rebolledo,6-0 6-2,tml,tml:c11259d27016,Charlotte,1991-05-06,R32,Jimmy Brown,Andrew Sznajder,6-1 3-6 6-4
11e7680f451b,,sackmann_vs_tml,fuzzy_name_low_confidence,0.63,sackmann,sack:15ef73d11a54,Tampa,1991-04-29,R32,Jimmy Arias,Jim Pugh,6-2 6-3,tml,tml:9ecbff6bed42,Charlotte,1991-05-06,R32,Jimmy Arias,Thomas Hogstedt,6-3 6-3
d4197a2a4def,,sackmann_vs_tml,fuzzy_name_low_confidence,0.625,sackmann,sack:55ae8aceacdf,Tampa,1991-04-29,R32,Pablo Arraya,Andrew Sznajder,6-4 3-6 6-1,tml,tml:d1cc1f86e951,Charlotte,1991-05-06,R32,Pablo Arraya,Derrick Rostagno,7-6(3) 6-3
311951cfeb9e,,sackmann_vs_tml,fuzzy_name_low_confidence,0.625,sackmann,sack:d886bf37410d,Tampa,1991-04-29,R32,Christian Saceanu,Diego Perez,6-7(8) 7-6(0) 6-3,tml,tml:a381066caaed,Charlotte,1991-05-06,R32,Christian Saceanu,Scott Davis,6-1 3-6 6-0
05965d45b77c,,sackmann_vs_tml,fuzzy_name_low_confidence,0.6,sackmann,sack:bb9ca6f08228,Tampa,1991-04-29,R32,Bryan Shelton,Todd Martin,2-6 6-3 7-5,tml,tml:446187c3ac58,Charlotte,1991-05-06,R32,Bryan Shelton,Stefano Pescosolido,6-2 6-2
85258591e42b,,sackmann_vs_tml,fuzzy_name_low_confidence,0.707,sackmann,sack:97afcea81c1f,Tampa,1992-04-13,QF,Malivai Washington,Marcelo Filippini,4-6 7-6(7) 6-4,tml,tml:9accfe819ea9,Charlotte,1992-05-04,QF,MaliVai Washington,Franco Davin,6-3 7-5
f74f8dfef469,,sackmann_vs_tml,fuzzy_name_low_confidence,0.688,sackmann,sack:aa9d208a4982,Tampa,1992-04-13,QF,Jaime Yzaga,Mark Woodforde,4-6 6-0 7-5,tml,tml:dee5638e84be,Charlotte,1992-05-04,QF,Luiz Mattar,Mark Woodforde,6-4 6-3
562fca31cd7c,,sackmann_vs_tml,fuzzy_name_low_confidence,0.636,sackmann,sack:608f701eaf0a,Tampa,1992-04-13,QF,Claudio Mezzadri,Marcos Aurelio Gorriz,7-5 6-1,tml,tml:80f5c0020ce9,Charlotte,1992-05-04,QF,Claudio Mezzadri,Richard Fromberg,7-6(3) 6-7(5) 6-2
763b9bca410e,,sackmann_vs_tml,fuzzy_name_low_confidence,0.682,sackmann,sack:6b435a47869a,Tampa,1992-04-13,R16,Malivai Washington,Fernando Roese,7-6(6) 4-6 6-1,tml,tml:48100b4272f7,Charlotte,1992-05-04,R16,MaliVai Washington,Chris Garner,6-3 6-0
37da6ebf3f98,,sackmann_vs_tml,fuzzy_name_low_confidence,0.667,sackmann,sack:df23e548c807,Tampa,1992-04-13,R16,Mark Woodforde,Todd Witsken,6-7(5) 6-1 6-3,tml,tml:3afd36cfe641,Charlotte,1992-05-04,R16,Aaron Krickstein,Todd Witsken,6-3 6-1
6c54c5ed6d25,,sackmann_vs_tml,fuzzy_name_low_confidence,0.654,sackmann,sack:1ea67bd1553d,Tampa,1992-04-13,R16,Franco Davin,Jean Philippe Fleurian,4-6 6-3 6-4,tml,tml:1318a0911143,Charlotte,1992-05-04,R16,Franco Davin,Jim Grabb,6-3 4-6 7-6(4)
ab6c3a1e201a,,sackmann_vs_tml,fuzzy_name_low_confidence,0.488,sackmann,sack:b38a1abadc70,Tampa,1992-04-13,R16,Marcelo Filippini,Bryan Shelton,3-6 6-3 6-4,tml,tml:34e7ec751f7a,Charlotte,1992-05-04,R16,Luiz Mattar,David Wheaton,6-7(4) 6-2 6-4
2b3fa61346fb,,sackmann_vs_tml,fuzzy_name_low_confidence,0.728,sackmann,sack:b809eb01f004,Tampa,1992-04-13,R32,Martin Strelba,Javier Frana,6-3 6-4,tml,tml:c1b72653c067,Charlotte,1992-05-04,R32,Todd Martin,Pablo Arraya,7-6(0) 3-6 6-1
8268fd5c1fb2,,sackmann_vs_tml,fuzzy_name_low_confidence,0.726,sackmann,sack:366bc69c9eaa,Tampa,1992-04-13,R32,Franco Davin,Richard Fromberg,6-4 6-3,tml,tml:e11874c7778b,Charlotte,1992-05-04,R32,Franco Davin,Patrick McEnroe,6-2 7-6(5)
b0888b841100,,sackmann_vs_tml,fuzzy_name_low_confidence,0.69,sackmann,sack:f0d3c9026785,Tampa,1992-04-13,R32,Mark Woodforde,Roberto Azar,6-4 6-3,tml,tml:e17207f85748,Charlotte,1992-05-04,R32,Todd Witsken,Roberto Azar,6-3 6-2
70127e1eee06,,sackmann_vs_tml,fuzzy_name_low_confidence,0.681,sackmann,sack:d5aa55b07e1b,Tampa,1992-04-13,R32,Fernando Roese,Marcelo Ingaramo,7-5 6-2,tml,tml:7f090fc2d031,Charlotte,1992-05-04,R32,Richard Fromberg,Marcelo Filippini,2-6 6-0 7-5
2b7a0a4d9660,,sackmann_vs_tml,fuzzy_name_low_confidence,0.643,sackmann,sack:ce2f10c1d720,Tampa,1992-04-13,R32,Claudio Mezzadri,Petr Korda,6-2 4-6 6-3,tml,tml:8763dfad163e,Charlotte,1992-05-04,R32,Claudio Mezzadri,Jaime Yzaga,6-3 1-6 7-6(9)
63d7689a0cd5,,sackmann_vs_tml,fuzzy_name_low_confidence,0.635,sackmann,sack:017332bdf25a,Tampa,1992-04-13,R32,Bryan Shelton,Pablo Arraya,7-5 6-4,tml,tml:773a7a27f47a,Charlotte,1992-05-04,R32,Francisco Roig,Pablo Albano,6-0 6-1
a16d49dd0c65,,sackmann_vs_tml,fuzzy_name_low_confidence,0.629,sackmann,sack:1b897cc366e6,Tampa,1992-04-13,R32,Claudio Pistolesi,Eduardo Masso,6-4 6-1,tml,tml:a64bd1530bf3,Charlotte,1992-05-04,R32,Mark Woodforde,Eduardo Masso,6-3 7-6(7)
04f6e9ad033f,,sackmann_vs_tml,fuzzy_name_low_confidence,0.62,sackmann,sack:a8e97ae59788,Tampa,1992-04-13,R32,Marcos Aurelio Gorriz,Jared Palmer,6-2 3-6 6-4,tml,tml:81bdf4ca4e3f,Charlotte,1992-05-04,R32,Marcos Aurelio Gorriz,Bryan Shelton,6-7(3) 6-4 6-2
436a14dd48e6,,sackmann_vs_tml,fuzzy_name_low_confidence,0.711,sackmann,sack:f3c9ba0fa3fe,Tampa,1992-04-13,SF,Malivai Washington,Franco Davin,6-3 4-6 6-2,tml,tml:349d6c73c0d8,Charlotte,1992-05-04,SF,MaliVai Washington,Jeff Tarango,6-4 6-4
2a755759155c,,sackmann_vs_tml,fuzzy_name_low_confidence,0.481,sackmann,sack:3f3d60fac552,Tampa,1992-04-13,SF,Jaime Yzaga,Claudio Mezzadri,5-7 6-4 7-6(5),tml,tml:abd294cadfe7,Charlotte,1992-05-04,SF,Claudio Mezzadri,Luiz Mattar,6-3 3-6 7-5
c528dde8f379,,sackmann_vs_tml,fuzzy_name_low_confidence,0.667,sackmann,sack:f1562d9bc43a,Tampa,1993-05-03,QF,Jaime Yzaga,Todd Martin,7-6(3) 4-6 6-1,tml,tml:8b4f0471bb0d,Charlotte,1993-04-12,QF,Jaime Yzaga,Bryan Shelton,6-4 6-4
4b827a4459f5,,sackmann_vs_tml,fuzzy_name_low_confidence,0.615,sackmann,sack:37861d323b9d,Tampa,1993-05-03,R16,Todd Martin,Todd Woodbridge,6-2 7-5,tml,tml:e25198fdd70f,Charlotte,1993-04-12,R16,Todd Martin,Joao Cunha-Silva,6-3 3-6 7-5
9aeb68e6afa3,,sackmann_vs_tml,fuzzy_name_low_confidence,0.476,sackmann,sack:afec2769fd34,Tampa,1993-05-03,R16,Patrick McEnroe,Karsten Braasch,6-0 6-3,tml,tml:ff478432771c,Charlotte,1993-04-12,R16,Derrick Rostagno,Jimmy Arias,6-7(5) 6-4 6-3
4fa282173562,,sackmann_vs_tml,fuzzy_name_low_confidence,0.717,sackmann,sack:2f711b95d079,Tampa,1993-05-03,R32,Jaime Yzaga,Aaron Krickstein,6-4 3-6 6-4,tml,tml:1bce92ef43dc,Charlotte,1993-04-12,R32,Jaime Yzaga,Sergio Cortes,6-2 6-2
7dcea2ec9c61,,sackmann_vs_tml,fuzzy_name_low_confidence,0.688,sackmann,sack:6ce18406eee2,Tampa,1993-05-03,R32,Todd Martin,Oliver Fernandez,4-6 6-4 6-1,tml,tml:b526b9061d0a,Charlotte,1993-04-12,R32,Todd Martin,Slava Dosedel,6-3 6-2
6cf27d48658a,,sackmann_vs_tml,fuzzy_name_low_confidence,0.682,sackmann,sack:57f8e3cc1b19,Tampa,1993-05-03,R32,Karsten Braasch,Marcos Aurelio Gorriz,7-5 6-1,tml,tml:6844806c7f67,Charlotte,1993-04-12,R32,Nicolas Pereira,Marcos Aurelio Gorriz,6-3 6-4
7d90b85f9dc3,,sackmann_vs_tml,fuzzy_name_low_confidence,0.679,sackmann,sack:ef9e950ab2c5,Tampa,1993-05-03,R32,Mikael Pernfors,Vincent Spadea,6-1 3-0 RET,tml,tml:820af3536cf2,Charlotte,1993-04-12,R32,Mikael Pernfors,Martin Strelba,7-5 6-0
438c6c5f004f,,sackmann_vs_tml,fuzzy_name_low_confidence,0.637,sackmann,sack:2bd787b05bb1,Tampa,1993-05-03,R32,David Wheaton,Sandon Stolle,6-1 6-1,tml,tml:ca9189ba96c8,Charlotte,1993-04-12,R32,David Witt,MaliVai Washington,2-6 6-3 6-3
f20cdd1ea930,,sackmann_vs_tml,fuzzy_name_low_confidence,0.472,sackmann,sack:c7ec6d082d09,Tampa,1993-05-03,R32,Alex Obrien,Jonathan Stark,6-4 6-4,tml,tml:6df0cb2e05b1,Charlotte,1993-04-12,R32,Horacio de la Pena,Jeff Tarango,7-6(5) 6-1
a8811405dea8,,sackmann_vs_tml,fuzzy_name_low_confidence,0.45,sackmann,sack:67c0ce3d08c5,Tampa,1993-05-03,R32,Richey Reneberg,Gilbert Schaller,6-2 6-4,tml,tml:ae6336c30502,Charlotte,1993-04-12,R32,Jacco Eltingh,Roberto Azar,6-3 6-2
72314d1ce637,,sackmann_vs_tml,fuzzy_name_low_confidence,0.69,sackmann,sack:8a3c445246af,Tampa,1993-05-03,SF,Jaime Yzaga,Patrick McEnroe,7-6(5) 6-3,tml,tml:bf0d9c4b762b,Charlotte,1993-04-12,SF,Jaime Yzaga,Todd Martin,6-2 2-6 6-2
a5a25370a405,,sackmann_vs_tml,fuzzy_name_low_confidence,0.636,sackmann,sack:d1db8edfe482,Tel Aviv,1985-10-14,R32,Florin Segarceanu,Juan Antonio Rodriguez,7-6 1-6 6-4,tml,tml:22f66dd821a0,Tel Aviv,1985-10-14,R32,Florin Segarceanu,Christo Steyn,W/O
6aa90b2a4ac0,,sackmann_vs_tml,fuzzy_name_low_confidence,0.45,sackmann,sack:e3bdac0655cd,Tokyo WCT,1974-04-08,QF,Juan Gisbert,Paul Gerken,7-6 6-1,tml,tml:951dc81f5f24,Tokyo-2,1974-10-07,QF,John Newcombe,Onny Parun,7-5 6-3
084b92f61695,,sackmann_vs_tml,fuzzy_name_low_confidence,0.722,sackmann,sack:7c826a5a7588,Tokyo WCT,1974-04-08,R16,Juan Gisbert,Jun Kamiwazumi,2-6 6-1 7-6,tml,tml:a48e7e3b286c,Tokyo-2,1974-10-07,R16,Roscoe Tanner,Jun Kamiwazumi,6-0 6-0
d115f01498c9,,sackmann_vs_tml,fuzzy_name_low_confidence,0.562,sackmann,sack:64523efc3ace,Tokyo WCT,1974-04-08,R16,Onny Parun,Eddie Dibbs,6-3 4-6 6-2,tml,tml:3b810f57a6b3,Tokyo-2,1974-10-07,R16,Onny Parun,Yuji Tezuka,6-3 6-3
59bb12d59edb,,sackmann_vs_tml,fuzzy_name_low_confidence,0.509,sackmann,sack:4db9bedefe91,Tokyo WCT,1974-04-08,R16,Rod Laver,Fred Stolle,6-2 4-6 6-2,tml,tml:11d94f1596d1,Tokyo-2,1974-10-07,R16,Dick Stockton,Fred McNair IV,5-7 7-6 6-2
745892c0af37,,sackmann_vs_tml,fuzzy_name_low_confidence,0.7,sackmann,sack:e18b5eee1797,Tokyo WCT,1974-04-08,R32,Jun Kamiwazumi,Ion Tiriac,6-3 6-3,tml,tml:4bc2261153e9,Tokyo-2,1974-10-07,R32,Jun Kamiwazumi,Marcelo Lara,6-1 6-2
3957a5f83a77,,sackmann_vs_tml,fuzzy_name_low_confidence,0.681,sackmann,sack:1b0792f8021a,Tokyo WCT,1974-04-08,R32,Fred Stolle,Graham Stilwell,6-3 6-3,tml,tml:0bf35bf499e5,Tokyo-2,1974-10-07,R32,Fred McNair IV,Mike Estep,6-1 6-4
a7d721c686f2,,sackmann_vs_tml,fuzzy_name_low_confidence,0.618,sackmann,sack:5c74486f149f,Tokyo WCT,1974-04-08,R32,Tito Vazquez,Isao Watanabe,5-7 6-2 6-1,tml,tml:9997f48218ca,Tokyo-2,1974-10-07,R32,Jurgen Fassbender,Isao Watanabe,7-5 6-1
015afcdaa3d1,,sackmann_vs_tml,fuzzy_name_low_confidence,0.591,sackmann,sack:72e174b2838d,Tokyo WCT,1974-04-08,R32,Onny Parun,Keishiro Yanagi,6-3 6-2,tml,tml:849a9999186b,Tokyo-2,1974-10-07,R32,Onny Parun,Ray Ruffels,6-4 6-3
b82d10cd57cf,,sackmann_vs_tml,fuzzy_name_low_confidence,0.559,sackmann,sack:dcd5cf913b20,Tokyo WCT,1974-04-08,R32,Roscoe Tanner,Tom Edlefsen,4-6 6-1 7-6,tml,tml:16d143fde72c,Tokyo-2,1974-10-07,R32,Roscoe Tanner,Akifumi Machidori,6-2 6-0
d4246e9f06df,,sackmann_vs_tml,fuzzy_name_low_confidence,0.51,sackmann,sack:0bec9840cac0,Tokyo WCT,1974-04-08,R32,Gerald Battrick,Yuji Tezuka,6-2 6-0,tml,tml:d441eb8eedc6,Tokyo-2,1974-10-07,R32,Kim Warwick,Moon Il Kim,6-2 6-3
30e0b3415d27,,sackmann_vs_tml,fuzzy_name_low_confidence,0.47,sackmann,sack:49a562cf6bf0,Tokyo WCT,1974-04-08,R32,Rod Laver,Antonio Munoz,6-2 6-4,tml,tml:b48b011177be,Tokyo-2,1974-10-07,R32,Ross Case,Toshiro Sakai,6-2 6-4
3299a7ff6e1c,,sackmann_vs_tml,fuzzy_name_low_confidence,0.467,sackmann,sack:39d3f57ef25c,Tokyo WCT,1974-04-08,R32,Paul Gerken,Arthur Ashe,3-6 6-3 6-3,tml,tml:00c67b6196d6,Tokyo-2,1974-10-07,R32,Yuji Tezuka,Ismail El Shafei,6-3 6-4
e6ba22f28458,,sackmann_vs_tml,fuzzy_name_low_confidence,0.45,sackmann,sack:c840bd63e30a,Tokyo WCT,1974-04-08,R32,Roger Taylor,Jan Kodes,6-3 7-6,tml,tml:2f7b833ade28,Tokyo-2,1974-10-07,R32,Ken Rosewall,Kiyoski Tanabe,6-1 6-2
7fc6ef013611,,sackmann_vs_tml,fuzzy_name_low_confidence,0.591,sackmann,sack:12a1052c7a63,Valencia,1973-03-26,R64,Nicholas Kalogeropoulos,U Unknown,4-6 7-6 6-1,tml,tml:d21a83f38318,Valencia,1973-03-26,R64,Nicholas Kalogeropoulos,William Lloyd,4-6 7-6 6-1
5ec5f172444a,,sackmann_vs_tml,fuzzy_name_low_confidence,0.607,sackmann,sack:b3c889a665b6,Wimbledon,1973-06-25,R128,Toshiro Sakai,Jean Paul Meyer,6-1 3-6 9-8 6-4,tml,tml:236ca1bef818,Wimbledon,1973-06-25,R128,Toshiro Sakai,Frew McMillan,6-1 3-6 9-8 6-4
